PDB_ID	H_chain_ID	L_chain_ID	Ag_chain_ID(s)	Affinity_KD(nM)	Affinity_method	Affinity_temp(K)	Remark
5zxv	C	D	B	57.6	SPR	N.A.	N.A.
6a0z	H	L	A	53	SPR	N.A.	N.A.
6a3w	J	K	L	2.3	SPR	298	N.A.
6a4k	H	L	A	35.26	SPR	298	N.A.
6a67	H	L	A	1.004	SPR	310	N.A.
6a77	H	L	A	N.A.	N.A.	N.A.	B5209B Fab-ROBO1 Ig5 complex
6a78	H	L	A;B	239	ITC	N.A.	B5209B scFv(WT)-ROBO1Ig5 complex
6a79	H	L	A;B	8.2	ITC	N.A.	B5209B scFv(P103HA)-ROBO1Ig5
6a96	L	N.A.	B;C	N.A.	N.A.	N.A.	N.A.
6ad7	C	D	A	N.A.	N.A.	N.A.	N.A.
6ad8	C	D	A	N.A.	N.A.	N.A.	N.A.
6ada	C	D	A	N.A.	N.A.	N.A.	N.A.
6adb	C	D	A	N.A.	N.A.	N.A.	N.A.
6adc	C	D	A	N.A.	N.A.	N.A.	N.A.
6aj9	D	E	A	N.A.	N.A.	N.A.	N.A.
6aj9	H	L	C	N.A.	N.A.	N.A.	N.A.
6al0	H	L	A	N.A.	N.A.	N.A.	N.A.
6al1	H	L	A	N.A.	N.A.	N.A.	N.A.
6dbf	B	N.A.	A	N.A.	N.A.	N.A.	N.A.
6dbg	C	N.A.	B	N.A.	N.A.	N.A.	N.A.
6dc3	H	L	F	34	SPR	N.A.	N.A.
6dc5	B	C	A	0.12	SPR	N.A.	N.A.
6ddm	B	A	C	0.42	ITC	298	N.A.
6ddr	B	A	C	0.94	ITC	298	N.A.
6ddv	B	A	C	5.78	ITC	298	N.A.
6de7	D	E	B;G	N.A.	N.A.	N.A.	N.A.
6de7	H	L	G	N.A.	N.A.	N.A.	N.A.
6dfg	H	L	A	N.A.	N.A.	N.A.	N.A.
6dfh	H	L	A	N.A.	N.A.	N.A.	N.A.
6dfi	H	L	E	N.A.	N.A.	N.A.	N.A.
6dfj	H	L	E	N.A.	N.A.	N.A.	N.A.
6djp	C	D	A	N.A.	N.A.	N.A.	N.A.
6djp	E	F	B	N.A.	N.A.	N.A.	N.A.
6dkj	H	L	C	0.061	kinetic exclusion assay	N.A.	N.A.
6do1	C	N.A.	A	N.A.	N.A.	N.A.	N.A.
6dzv	B	C	A	N.A.	N.A.	N.A.	N.A.
6dzz	B	C	A	N.A.	N.A.	N.A.	N.A.
6e1k	F	E	A	N.A.	N.A.	N.A.	N.A.
6e4x	Z	Y	B	N.A.	N.A.	N.A.	N.A.
6e56	H	J	A	N.A.	N.A.	N.A.	N.A.
6e5p	O	P	A;C	N.A.	N.A.	N.A.	N.A.
6e62	H	L	P	3.2	BLI	N.A.	N.A.
6e63	H	L	P	3.7	BLI	N.A.	N.A.
6gjq	B	N.A.	A	25	ITC	293	N.A.
6gjs	B	N.A.	A	N.A.	N.A.	N.A.	N.A.
6gjs	C	N.A.	A	37.9	ITC	293	N.A.
6gju	B	N.A.	A	37.9	ITC	293	N.A.
6gju	C	N.A.	A	54	ITC	293	N.A.
6gk4	B	N.A.	A	N.A.	N.A.	N.A.	N.A.
6gk4	C	N.A.	A	39	ITC	293	N.A.
6gkd	B	N.A.	A	N.A.	N.A.	N.A.	N.A.
6gkd	H	N.A.	F	1100	ITC	293	N.A.
6gku	H	L	A	0.9	SPR	N.A.	N.A.
6glw	H	L	A	N.A.	N.A.	N.A.	N.A.
6glx	H	L	A	N.A.	N.A.	N.A.	N.A.
6gs1	H	N.A.	A	N.A.	N.A.	N.A.	N.A.
6gs4	H	N.A.	A	N.A.	N.A.	N.A.	N.A.
6gs7	H	N.A.	A	N.A.	N.A.	N.A.	N.A.
6gv1	H	L	A	N.A.	N.A.	N.A.	N.A.
6gwn	B	N.A.	A	N.A.	N.A.	N.A.	N.A.
6gwn	C	N.A.	A	N.A.	N.A.	N.A.	N.A.
6gwp	B	N.A.	A	N.A.	N.A.	N.A.	N.A.
6gwp	C	N.A.	A	N.A.	N.A.	N.A.	N.A.
6gwq	B	N.A.	A	N.A.	N.A.	N.A.	N.A.
6h02	B	N.A.	A	N.A.	N.A.	N.A.	N.A.
6h15	C	N.A.	A;B	N.A.	N.A.	N.A.	N.A.
6h16	B	N.A.	A	N.A.	N.A.	N.A.	N.A.
6h1f	A	N.A.	B	N.A.	N.A.	N.A.	N.A.
6h2y	H	L	D	2.7	SPR	298	N.A.
6h3t	H	L	A	5.4	BLI	N.A.	N.A.
6h3u	H	L	B	36	BLI	N.A.	N.A.
6h5n	C	B	A	N.A.	N.A.	N.A.	N.A.
6h6y	E	N.A.	A;B	0.163	ITC	308	N.A.
6h6z	C	N.A.	A;B	4.58	ITC	303	N.A.
6h70	C	N.A.	A;B	N.A.	N.A.	N.A.	N.A.
6h71	C	N.A.	A	43.8	ITC	298	N.A.
6h72	C	N.A.	A	N.A.	N.A.	N.A.	N.A.
6h7j	C	N.A.	A	N.A.	N.A.	N.A.	N.A.
6h7l	C	N.A.	A	N.A.	N.A.	N.A.	N.A.
6h7m	C	N.A.	A	N.A.	N.A.	N.A.	N.A.
6h7n	C	N.A.	A	N.A.	N.A.	N.A.	N.A.
6h7o	C	N.A.	A	N.A.	N.A.	N.A.	N.A.
6hco	D	C	A;B	N.A.	N.A.	N.A.	N.A.
6her	B	N.A.	A	40	SPR	298	N.A.
6hf1	C	B	A	N.A.	N.A.	N.A.	N.A.
6hga	H	L	B	N.A.	N.A.	N.A.	N.A.
6hhc	H	L	A	2.4	SPR	298	N.A.
6hhd	B	N.A.	A;C	40	SPR	298	N.A.
6hhu	G	N.A.	A	N.A.	N.A.	N.A.	N.A.
6hhu	H	N.A.	A	N.A.	N.A.	N.A.	N.A.
6hig	H	L	B	N.A.	N.A.	N.A.	N.A.
6hjx	G	N.A.	A;B	N.A.	N.A.	N.A.	N.A.
6hjy	F	N.A.	A;E	N.A.	N.A.	N.A.	N.A.
6hjy	G	N.A.	A;B	N.A.	N.A.	N.A.	N.A.
6hx4	H	L	B	N.A.	N.A.	N.A.	N.A.
6hxw	H	L	A	N.A.	N.A.	N.A.	N.A.
6i04	H	L	A	0.2	BLI	298	N.A.
6i07	A	N.A.	C	10	BLI	298	N.A.
6i6j	C	N.A.	A	N.A.	N.A.	N.A.	N.A.
6i8g	B	N.A.	A	N.A.	N.A.	N.A.	N.A.
6i8h	B	N.A.	A	N.A.	N.A.	N.A.	N.A.
6i8s	H	L	D	0.006	SPR	N.A.	N.A.
6i9i	H	L	D	N.A.	N.A.	N.A.	N.A.
6iap	E	D	A	N.A.	N.A.	N.A.	N.A.
6iap	H	L	A	N.A.	N.A.	N.A.	N.A.
6ibb	B	N.A.	A	N.A.	N.A.	N.A.	N.A.
6ibl	C	N.A.	A	N.A.	N.A.	N.A.	N.A.
6icc	H	L	A	N.A.	N.A.	N.A.	N.A.
6icf	H	L	A	N.A.	N.A.	N.A.	N.A.
6idi	H	L	D	N.A.	N.A.	N.A.	CA trace only;pH 8.0
6idk	H	L	D	40.18	BLI	N.A.	CA trace only;pH 5.0
6idl	I	J	E	40.18	BLI	N.A.	CA trace only;pH 5.0
6iea	H	L	A	295	SPR	298	N.A.
6ieb	H	L	A	18.5	SPR	298	N.A.
6iec	H	L	A	743	SPR	298	N.A.
6iek	B	C	A	47.7	SPR	298	N.A.
6ieq	D	E	B;G	N.A.	N.A.	N.A.	N.A.
6ieq	H	L	G	N.A.	N.A.	N.A.	N.A.
6ii4	E	F	C	16.6	SPR	298	N.A.
6ii8	H	L	C	386	SPR	298	N.A.
6ii9	H	L	A	19.4	SPR	298	N.A.
6ion	H	L	A	N.A.	N.A.	N.A.	N.A.
6ir1	B	N.A.	A	22.5	ITC	293	N.A.
6ir2	B	N.A.	A	3.02	ITC	293	N.A.
6iut	H	L	A	N.A.	N.A.	N.A.	N.A.
6iuv	H	L	A	N.A.	N.A.	N.A.	N.A.
6ivz	H	L	A	9.7	SPR	298	N.A.
6iw0	H	L	A	13.5	SPR	298	N.A.
6iw2	B	C	A	13.5	SPR	298	N.A.
6j11	H	L	A	25	SPR	298	N.A.
6j14	A	B	G	1.54	SPR	298	N.A.
6j15	H	L	D	1.22	SPR	298	N.A.
6j5d	H	L	A	45.4	SPR	298	N.A.
6j5f	H	L	A	390	SPR	298	N.A.
6j5g	H	L	A	390	SPR	298	N.A.
6j6y	B	C	A	0.36	ELISA	N.A.	N.A.
6j71	B	N.A.	A	N.A.	N.A.	N.A.	N.A.
6jb2	A	N.A.	B	635	SPR	298	N.A.
6jb5	A	N.A.	B	635	SPR	298	N.A.
6jb8	A	N.A.	B	0.13	SPR	298	N.A.
6jbt	H	L	F	N.A.	N.A.	N.A.	N.A.
6jep	H	L	E	1.06	SPR	298	N.A.
6jfh	H	L	E	1.06	SPR	298	CA trace only
6jfi	H	L	E	1.06	SPR	298	CA trace only
6jhq	D	E	C	5.14	SPR	298	N.A.
6jhr	E	D	C	2.19	SPR	298	N.A.
6jhs	E	D	C	7.1	SPR	298	N.A.
6jht	E	D	C	7.18	SPR	298	N.A.
6jjp	A	B	C	3.55	SPR	N.A.	N.A.
6jsz	D	N.A.	A	N.A.	N.A.	N.A.	N.A.
6k0y	A	B	C	40.3	SPR	N.A.	N.A.
6k3m	N.A.	A	H	N.A.	N.A.	N.A.	N.A.
6k5a	C	D	A	N.A.	N.A.	N.A.	N.A.
6k5d	C	D	A	N.A.	N.A.	N.A.	N.A.
6k5f	C	D	A	N.A.	N.A.	N.A.	N.A.
6k5i	C	D	A	N.A.	N.A.	N.A.	N.A.
6k64	N.A.	A	C	N.A.	N.A.	N.A.	N.A.
6k65	H	L	A	N.A.	N.A.	N.A.	N.A.
6k67	N.A.	A	B	N.A.	N.A.	N.A.	N.A.
6k68	F	G	I	N.A.	N.A.	N.A.	N.A.
6k69	N.A.	A	B	N.A.	N.A.	N.A.	N.A.
6k6a	N.A.	B	C	N.A.	N.A.	N.A.	N.A.
6k6b	N.A.	A	B	N.A.	N.A.	N.A.	N.A.
6k7o	H	L	A	2.9	BLI	N.A.	N.A.
6kn9	D	N.A.	A	6.1	BLI	298	N.A.
6knm	A	N.A.	B	0.083	SPR	N.A.	N.A.
6ko5	H	L	A	N.A.	N.A.	N.A.	N.A.
6krz	D	E	A	N.A.	N.A.	N.A.	N.A.
6ks0	H	L	A	N.A.	N.A.	N.A.	N.A.
6ks1	H	L	A	N.A.	N.A.	N.A.	N.A.
6ktr	A	B	C	N.A.	N.A.	N.A.	N.A.
6kyz	B	C	A;D	82.3	ITC	N.A.	N.A.
6kz0	B	C	A	9.1	ITC	N.A.	N.A.
6l62	H	L	A	N.A.	N.A.	N.A.	N.A.
6lbh	E	F	A	216.1	ITC	298	N.A.
6lgw	A	N.A.	E	35.3	SPR	298	N.A.
6ln2	C	B	A	N.A.	N.A.	N.A.	N.A.
6lr7	B	N.A.	A	6.7	ITC	293	N.A.
6lxi	H	L	A	543	SPR	298	N.A.
6lxj	H	L	A	946	SPR	298	N.A.
6lxk	H	L	A	401	SPR	298	N.A.
6lyn	H	L	D	1.12	BLI	N.A.	N.A.
6lz2	B	N.A.	A	N.A.	N.A.	N.A.	N.A.
6lz9	H	L	B	N.A.	N.A.	N.A.	N.A.
6m0f	H	L	A	N.A.	N.A.	N.A.	N.A.
6m0z	H	L	A	N.A.	N.A.	N.A.	N.A.
6m2r	H	L	A	N.A.	N.A.	N.A.	N.A.
6m38	H	L	A	N.A.	N.A.	N.A.	N.A.
6m3b	C	B	A	13	SPR	298	N.A.
6m3c	H	L	A	10	SPR	298	N.A.
6m3z	H	L	A	N.A.	N.A.	N.A.	N.A.
6m47	H	L	A	N.A.	N.A.	N.A.	N.A.
6m58	H	L	A;B	1	BLI	N.A.	N.A.
6mco	D	E	B;G	N.A.	N.A.	N.A.	N.A.
6mco	H	L	G	N.A.	N.A.	N.A.	N.A.
6mdt	D	E	B;G	N.A.	N.A.	N.A.	N.A.
6mdt	H	L	G	N.A.	N.A.	N.A.	N.A.
6meh	H	L	C	N.A.	N.A.	N.A.	N.A.
6mei	H	L	C	N.A.	N.A.	N.A.	N.A.
6mej	A	B	C	N.A.	N.A.	N.A.	N.A.
6mej	H	L	C	N.A.	N.A.	N.A.	N.A.
6mek	I	G	A	N.A.	N.A.	N.A.	N.A.
6mek	H	L	C	N.A.	N.A.	N.A.	N.A.
6mfp	H	L	G	0.6	SPR	N.A.	N.A.
6mft	H	L	G	43	BLI	302	N.A.
6mg7	H	L	G	2.1	SPR	298	N.A.
6mhr	A	B	C	22	SPR	298	N.A.
6mi2	A	B	C	69	SPR	298	N.A.
6ml8	H	L	A	N.A.	N.A.	N.A.	N.A.
6mlk	H	L	A	13	ELISA	295	N.A.
6mlm	F	G	A;B	0.1	SPR	N.A.	N.A.
6mn7	G	N.A.	A	46500	BLI	N.A.	N.A.
6mpg	5	6	2	N.A.	N.A.	N.A.	N.A.
6mpg	8	7	2	N.A.	N.A.	N.A.	N.A.
6mpg	3	4	2;A	42.4	SPR	298	N.A.
6mph	X	Z	A	N.A.	N.A.	N.A.	N.A.
6mph	g	i	A;B	N.A.	N.A.	N.A.	N.A.
6mph	H	L	C;D	0.135	SPR	298	N.A.
6mtj	D	E	B;G	N.A.	N.A.	N.A.	N.A.
6mtj	H	L	G	N.A.	N.A.	N.A.	N.A.
6mtn	D	E	B;G	N.A.	N.A.	N.A.	N.A.
6mtn	H	L	G	N.A.	N.A.	N.A.	N.A.
6mto	H	L	T	0.39	BLI	N.A.	N.A.
6mtq	H	L	T	N.A.	N.A.	N.A.	N.A.
6mu6	D	E	B;G	N.A.	N.A.	N.A.	N.A.
6mu6	H	L	G	N.A.	N.A.	N.A.	N.A.
6mu7	D	E	B;G	N.A.	N.A.	N.A.	N.A.
6mu7	H	L	G	N.A.	N.A.	N.A.	N.A.
6mu8	D	E	B;G	N.A.	N.A.	N.A.	N.A.
6mu8	H	L	G	N.A.	N.A.	N.A.	N.A.
6muf	D	E	B;G	N.A.	N.A.	N.A.	N.A.
6muf	H	L	G	N.A.	N.A.	N.A.	N.A.
6mug	D	E	B;G	N.A.	N.A.	N.A.	N.A.
6mug	H	L	G	N.A.	N.A.	N.A.	N.A.
6mui	C	D	B	N.A.	N.A.	N.A.	N.A.
6mvl	H	L	A	N.A.	N.A.	N.A.	N.A.
6mw9	C	D	B	N.A.	N.A.	N.A.	N.A.
6mwc	C	D	B	N.A.	N.A.	N.A.	N.A.
6mwv	C	D	B	N.A.	N.A.	N.A.	N.A.
6mwx	C	D	B	N.A.	N.A.	N.A.	N.A.
6mxt	N	N.A.	A	N.A.	N.A.	N.A.	N.A.
6myy	H	L	A	2300	BLI	302	N.A.
6mzj	H	L	A	43	BLI	302	N.A.
6n1v	f	h	A	N.A.	N.A.	N.A.	N.A.
6n1v	X	Z	A	N.A.	N.A.	N.A.	N.A.
6n1v	H	L	C;D	9.75	SPR	298	N.A.
6n1w	m	n	2	N.A.	N.A.	N.A.	N.A.
6n1w	q	r	2;C	N.A.	N.A.	N.A.	N.A.
6n1w	H	L	C;D	0.185	SPR	298	N.A.
6n48	B	N.A.	A	N.A.	N.A.	N.A.	Ab as stabilizer
6n4y	F	N.A.	A	N.A.	N.A.	N.A.	N.A.
6n50	E	N.A.	A	N.A.	N.A.	N.A.	N.A.
6n51	C	N.A.	A	N.A.	N.A.	N.A.	N.A.
6n5b	H	L	B	7.1	ELISA	N.A.	N.A.
6n5d	E	F	B	N.A.	N.A.	N.A.	N.A.
6n5e	E	D	A	0.6	ELISA	N.A.	N.A.
6n6b	K	L	A	N.A.	N.A.	N.A.	N.A.
6n81	H	L	A;B	N.A.	N.A.	N.A.	N.A.
6n8d	D	B	A	N.A.	N.A.	N.A.	N.A.
6nb3	H	L	C	N.A.	N.A.	N.A.	N.A.
6nb4	H	L	A	N.A.	N.A.	N.A.	N.A.
6nb6	I	M	B	0.059	BLI	303	N.A.
6nb7	H	L	A	0.059	BLI	303	N.A.
6nf2	J	K	A	N.A.	N.A.	N.A.	N.A.
6nf2	N	M	A;G	N.A.	N.A.	N.A.	N.A.
6nf2	H	L	B;G	3.48	SPR	298	N.A.
6nf5	H	L	A	N.A.	N.A.	N.A.	N.A.
6nf5	G	I	A;D	N.A.	N.A.	N.A.	N.A.
6nfc	H	L	A	N.A.	N.A.	N.A.	N.A.
6nfc	K	N	B	N.A.	N.A.	N.A.	N.A.
6nfj	B	N.A.	A	N.A.	N.A.	N.A.	N.A.
6nfu	A	B	C	N.A.	N.A.	N.A.	N.A.
6nfv	A	B	C	N.A.	N.A.	N.A.	N.A.
6ni2	A	N.A.	B	N.A.	N.A.	N.A.	N.A.
6ni2	H	L	B	N.A.	N.A.	N.A.	N.A.
6nip	H	L	Z	N.A.	N.A.	N.A.	N.A.
6niu	H	L	Z	4.8	BLI	N.A.	N.A.
6njl	L	N.A.	A	N.A.	N.A.	N.A.	N.A.
6njl	K	J	D	N.A.	N.A.	N.A.	N.A.
6njm	L	K	B	N.A.	N.A.	N.A.	N.A.
6njn	I	N.A.	A	N.A.	N.A.	N.A.	N.A.
6njn	K	J	B	N.A.	N.A.	N.A.	N.A.
6nm6	D	E	B;G	N.A.	N.A.	N.A.	N.A.
6nm6	H	L	G	N.A.	N.A.	N.A.	N.A.
6nm6	U	V	G	N.A.	N.A.	N.A.	N.A.
6nmr	H	L	S	0.183	SPR	N.A.	important KD data paper
6nms	H	L	S	0.458	SPR	N.A.	N.A.
6nmt	B	A	C	0.162	SPR	N.A.	N.A.
6nmu	H	L	S	0.426	SPR	N.A.	N.A.
6nmv	H	L	S	0.123	SPR	N.A.	N.A.
6nn3	H	L	A	N.A.	N.A.	N.A.	N.A.
6nnf	D	E	B;G	N.A.	N.A.	N.A.	N.A.
6nnf	H	L	G	N.A.	N.A.	N.A.	N.A.
6nnf	U	V	G	N.A.	N.A.	N.A.	N.A.
6nnj	D	E	B;G	N.A.	N.A.	N.A.	N.A.
6nnj	H	L	G	N.A.	N.A.	N.A.	N.A.
6nnj	U	V	G	N.A.	N.A.	N.A.	N.A.
6nyq	H	L	C	N.A.	N.A.	N.A.	N.A.
6o39	B	A	C	1.7	BLI	298	N.A.
6o3a	B	A	E	5.2	BLI	298	N.A.
6o3b	B	A	C	4.5	BLI	298	N.A.
6o3c	B	N.A.	A	117	SPR	298	N.A.
6o3g	H	L	S	9.9	BLI	N.A.	N.A.
6o3j	H	L	G	9.9	BLI	N.A.	N.A.
6o3l	H	L	D	7.5	BLI	N.A.	N.A.
6o41	B	A	N	N.A.	N.A.	N.A.	N.A.
6o42	H	L	G	64.4	BLI	N.A.	N.A.
6o8d	H	L	C	N.A.	N.A.	N.A.	N.A.
6o9h	H	L	D	0.144	kinetic exclusion assay	N.A.	N.A.
6o9i	A	B	C	0.144	kinetic exclusion assay	N.A.	N.A.
6o9i	D	E	C	0.068	kinetic exclusion assay	N.A.	N.A.
6oan	B	N.A.	A	3.4	BLI	298	N.A.
6oao	B	N.A.	A;C	4.02	BLI	298	N.A.
6obc	B	N.A.	A	0.31	SPR	N.A.	important KD data paper
6obe	B	N.A.	A	4.01	SPR	N.A.	N.A.
6obg	C	N.A.	A	0.42	SPR	N.A.	N.A.
6obm	B	N.A.	A	4.2	SPR	N.A.	N.A.
6obo	C	N.A.	A	10.9	SPR	N.A.	N.A.
6oc3	A	B	E;F	2	BLI	N.A.	N.A.
6oca	C	N.A.	A	0.28	SPR	N.A.	N.A.
6ocb	H	L	A	1	BLI	N.A.	N.A.
6ocd	B	N.A.	A	9.51	SPR	N.A.	N.A.
6oe4	B	C	A	0.19	SPR	N.A.	N.A.
6oe5	B	C	A	N.A.	N.A.	N.A.	N.A.
6oe5	H	L	A	0.19	SPR	N.A.	N.A.
6oej	H	L	G	0.25	SPR	298	N.A.
6ofi	H	L	G	1.9	SPR	298	N.A.
6oge	C	B	A	N.A.	N.A.	N.A.	N.A.
6oge	E	D	A	N.A.	N.A.	N.A.	N.A.
6ogx	C	D	G	0.45	SPR	N.A.	N.A.
6ogx	H	L	G	2.5	SPR	N.A.	N.A.
6ohg	C	B	A	23.83	ITC	298	N.A.
6okm	H	L	R	2.5	SPR	N.A.	N.A.
6okn	C	D	E	0.45	SPR	N.A.	N.A.
6okp	M	N	D	N.A.	N.A.	N.A.	N.A.
6okp	K	L	E	N.A.	N.A.	N.A.	N.A.
6oor	H	L	A	12.4	SPR	298	N.A.
6opa	F	I	B;G	N.A.	N.A.	N.A.	N.A.
6opa	K	J	G	N.A.	N.A.	N.A.	N.A.
6opa	S	R	G	N.A.	N.A.	N.A.	N.A.
6opo	H	L	A	N.A.	N.A.	N.A.	N.A.
6opp	H	L	A	N.A.	N.A.	N.A.	N.A.
6opq	H	L	A	N.A.	N.A.	N.A.	N.A.
6oq5	D	N.A.	A	N.A.	N.A.	N.A.	N.A.
6oq5	E	N.A.	A	N.A.	N.A.	N.A.	N.A.
6oq5	F	N.A.	A	N.A.	N.A.	N.A.	N.A.
6oq6	D	N.A.	A	N.A.	N.A.	N.A.	N.A.
6oq7	C	N.A.	A	N.A.	N.A.	N.A.	N.A.
6oq8	D	N.A.	A	N.A.	N.A.	N.A.	N.A.
6orn	A	B	G	N.A.	N.A.	N.A.	N.A.
6oro	H	L	G	630	SPR	303	N.A.
6orp	H	L	G	400	SPR	303	N.A.
6orq	H	L	G	30	SPR	303	N.A.
6os0	D	N.A.	A	N.A.	N.A.	N.A.	Ab as stabilizer
6os1	D	N.A.	A	N.A.	N.A.	N.A.	Ab as stabilizer
6os2	D	N.A.	A	N.A.	N.A.	N.A.	Ab as stabilizer
6osh	H	L	K	7	SPR	N.A.	N.A.
6osv	H	L	K	3.8	SPR	N.A.	N.A.
6osy	5	6	2	N.A.	N.A.	N.A.	N.A.
6osy	H	L	2;A	1.25	SPR	298	N.A.
6osy	8	7	2;B	N.A.	N.A.	N.A.	N.A.
6ot1	H	L	B;D	N.A.	N.A.	N.A.	N.A.
6ot1	F	I	E	N.A.	N.A.	N.A.	N.A.
6ot1	q	r	E;G	2.72	SPR	298	N.A.
6otc	H	L	A	4.9	ITC	N.A.	N.A.
6oy4	D	C	A	N.A.	N.A.	N.A.	N.A.
6oyh	G	N.A.	C	N.A.	N.A.	N.A.	N.A.
6oyz	E	N.A.	A	N.A.	N.A.	N.A.	N.A.
6oz2	H	L	G	N.A.	N.A.	N.A.	N.A.
6oz3	H	L	G	N.A.	N.A.	N.A.	N.A.
6oz4	H	L	G	N.A.	N.A.	N.A.	N.A.
6oz6	E	N.A.	A	N.A.	N.A.	N.A.	N.A.
6oz9	H	L	A;B	2.12	BLI	N.A.	N.A.
6p3r	C	D	E	N.A.	N.A.	N.A.	N.A.
6p3s	C	D	E	N.A.	N.A.	N.A.	N.A.
6p4a	H	L	C	0.736	BLI	298	important KD data paper
6p4b	H	L	C	0.976	BLI	298	N.A.
6p50	H	L	C	1	SPR	N.A.	N.A.
6p62	H	L	A	N.A.	N.A.	N.A.	N.A.
6p65	H	L	A;B	N.A.	N.A.	N.A.	N.A.
6p67	C	D	J	8.7	SPR	N.A.	N.A.
6p8m	H	L	C	113	BLI	N.A.	N.A.
6p8n	H	L	C	0.502	BLI	N.A.	N.A.
6p9h	H	L	A	N.A.	N.A.	N.A.	N.A.
6pa0	A	B	C	N.A.	N.A.	N.A.	N.A.
6pci	H	K	A	0.041	BLI	N.A.	N.A.
6pci	N	Q	A;D	2.12	BLI	N.A.	N.A.
6pcu	B	N.A.	A	N.A.	N.A.	N.A.	N.A.
6pdx	H	L	A	0.00974	BLI	298	N.A.
6pe8	H	L	T	N.A.	N.A.	N.A.	N.A.
6pe9	H	L	V	N.A.	N.A.	N.A.	N.A.
6phb	B	A	E	19.2	BLI	298	important KD data paper
6phc	C	D	E	4.6	BLI	298	N.A.
6phd	H	L	C	2.5	BLI	298	N.A.
6phf	C	D	E	4.6	BLI	298	N.A.
6pi7	C	B	A	N.A.	N.A.	N.A.	N.A.
6pis	H	L	A;B	N.A.	N.A.	N.A.	N.A.
6plk	H	L	E	1.15	BLI	N.A.	KD = 2.24 nM at pH 5.5
6ppg	H	L	F	N.A.	N.A.	N.A.	N.A.
6pxh	H	L	B	28	SPR	298	N.A.
6pz8	H	L	B	N.A.	N.A.	N.A.	N.A.
6pze	H	L	A	N.A.	N.A.	N.A.	N.A.
6pzf	H	L	A	N.A.	N.A.	N.A.	N.A.
6pzw	H	L	A;B	N.A.	N.A.	N.A.	N.A.
6pzy	C	D	A	N.A.	N.A.	N.A.	N.A.
6pzz	H	L	A	N.A.	N.A.	N.A.	N.A.
6q0e	H	L	A	1700	BLI	N.A.	N.A.
6q0h	H	L	A	1800	BLI	N.A.	Ab conformation I-7-0
6q0i	H	L	A	1800	BLI	N.A.	Ab conformation I-7-6
6q0l	H	L	A	1800	BLI	N.A.	Ab conformation I-7-1
6q0o	Z	B	A	400	BLI	N.A.	N.A.
6q18	H	L	A	600	BLI	N.A.	N.A.
6q1z	H	L	A	2.76	BLI	299	N.A.
6q20	H	L	A	2.58	BLI	299	N.A.
6q23	H	L	A	2.24	BLI	299	N.A.
6q6z	B	N.A.	A	N.A.	N.A.	N.A.	N.A.
6qb3	X	N.A.	A	2380	ITC	N.A.	N.A.
6qb4	X	N.A.	A	2380	ITC	N.A.	N.A.
6qb6	H	L	A	1140	ITC	N.A.	N.A.
6qee	C	B	A	N.A.	N.A.	N.A.	N.A.
6qex	C	B	A	N.A.	N.A.	N.A.	N.A.
6qfa	K	N.A.	A;B	N.A.	N.A.	N.A.	N.A.
6qfc	B	N.A.	A	2380	ITC	N.A.	N.A.
6qgw	B	N.A.	A	5.5	SPR	298	N.A.
6qgx	B	N.A.	A	1.8	SPR	298	N.A.
6qgy	B	N.A.	A	1.3	SPR	298	N.A.
6qig	H	L	A	N.A.	N.A.	N.A.	N.A.
6qup	B	N.A.	A	N.A.	N.A.	N.A.	N.A.
6qv2	E	N.A.	B	0.8	SPR	298	N.A.
6qx4	C	N.A.	A	N.A.	N.A.	N.A.	N.A.
6qx4	D	N.A.	A;B	N.A.	N.A.	N.A.	N.A.
6r0x	A	B	E	N.A.	N.A.	N.A.	N.A.
6r2s	B	A	C	0.02	SPR	298	important KD data paper
6r7t	A	N.A.	B	N.A.	N.A.	N.A.	N.A.
6r8x	C	B	A	4.7	solution equilibrium titration	N.A.	N.A.
6raf	C	N.A.	B	N.A.	N.A.	N.A.	N.A.
6rag	C	N.A.	B	N.A.	N.A.	N.A.	N.A.
6rah	C	N.A.	B	N.A.	N.A.	N.A.	N.A.
6rai	C	N.A.	B	N.A.	N.A.	N.A.	N.A.
6raj	C	N.A.	B	N.A.	N.A.	N.A.	N.A.
6rak	C	N.A.	B	N.A.	N.A.	N.A.	N.A.
6ral	C	N.A.	B	N.A.	N.A.	N.A.	N.A.
6ram	C	N.A.	B	N.A.	N.A.	N.A.	N.A.
6ran	C	N.A.	B	N.A.	N.A.	N.A.	N.A.
6rcu	B	C	A	0.636	BLI	N.A.	N.A.
6rcu	E	D	A	0.428	BLI	N.A.	N.A.
6rcv	E	D	A	0.428	BLI	N.A.	N.A.
6rcv	C	B	A;F	0.0103	BLI	N.A.	N.A.
6rlo	A	B	I;L	N.A.	N.A.	N.A.	N.A.
6rnk	B	N.A.	A	N.A.	N.A.	N.A.	N.A.
6rp8	H	L	C	N.A.	N.A.	N.A.	N.A.
6rpj	B	N.A.	A	N.A.	N.A.	N.A.	N.A.
6rps	H	L	A	3.4	flow cytometry	N.A.	N.A.
6rqm	B	N.A.	A	N.A.	N.A.	N.A.	N.A.
6rtw	B	N.A.	A	N.A.	N.A.	N.A.	N.A.
6rty	B	N.A.	A	N.A.	N.A.	N.A.	N.A.
6rvc	D	N.A.	A	N.A.	N.A.	N.A.	N.A.
6s3d	H	L	P	<0.05	SPR	N.A.	N.A.
6s3t	E	I	T	29	SPR	N.A.	N.A.
6s8d	H	L	A	N.A.	N.A.	N.A.	N.A.
6s8i	H	L	A	N.A.	N.A.	N.A.	N.A.
6s8j	H	L	A	N.A.	N.A.	N.A.	N.A.
6sc5	B	N.A.	A	2.9	BLI	298	N.A.
6sc6	B	N.A.	A	2.9	BLI	298	apo form without ligand
6sc7	B	N.A.	A	2.9	BLI	298	N.A.
6sc8	B	N.A.	A	2.9	BLI	298	N.A.
6sc9	B	N.A.	A	2.9	BLI	298	N.A.
6sge	B	N.A.	A;C	30.8	SPR	277	N.A.
6snh	H	L	X	N.A.	N.A.	N.A.	N.A.
6sni	H	L	X	N.A.	N.A.	N.A.	N.A.
6ss2	B	C	A	0.173	ITC	293	N.A.
6ss4	B	C	A	0.288	ITC	293	N.A.
6ss6	D	G	A	N.A.	N.A.	N.A.	N.A.
6ssi	F	N.A.	A	N.A.	N.A.	N.A.	N.A.
6suz	H	L	A	N.A.	N.A.	N.A.	N.A.
6sv2	H	L	A	N.A.	N.A.	N.A.	N.A.
6svl	H	L	Q	N.A.	N.A.	N.A.	N.A.
6t3f	H	L	F	N.A.	N.A.	N.A.	N.A.
6t3j	A	B	E	N.A.	N.A.	N.A.	N.A.
6t3j	C	D	E	N.A.	N.A.	N.A.	N.A.
6t9d	A	B	C;D	0.00323	kinetic exclusion assay	N.A.	N.A.
6t9e	A	B	C;D	0.00402	kinetic exclusion assay	N.A.	N.A.
6tej	C	N.A.	B	150	SPR	N.A.	N.A.
6tou	A	N.A.	G	N.A.	N.A.	N.A.	N.A.
6txz	H	L	A	2.3	SPR	N.A.	N.A.
6tyb	H	L	G	N.A.	N.A.	N.A.	N.A.
6tyl	C	N.A.	A	N.A.	N.A.	N.A.	N.A.
6tyl	E	N.A.	A	N.A.	N.A.	N.A.	N.A.
6tyl	D	N.A.	A;F	N.A.	N.A.	N.A.	N.A.
6tys	H	L	A	10	BLI	303	N.A.
6u02	H	L	A	N.A.	N.A.	N.A.	N.A.
6u0l	H	L	A	N.A.	N.A.	N.A.	N.A.
6u0n	H	L	A	N.A.	N.A.	N.A.	N.A.
6u12	B	N.A.	A	0.15	SPR	300	N.A.
6u2f	H	L	A	N.A.	N.A.	N.A.	N.A.
6u36	H	L	B	N.A.	N.A.	N.A.	N.A.
6u38	H	L	B	N.A.	N.A.	N.A.	N.A.
6u3i	H	L	A	N.A.	N.A.	N.A.	N.A.
6u51	A	N.A.	B;D	N.A.	N.A.	N.A.	N.A.
6u52	A	N.A.	B;D	N.A.	N.A.	N.A.	N.A.
6u54	A	N.A.	B	N.A.	N.A.	N.A.	N.A.
6u55	A	N.A.	B	N.A.	N.A.	N.A.	N.A.
6u59	H	L	A	N.A.	N.A.	N.A.	N.A.
6u6u	H	L	R	N.A.	N.A.	N.A.	N.A.
6u9s	D	E	F	N.A.	N.A.	N.A.	N.A.
6uc6	C	N.A.	A	N.A.	N.A.	N.A.	N.A.
6uda	C	D	A	9	SPR	N.A.	N.A.
6udj	Q	B	G	N.A.	N.A.	N.A.	N.A.
6udj	N	O	G;J	N.A.	N.A.	N.A.	N.A.
6udk	A	B	G	N.A.	N.A.	N.A.	N.A.
6udk	H	L	G;K	N.A.	N.A.	N.A.	N.A.
6uft	B	N.A.	A	N.A.	N.A.	N.A.	N.A.
6uht	C	N.A.	A	N.A.	N.A.	N.A.	N.A.
6ui1	B	N.A.	A	N.A.	N.A.	N.A.	N.A.
6ui1	C	N.A.	A	N.A.	N.A.	N.A.	N.A.
6ui1	D	N.A.	A	N.A.	N.A.	N.A.	N.A.
6uig	H	L	G	N.A.	N.A.	N.A.	N.A.
6ukj	H	L	A	N.A.	N.A.	N.A.	N.A.
6ukt	C	N.A.	A	N.A.	N.A.	N.A.	N.A.
6ukt	D	N.A.	A	N.A.	N.A.	N.A.	N.A.
6ukt	E	N.A.	A	N.A.	N.A.	N.A.	N.A.
6ukt	F	N.A.	B	N.A.	N.A.	N.A.	N.A.
6ul4	B	N.A.	A	N.A.	N.A.	N.A.	N.A.
6ul6	B	N.A.	A	N.A.	N.A.	N.A.	N.A.
6ul6	C	N.A.	A	N.A.	N.A.	N.A.	N.A.
6um5	C	D	A	532	SPR	N.A.	N.A.
6um6	C	D	A	N.A.	N.A.	N.A.	N.A.
6um7	J	K	A	N.A.	N.A.	N.A.	N.A.
6umx	H	L	A	1.51	BLI	N.A.	N.A.
6uqr	A	N.A.	B	0.035	SPR	N.A.	N.A.
6ur5	A	B	C	4.3	BLI	N.A.	important KD data paper
6urh	H	L	C	N.A.	N.A.	N.A.	N.A.
6urm	H	L	F	11.11	BLI	N.A.	N.A.
6usf	H	L	D	N.A.	N.A.	N.A.	N.A.
6uta	H	L	E	1200	SPR	N.A.	N.A.
6ute	C	D	S	>100000	SPR	N.A.	N.A.
6utk	H	L	G	14	BLI	N.A.	N.A.
6utk	D	E	G;T	N.A.	N.A.	N.A.	N.A.
6uyd	H	L	E	N.A.	N.A.	N.A.	N.A.
6uye	G	J	A	0.041	BLI	N.A.	N.A.
6uyf	H	L	E	N.A.	N.A.	N.A.	N.A.
6uyg	A	B	E	N.A.	N.A.	N.A.	N.A.
6uyg	H	L	E	N.A.	N.A.	N.A.	N.A.
6uym	H	L	E	N.A.	N.A.	N.A.	N.A.
6v4n	H	L	N	1.07	BLI	298	N.A.
6v4o	H	L	N	150	BLI	298	N.A.
6v6w	F	H	C	N.A.	N.A.	N.A.	N.A.
6v6w	A	B	C;K	N.A.	N.A.	N.A.	N.A.
6v7y	F	N.A.	A	N.A.	N.A.	N.A.	N.A.
6v8x	C	D	A	565.7	SPR	N.A.	N.A.
6v8z	D	E	A	N.A.	N.A.	N.A.	N.A.
6v8z	C	F	A;G	N.A.	N.A.	N.A.	N.A.
6vbg	C	N.A.	A	N.A.	N.A.	N.A.	N.A.
6vc9	H	L	A	4.18	SPR	298	N.A.
6vca	H	L	B	0.814	SPR	298	N.A.
6vel	H	L	C	N.A.	N.A.	N.A.	N.A.
6vep	C	D	E	N.A.	N.A.	N.A.	N.A.
6veq	C	D	E	N.A.	N.A.	N.A.	N.A.
6vgr	H	L	A;B	1.7	SPR	298	N.A.
6vi0	H	L	G	N.A.	N.A.	N.A.	N.A.
6vi4	D	N.A.	A	N.A.	N.A.	N.A.	N.A.
6vja	H	L	C	21.4	SPR	293	N.A.
6vlr	C	L	A	N.A.	N.A.	N.A.	N.A.
6vlr	F	N	A;B;I	0.585	BLI	310	important KD data paper
6vlw	H	L	G	289	BLI	N.A.	N.A.
6vmj	B	A	W;Z	N.A.	N.A.	N.A.	N.A.
6vmk	B	A	C;p	N.A.	N.A.	N.A.	N.A.
6vn0	H	L	A;B	16	BLI	310	N.A.
6vn1	H	L	A	N.A.	N.A.	N.A.	N.A.
6vo0	H	L	A	N.A.	N.A.	N.A.	N.A.
6vo1	H	L	A	<0.001	BLI	310	N.A.
6vo3	H	L	A	N.A.	N.A.	N.A.	N.A.
6vrh	B	C	A	N.A.	N.A.	N.A.	N.A.
6vrk	B	C	A	N.A.	N.A.	N.A.	N.A.
6vrl	B	C	A	N.A.	N.A.	N.A.	N.A.
6vtw	H	L	A	1	SPR	N.A.	N.A.
6vug	D	C	B	N.A.	N.A.	N.A.	N.A.
6vvu	H	L	A	0.5	SPR	298	N.A.
6vy2	H	L	A	N.A.	N.A.	N.A.	N.A.
6vy4	H	L	A	2.1	BLI	N.A.	N.A.
6vy5	H	L	A	2.2	BLI	N.A.	N.A.
6vy6	H	L	A	2.9	BLI	N.A.	N.A.
6vyh	D	C	A	N.A.	N.A.	N.A.	N.A.
6vyv	K	O	E	N.A.	N.A.	N.A.	N.A.
6vzi	D	E	B;G	N.A.	N.A.	N.A.	N.A.
6vzi	H	L	G	N.A.	N.A.	N.A.	N.A.
6w03	D	E	B;G	N.A.	N.A.	N.A.	N.A.
6w03	H	L	G	N.A.	N.A.	N.A.	N.A.
6w09	I	M	E	N.A.	N.A.	N.A.	N.A.
6w0a	A	B	C	N.A.	N.A.	N.A.	N.A.
6w0b	A	B	C	N.A.	N.A.	N.A.	N.A.
6w0c	A	B	C	N.A.	N.A.	N.A.	N.A.
6w0d	A	B	C	N.A.	N.A.	N.A.	N.A.
6w0e	A	B	C	N.A.	N.A.	N.A.	N.A.
6w0f	A	B	C	N.A.	N.A.	N.A.	N.A.
6w0g	A	B	C	N.A.	N.A.	N.A.	N.A.
6w0h	A	B	C	N.A.	N.A.	N.A.	N.A.
6w0i	A	B	C	N.A.	N.A.	N.A.	N.A.
6w0j	A	B	C	N.A.	N.A.	N.A.	N.A.
6w16	H	L	F	0.85	BLI	N.A.	N.A.
6w1c	K	O	E	N.A.	N.A.	N.A.	N.A.
6w2b	B	C	A	N.A.	N.A.	N.A.	Ab-Ag interface has 9 residues;for crystalization
6w2c	B	C	A	N.A.	N.A.	N.A.	Ab-Ag interface has 9 residues;for crystalization
6w41	H	L	C	115	BLI	N.A.	N.A.
6w4s	H	L	F	N.A.	N.A.	N.A.	N.A.
6w7s	H	L	A	1.8	ELISA	298	N.A.
6waq	A	N.A.	B	1.2	SPR	N.A.	N.A.
6war	B	N.A.	A	0.079	SPR	N.A.	N.A.
6was	H	L	J	N.A.	N.A.	N.A.	N.A.
6wbv	H	L	A	N.A.	N.A.	N.A.	N.A.
6weq	E	F	A	8.3	BLI	298	N.A.
6wer	C	D	A	8.3	BLI	298	N.A.
6wgl	A	B	C	N.A.	N.A.	N.A.	N.A.
6wh9	H	I	A	2.7	ELISA	298	N.A.
6whk	C	B	A	N.A.	N.A.	N.A.	N.A.
6wik	D	C	A	N.A.	N.A.	N.A.	N.A.
6wio	A	B	C	N.A.	N.A.	N.A.	N.A.
6wir	A	B	C	N.A.	N.A.	N.A.	N.A.
6wit	H	L	I	N.A.	N.A.	N.A.	N.A.
6wix	D	E	B;G	N.A.	N.A.	N.A.	N.A.
6wix	H	L	G	N.A.	N.A.	N.A.	N.A.
6wjl	H	L	G	1	BLI	298	KD inspected from Figure 3FG
6wm9	B	C	A	0.0883	BLI	298	important KD data paper
6wmw	H	L	B	N.A.	N.A.	N.A.	N.A.
6wmw	M	N	B	N.A.	N.A.	N.A.	N.A.
6wn1	B	C	A	0.061	BLI	298	N.A.
6wno	B	C	A	0.0366	BLI	298	N.A.
6wo3	H	L	E	N.A.	N.A.	N.A.	N.A.
6wo4	H	L	E	16.8	ITC	N.A.	KD calculated from dG (-10.6 kcal/mol) at 298 K;Ab identifier is HC11
6wo5	H	L	E	12	ITC	N.A.	KD calculated from dG (-10.8 kcal/mol) at 298 K;Ab identifier is 212.1.1
6wo5	A	B	E;F	N.A.	N.A.	N.A.	N.A.
6woq	A	B	E	N.A.	N.A.	N.A.	N.A.
6woq	J	K	E	6.1	ITC	N.A.	KD calculated from dG (-11.2 kcal/mol) at 298 K;Ab identifier is HC1AM
6woz	B	C	A	<0.01	BLI	298	N.A.
6wps	H	L	A	2.6	BLI	N.A.	N.A.
6wpt	H	L	C	2.6	BLI	N.A.	N.A.
6wqo	B	C	A	0.246	BLI	298	N.A.
6wtu	H	I	G	0.083	BLI	298	N.A.
6wtv	H	I	G	0.0269	BLI	298	N.A.
6wty	B	C	A	0.00307	BLI	298	N.A.
6wvz	H	L	M	N.A.	N.A.	N.A.	N.A.
6ww2	H	L	R	N.A.	N.A.	N.A.	N.A.
6ww5	E	F	A	N.A.	N.A.	N.A.	N.A.
6wzj	A	B	E	0.171	SPR	298	important KD data paper
6wzk	A	B	E	0.172	SPR	298	N.A.
6wzl	A	B	E	0.181	SPR	298	N.A.
6wzm	A	B	E	0.384	SPR	298	N.A.
6wzt	H	L	A	N.A.	N.A.	N.A.	N.A.
6x04	B	N.A.	A;I	N.A.	N.A.	N.A.	N.A.
6x05	K	N.A.	A	N.A.	N.A.	N.A.	N.A.
6x06	K	N.A.	A	0.79	BLI	N.A.	important KD data paper
6x07	B	N.A.	A	1.3	BLI	N.A.	N.A.
6x08	K	N.A.	B	0.08	BLI	N.A.	N.A.
6x3s	J	I	B	N.A.	N.A.	N.A.	N.A.
6x3t	J	I	B	N.A.	N.A.	N.A.	N.A.
6x3u	J	I	B	N.A.	N.A.	N.A.	N.A.
6x3v	J	I	B	N.A.	N.A.	N.A.	N.A.
6x3w	J	I	B	N.A.	N.A.	N.A.	N.A.
6x3x	J	I	B	N.A.	N.A.	N.A.	N.A.
6x3z	J	I	B	N.A.	N.A.	N.A.	N.A.
6x40	J	I	B	N.A.	N.A.	N.A.	N.A.
6x4t	D	F	A	5.5	BLI	N.A.	N.A.
6x58	A	B	E	N.A.	N.A.	N.A.	N.A.
6x5b	H	L	A	N.A.	N.A.	N.A.	N.A.
6x96	H	L	A	N.A.	N.A.	N.A.	N.A.
6x97	H	L	A	N.A.	N.A.	N.A.	N.A.
6x98	H	L	A	N.A.	N.A.	N.A.	N.A.
6xc2	H	L	A	17	BLI	N.A.	N.A.
6xc3	B	A	C	17	BLI	N.A.	N.A.
6xc3	H	L	C	N.A.	N.A.	N.A.	N.A.
6xc4	H	L	A	14	BLI	N.A.	N.A.
6xc7	C	D	A	14	BLI	N.A.	N.A.
6xc7	H	L	A	N.A.	N.A.	N.A.	N.A.
6xcj	H	L	G	N.A.	N.A.	N.A.	N.A.
6xcm	H	L	C	N.A.	N.A.	N.A.	N.A.
6xcn	H	L	C	N.A.	N.A.	N.A.	N.A.
6xdg	B	D	E	3.37	SPR	310	important KD data paper
6xdg	C	A	E	45.2	SPR	310	N.A.
6xe1	H	L	E	N.A.	N.A.	N.A.	N.A.
6xey	H	L	A	N.A.	N.A.	N.A.	N.A.
6xkp	H	L	A	N.A.	N.A.	N.A.	N.A.
6xkq	H	L	A	0.00564	SPR	298	N.A.
6xkr	H	L	P	0.042	SPR	298	N.A.
6xlq	B	C	A	N.A.	N.A.	N.A.	N.A.
6xm2	D	C	I;J	0.0063	SPR	298	N.A.
6xob	M	N	B	N.A.	N.A.	N.A.	N.A.
6xox	E	N.A.	A;B	N.A.	N.A.	N.A.	N.A.
6xox	N	N.A.	A;B	N.A.	N.A.	N.A.	N.A.
6xpq	B	C	A	N.A.	N.A.	N.A.	N.A.
6xpr	B	C	A	N.A.	N.A.	N.A.	N.A.
6xpx	B	C	A	N.A.	N.A.	N.A.	N.A.
6xpy	B	C	A	N.A.	N.A.	N.A.	N.A.
6xpz	E	F	D	N.A.	N.A.	N.A.	N.A.
6xq0	B	C	A	N.A.	N.A.	N.A.	N.A.
6xq2	C	B	A	N.A.	N.A.	N.A.	N.A.
6xq4	E	F	D	N.A.	N.A.	N.A.	N.A.
6xqw	H	L	E	N.A.	N.A.	N.A.	N.A.
6xr0	H	L	M	N.A.	N.A.	N.A.	N.A.
6xsw	H	L	X	2.33	SPR	N.A.	N.A.
6xw4	C	N.A.	A	13.9	ITC	298	N.A.
6xw5	C	N.A.	A;B	0.819	ITC	298	N.A.
6xw6	C	N.A.	A	N.A.	N.A.	N.A.	N.A.
6xw7	C	N.A.	A;B	1.41	ITC	298	N.A.
6xxv	A	B	C	N.A.	N.A.	N.A.	N.A.
6xy2	H	L	A	199	BLI	N.A.	N.A.
6xzf	B	N.A.	A	N.A.	N.A.	N.A.	N.A.
6xzu	A	N.A.	B	2.6	BLI	303	N.A.
6xzw	H	L	D	0.328	SPR	298	important KD data paper
6y6c	D	N.A.	A	0.6	SPR	N.A.	N.A.
6y90	H	L	A	7.7	ITC	298	N.A.
6y92	H	L	A	43	ITC	298	N.A.
6y97	H	L	A;B	47	ITC	298	N.A.
6y9a	H	L	A;B	47	ITC	298	N.A.
6y9b	H	L	A;C	N.A.	N.A.	N.A.	N.A.
6yax	A	D	C	N.A.	N.A.	N.A.	N.A.
6ye3	A	B	C	2.3	SPR	293	N.A.
6yio	H	L	B	N.A.	N.A.	N.A.	N.A.
6yla	H	L	E	19	BLI	303	KD = 15 nM or 30 nM by two SPR methods
6ym0	H	L	E	19	BLI	303	N.A.
6ymq	A	N.A.	E	0.6	SPR	N.A.	N.A.
6yor	H	L	E	0.125	SPR	298	KD from DOI: 10.1371/journal.pmed.0030237
6ysq	G	N.A.	B;C	0.0155	SPR	303	N.A.
6yu8	B	N.A.	A	N.A.	N.A.	N.A.	N.A.
6ywc	A	B	C	22	SPR	N.A.	Ag was de novo designed
6ywd	A	B	C	1	SPR	N.A.	Ag was de novo designed
6yx9	H	L	A	N.A.	N.A.	N.A.	N.A.
6yxd	H	L	A	N.A.	N.A.	N.A.	N.A.
6yxf	H	N.A.	A	N.A.	N.A.	N.A.	N.A.
6yxg	H	N.A.	A	N.A.	N.A.	N.A.	N.A.
6yye	C	N.A.	A	1.6	SPR	N.A.	N.A.
6yz5	F	N.A.	E	N.A.	N.A.	N.A.	N.A.
6yz7	D	N.A.	A	N.A.	N.A.	N.A.	N.A.
6yz7	B	C	A;E	N.A.	N.A.	N.A.	N.A.
6z06	H	L	A	N.A.	N.A.	N.A.	N.A.
6z10	B	N.A.	A	N.A.	N.A.	N.A.	N.A.
6z1v	B	N.A.	A	2.01	fluorescence	298	N.A.
6z20	B	N.A.	A	0.9	fluorescence	298	N.A.
6z2l	C	B	A	320	SPR	310	N.A.
6z2m	D	N.A.	A	N.A.	N.A.	N.A.	N.A.
6z2m	H	L	E	N.A.	N.A.	N.A.	N.A.
6z43	X	N.A.	A	N.A.	N.A.	N.A.	N.A.
6zbp	B	N.A.	A	N.A.	N.A.	N.A.	N.A.
6zbv	B	N.A.	A	N.A.	N.A.	N.A.	N.A.
6zcz	F	N.A.	E	12	ITC	298	KD from DOI: 10.1038/s41594-020-0469-6
6zcz	H	L	E	2	SPR	298	N.A.
6zdg	H	L	E	2	SPR	298	N.A.
6zdh	H	L	A	2	SPR	298	N.A.
6ze1	B	N.A.	A	N.A.	N.A.	N.A.	N.A.
6zer	H	L	E	2	SPR	298	N.A.
6zfo	H	L	E	2	SPR	298	N.A.
6zh9	A	B	C	12	ITC	298	KD = 5 nM by SPR
6zh9	D	N.A.	C	6.28	BLI	N.A.	N.A.
6zhd	D	N.A.	A	N.A.	N.A.	N.A.	N.A.
6zlr	B	C	A	N.A.	N.A.	N.A.	N.A.
6zpl	F	N.A.	A	N.A.	N.A.	N.A.	N.A.
6zrv	B	N.A.	A	3.2	SPR	N.A.	KD from DOI: 10.1160/TH16-04-0306
6ztr	H	L	I	33	SPR	N.A.	N.A.
6zxn	D	N.A.	A	9	ITC	N.A.	KD = 5-10 nM confirmed by BLI
7a0v	B	N.A.	A	N.A.	N.A.	N.A.	N.A.
7a0w	C	D	A	N.A.	N.A.	N.A.	N.A.
7a0x	C	D	A	N.A.	N.A.	N.A.	N.A.
7a0y	C	D	A	N.A.	N.A.	N.A.	N.A.
7a17	B	N.A.	A	N.A.	N.A.	N.A.	N.A.
7a25	D	N.A.	A	10.6	BLI	295	important KD data paper
7a29	D	N.A.	A	10.6	BLI	295	N.A.
7a3n	H	L	A	16.2	BLI	298	N.A.
7a3o	H	L	A	N.A.	N.A.	N.A.	N.A.
7a3p	H	L	A;B	N.A.	N.A.	N.A.	N.A.
7a3q	H	L	A;B	N.A.	N.A.	N.A.	N.A.
7a3t	H	L	A	N.A.	N.A.	N.A.	Ab-Ag interface has 10 residues
7a3u	H	L	A	N.A.	N.A.	N.A.	N.A.
7a5r	H	L	A	80	BLI	N.A.	N.A.
7a5s	H	L	A	80	BLI	N.A.	N.A.
7a5v	O	N.A.	A	N.A.	N.A.	N.A.	N.A.
7a65	C	B	A	N.A.	N.A.	N.A.	N.A.
7a69	C	B	A	N.A.	N.A.	N.A.	N.A.
7a6c	C	B	A	N.A.	N.A.	N.A.	N.A.
7a6e	C	B	A	N.A.	N.A.	N.A.	N.A.
7a6f	C	B	A	N.A.	N.A.	N.A.	N.A.
7a6o	B	N.A.	A	91.6	BLI	296	N.A.
7aej	D	N.A.	A	2100	ITC	298	KD = 170 nM by BLI at 298 K
7ahv	A	B	H	2300	ITC	310	KD for soluble FIXa;KD = 16 nM for membrane FIXa/FX
7akd	H	L	B	10.8	flow cytometry	N.A.	N.A.
7akj	H	L	A	0.745	flow cytometry	N.A.	N.A.
7amp	H	L	B	2.57	SPR	298	N.A.
7amq	H	L	B	12900	SPR	N.A.	no measurable binding
7amr	H	L	B	1960	SPR	298	N.A.
7ams	H	L	B	479	SPR	298	N.A.
7anq	B	N.A.	A	5.56	BLI	N.A.	N.A.
7apj	B	N.A.	A	16.5	SPR	N.A.	N.A.
7aqg	B	N.A.	A	N.A.	N.A.	N.A.	N.A.
7aqg	C	N.A.	A	N.A.	N.A.	N.A.	N.A.
7aqx	C	N.A.	A	N.A.	N.A.	N.A.	N.A.
7aqy	D	N.A.	A	N.A.	N.A.	N.A.	N.A.
7aqz	C	N.A.	B	N.A.	N.A.	N.A.	N.A.
7ar0	B	N.A.	A	N.A.	N.A.	N.A.	N.A.
7azb	B	N.A.	A	N.A.	N.A.	N.A.	N.A.
7b09	H	L	A	N.A.	N.A.	N.A.	N.A.
7b0b	H	L	F	N.A.	N.A.	N.A.	N.A.
7b14	D	N.A.	A	1.86	SPR	298	important KD data paper
7b17	B	N.A.	A	N.A.	N.A.	N.A.	Ab = VHH-V + VHH-E
7b18	D	N.A.	A	1.86	SPR	298	N.A.
7b18	E	N.A.	A	8.92	SPR	298	N.A.
7b27	C	N.A.	A	8.23	BLI	N.A.	important KD data paper
7b3o	H	L	E	N.A.	N.A.	N.A.	N.A.
7b5g	B	N.A.	A	40	fluorescence polarization	303	important KD data paper
7bbj	H	L	A	0.074	N.A.	N.A.	N.A.
7bc6	B	N.A.	A	7.7	BLI	N.A.	N.A.
7bc7	B	N.A.	A	7.7	BLI	N.A.	N.A.
7beh	H	L	E	2	BLI	N.A.	N.A.
7bei	H	L	E	0.9	BLI	N.A.	N.A.
7bej	H	L	E	0.7	BLI	N.A.	N.A.
7bek	H	L	E	0.7	BLI	N.A.	N.A.
7bel	A	B	R	5.9	BLI	N.A.	N.A.
7bel	H	L	R	1.2	BLI	N.A.	N.A.
7bem	H	L	E	2.2	BLI	N.A.	N.A.
7ben	G	I	C	N.A.	N.A.	N.A.	N.A.
7ben	H	L	E	4.5	BLI	N.A.	N.A.
7beo	A	B	R	N.A.	N.A.	N.A.	N.A.
7beo	H	L	R	1.5	BLI	N.A.	N.A.
7bep	D	F	C	2.7	BLI	N.A.	N.A.
7bep	H	L	E	N.A.	N.A.	N.A.	N.A.
7bnv	H	L	A	3.4	SPR	298	N.A.
7bpk	H	L	B	N.A.	N.A.	N.A.	N.A.
7bq5	H	L	A;B	N.A.	N.A.	N.A.	N.A.
7bsc	H	L	A	0.1	SPR	N.A.	N.A.
7bsd	H	L	I	0.24	SPR	N.A.	N.A.
7bts	B	N.A.	A	N.A.	N.A.	N.A.	N.A.
7bu6	B	N.A.	A	N.A.	N.A.	N.A.	N.A.
7bu7	B	N.A.	A	N.A.	N.A.	N.A.	N.A.
7bu8	G	I	A;B	60	BLI	N.A.	N.A.
7bua	G	I	A;B	60	BLI	N.A.	N.A.
7bub	H	L	A;B	56	BLI	N.A.	N.A.
7bud	H	L	A;B	56	BLI	N.A.	N.A.
7bue	J	K	C	56	BLI	N.A.	CA trace only
7buf	H	L	A;B	56	BLI	N.A.	CA trace only
7bwj	H	L	E	5.14	SPR	N.A.	important KD data paper
7bxa	H	L	P	0.13	SPR	293	N.A.
7bz5	H	L	A	70.1	SPR	298	N.A.
7c01	C	D	B	2.49	SPR	N.A.	N.A.
7c2l	H	L	A	0.996	BLI	N.A.	N.A.
7c2s	G	H	A;B	N.A.	N.A.	N.A.	CA trace only
7c2t	K	L	B;N	N.A.	N.A.	N.A.	CA trace only
7c4s	H	L	A	N.A.	N.A.	N.A.	N.A.
7c61	H	L	A	N.A.	N.A.	N.A.	N.A.
7c6a	H	L	A	N.A.	N.A.	N.A.	N.A.
7c88	H	L	M	0.288	SPR	N.A.	N.A.
7c8v	A	N.A.	B	14.5	BLI	303	N.A.
7c8w	A	N.A.	B	83.7	BLI	303	N.A.
7cac	E	D	A;B	0.096	BLI	N.A.	N.A.
7cah	E	D	A	0.096	BLI	N.A.	N.A.
7cai	E	D	A	0.096	BLI	N.A.	N.A.
7cak	E	D	A	0.096	BLI	N.A.	N.A.
7can	A	N.A.	B	33	BLI	303	N.A.
7cbp	R	S	N	N.A.	N.A.	N.A.	N.A.
7cdi	H	L	E	1.72	SPR	N.A.	N.A.
7cdj	H	L	E	12.24	SPR	N.A.	N.A.
7ce2	Z	B	A	0.32	SPR	298	N.A.
7ceb	C	D	B	0.2	flow cytometry	298	N.A.
7cec	F	G	B	0.2	flow cytometry	298	N.A.
7cec	H	I	B	N.A.	N.A.	N.A.	N.A.
7cgw	H	L	P	0.114	SPR	293	N.A.
7ch4	H	L	R	0.18	SPR	N.A.	N.A.
7ch5	H	L	R	0.78	SPR	N.A.	N.A.
7chb	H	L	R	2.8	SPR	N.A.	N.A.
7chc	A	B	R	0.54	SPR	N.A.	N.A.
7chc	H	L	R	0.78	SPR	N.A.	N.A.
7che	A	B	R	0.54	SPR	N.A.	N.A.
7che	H	L	R	2.8	SPR	N.A.	N.A.
7chf	A	B	R	0.54	SPR	N.A.	N.A.
7chf	H	L	R	0.18	SPR	N.A.	N.A.
7chh	D	E	A	N.A.	N.A.	N.A.	N.A.
7cho	H	L	E	14.02	SPR	N.A.	important KD data paper
7chp	H	L	E	1.3	SPR	N.A.	N.A.
7chs	H	L	E	5.79	SPR	N.A.	N.A.
7chy	H	L	I	28.9	SPR	298	N.A.
7chz	H	L	I	0.645	SPR	298	N.A.
7cj2	C	D	A	N.A.	N.A.	N.A.	N.A.
7cjf	A	B	C	0.102	SPR	N.A.	important KD data paper
7cm4	H	L	A	0.027	SPR	N.A.	N.A.
7cn2	M	m	A	N.A.	N.A.	N.A.	N.A.
7coe	H	L	A	N.A.	N.A.	N.A.	N.A.
7cqc	H	L	A	N.A.	N.A.	N.A.	N.A.
7cqd	H	L	A	N.A.	N.A.	N.A.	N.A.
7cr5	H	L	A	1.02	SPR	298	important KD data paper
7cth	H	L	B;C	N.A.	N.A.	N.A.	N.A.
7cu5	A	B	E;Q	5.92	SPR	310	N.A.
7cvs	C	D	A	N.A.	N.A.	N.A.	N.A.
7cvt	C	D	A	N.A.	N.A.	N.A.	N.A.
7cvy	D	E	B	45.4	BLI	298	CA trace only
7cwl	G	J	B	0.0961	SPR	N.A.	N.A.
7cwm	G	J	B	0.0961	SPR	N.A.	N.A.
7cwn	G	F	A	0.0961	SPR	N.A.	N.A.
7cwn	O	M	A	N.A.	N.A.	N.A.	N.A.
7cwo	H	L	A	0.0961	SPR	N.A.	N.A.
7cws	I	H	O	N.A.	N.A.	N.A.	N.A.
7cws	N	K	O	N.A.	N.A.	N.A.	N.A.
7cwt	E	D	A	N.A.	N.A.	N.A.	N.A.
7cwt	L	H	A	N.A.	N.A.	N.A.	N.A.
7cwu	J	F	A	N.A.	N.A.	N.A.	N.A.
7cwu	H	L	B	N.A.	N.A.	N.A.	N.A.
7cyh	E	D	A	N.A.	N.A.	N.A.	N.A.
7cyp	E	D	A	0.067	SPR	N.A.	N.A.
7cyv	H	N.A.	B	5.6	BLI	303	N.A.
7cz0	E	N.A.	A	N.A.	N.A.	N.A.	N.A.
7czd	C	N.A.	D	1.6	BLI	N.A.	N.A.
7czp	H	L	A	26.97	SPR	N.A.	N.A.
7czq	H	K	A	50.77	SPR	N.A.	N.A.
7czr	H	K	A	1.09	SPR	N.A.	N.A.
7czs	H	K	A	1.09	SPR	N.A.	N.A.
7czt	H	L	A	6.98	SPR	N.A.	N.A.
7czu	H	K	A	1.01	SPR	N.A.	N.A.
7czv	H	K	A	1.01	SPR	N.A.	N.A.
7czw	H	L	A	3.55	SPR	N.A.	N.A.
7czx	H	K	A	0.75	SPR	N.A.	N.A.
7czy	H	K	A	5.33	SPR	N.A.	N.A.
7czz	H	K	A	5.33	SPR	N.A.	N.A.
7d00	H	K	A	6.98	SPR	N.A.	N.A.
7d03	H	L	A	3.55	SPR	N.A.	N.A.
7d0b	H	L	A	1.03	SPR	N.A.	N.A.
7d0c	H	L	A	90.09	SPR	N.A.	N.A.
7d0d	H	L	A	1.03	SPR	N.A.	N.A.
7d2z	A	N.A.	B	5.6	BLI	303	N.A.
7d30	A	N.A.	B	0.3	BLI	303	Ag is biparatopic fusion MR17-SR31
7d3k	H	L	2	N.A.	N.A.	N.A.	N.A.
7d4b	B	N.A.	A	4.9	BLI	N.A.	N.A.
7d4g	N	G	B	N.A.	N.A.	N.A.	N.A.
7d5b	D	N.A.	A	N.A.	N.A.	N.A.	N.A.
7d5p	C	N.A.	A	46.6	ITC	298	N.A.
7d5q	C	N.A.	A	N.A.	N.A.	N.A.	N.A.
7d5u	D	N.A.	A	N.A.	N.A.	N.A.	N.A.
7d5z	D	C	A	N.A.	N.A.	N.A.	N.A.
7d6i	B	C	A	N.A.	N.A.	N.A.	N.A.
7d6y	B	N.A.	A	154.3	SPR	N.A.	N.A.
7d85	B	C	A	<0.075	SPR	N.A.	N.A.
7d8b	B	N.A.	A	0.057	SPR	N.A.	N.A.
7daa	H	L	A	N.A.	N.A.	N.A.	N.A.
7dc8	B	A	C	48	SPR	310	ATP-dependent binding
7dcc	D	H	E	<0.001	BLI	N.A.	N.A.
7dcx	A	F	C	<0.001	BLI	N.A.	N.A.
7dd2	A	B	C	<0.001	BLI	N.A.	N.A.
7deo	A	N.A.	B	2.33	BLI	N.A.	important KD data paper
7det	B	N.A.	A	0.0507	BLI	N.A.	N.A.
7deu	B	N.A.	A	<0.001	BLI	N.A.	N.A.
7df1	F	J	C	58.2	SPR	N.A.	N.A.
7dfp	C	B	A	N.A.	N.A.	N.A.	N.A.
7dge	C	N.A.	A	N.A.	N.A.	N.A.	N.A.
7dha	C	B	A	4.36	SPR	N.A.	N.A.
7djz	A	B	C	N.A.	N.A.	N.A.	N.A.
7dk0	A	B	C	N.A.	N.A.	N.A.	N.A.
7dk2	A	B	C	N.A.	N.A.	N.A.	N.A.
7dk4	a	b	A	0.18	BLI	N.A.	N.A.
7dk5	a	b	A	0.18	BLI	N.A.	N.A.
7dk6	a	b	A	0.18	BLI	N.A.	N.A.
7dk7	a	b	A	0.18	BLI	N.A.	N.A.
7dkj	C	D	A	N.A.	N.A.	N.A.	N.A.
7dm1	F	E	B	1.44	SPR	298	important KD data paper
7dm2	H	L	A	1.34	SPR	298	N.A.
7dpm	A	B	C	5.45	BLI	N.A.	N.A.
7dq7	H	L	B	22.6	SPR	N.A.	N.A.
7dr4	H	L	I;K	0.0811	SPR	N.A.	N.A.
7dst	E	N.A.	C	1	SPR	298	N.A.
7duo	H	L	B	N.A.	N.A.	N.A.	N.A.
7dv4	B	N.A.	A	0.0428	BLI	N.A.	N.A.
7dw9	N	N.A.	A;B	N.A.	N.A.	N.A.	N.A.
7dw9	S	N.A.	A;B	N.A.	N.A.	N.A.	N.A.
7dwt	H	L	A	0.844	BLI	310	CA trace only
7dwu	H	L	A;C	0.844	BLI	310	CA trace only
7dx4	H	L	E	N.A.	N.A.	N.A.	N.A.
7dzx	H	L	C	N.A.	N.A.	N.A.	N.A.
7dzy	H	L	B	N.A.	N.A.	N.A.	N.A.
7e23	B	C	A	0.698	BLI	N.A.	N.A.
7e39	C	B	A	0.523	SPR	N.A.	important KD data paper
7e3b	B	C	A	1.39	SPR	N.A.	N.A.
7e3c	B	C	A	1.53	SPR	N.A.	N.A.
7e3k	H	L	C	51.2	SPR	N.A.	N.A.
7e3l	H	L	C	5.07	SPR	N.A.	N.A.
7e3o	H	L	R	8.02	SPR	298	important KD data paper
7e53	B	N.A.	A	15.8	ITC	293	N.A.
7e5o	H	L	A	1.2	BLI	303	N.A.
7e5r	L	H	A	1.1	SPR	N.A.	N.A.
7e5r	M	U	A	0.14	SPR	N.A.	N.A.
7e5r	P	Q	A	4.322	SPR	N.A.	KD from DOI: 10.1093/nsr/nwab053
7e5s	P	N	A	4.322	SPR	N.A.	KD from DOI: 10.1093/nsr/nwab053
7e5s	R	O	A	0.033	SPR	N.A.	N.A.
7e5s	I	K	B	0.14	SPR	N.A.	N.A.
7e5s	L	D	B	1.1	SPR	N.A.	N.A.
7e5y	C	B	A	4.76	SPR	N.A.	important KD data paper
7e6u	B	N.A.	A	0.24	SPR	298	N.A.
7e72	A	B	E	N.A.	N.A.	N.A.	N.A.
7e7e	H	L	A;B	2.95	SPR	N.A.	N.A.
7e7x	H	L	A	N.A.	N.A.	N.A.	N.A.
7e7y	C	D	E	N.A.	N.A.	N.A.	N.A.
7e86	A	B	C	N.A.	N.A.	N.A.	N.A.
7e88	A	B	C	N.A.	N.A.	N.A.	N.A.
7e8c	H	L	A	N.A.	N.A.	N.A.	N.A.
7e8c	M	J	A	N.A.	N.A.	N.A.	N.A.
7e8c	O	Q	A	N.A.	N.A.	N.A.	N.A.
7e8f	H	L	A	N.A.	N.A.	N.A.	N.A.
7e8f	C	B	R	N.A.	N.A.	N.A.	N.A.
7e8f	D	E	R	N.A.	N.A.	N.A.	N.A.
7e8m	H	L	E	21.9	SPR	291	N.A.
7e9b	H	L	C	2.42	BLI	298	N.A.
7e9g	D	N.A.	A;B	N.A.	N.A.	N.A.	N.A.
7e9g	E	N.A.	R;S	N.A.	N.A.	N.A.	N.A.
7e9n	H	L	A	0.00219	SPR	298	N.A.
7e9o	H	L	A	0.00219	SPR	298	N.A.
7e9p	H	L	B	0.00219	SPR	298	N.A.
7e9q	H	L	A	0.00219	SPR	298	N.A.
7eam	H	L	A	0.003	SPR	N.A.	important KD data paper
7ean	H	L	A	0.01	SPR	N.A.	N.A.
7eh5	D	O	A	N.A.	N.A.	N.A.	N.A.
7eh5	H	L	A	N.A.	N.A.	N.A.	N.A.
7ej4	H	L	A	N.A.	N.A.	N.A.	N.A.
7ej5	H	L	A	N.A.	N.A.	N.A.	N.A.
7ejy	H	L	R	0.204	SPR	N.A.	important KD data paper;
7ejz	H	L	R	0.273	SPR	N.A.	N.A.
7ek0	H	L	R	2.23	SPR	N.A.	N.A.
7elx	H	L	C	N.A.	N.A.	N.A.	N.A.
7enf	P	O	B	10.9	SPR	298	N.A.
7eng	H	L	B	10.9	SPR	298	N.A.
7eo0	H	L	3	N.A.	N.A.	N.A.	N.A.
7eow	B	N.A.	A	4.4	N.A.	N.A.	N.A.
7epb	C	N.A.	A;B	N.A.	N.A.	N.A.	N.A.
7epu	A	N.A.	B	N.A.	N.A.	N.A.	N.A.
7epx	H	L	A	0.65	BLI	303	N.A.
7ew5	E	F	A;D	N.A.	N.A.	N.A.	N.A.
7ey0	A	B	R	N.A.	N.A.	N.A.	N.A.
7ey0	H	L	R	N.A.	N.A.	N.A.	N.A.
7ey5	B	C	A	N.A.	N.A.	N.A.	N.A.
7ey5	H	L	A	N.A.	N.A.	N.A.	N.A.
7eya	H	L	R	N.A.	N.A.	N.A.	N.A.
7ezv	H	L	A	N.A.	N.A.	N.A.	N.A.
7ezv	M	N	A	N.A.	N.A.	N.A.	N.A.
7f0x	B	N.A.	A	N.A.	N.A.	N.A.	N.A.
7f12	B	N.A.	A	N.A.	N.A.	N.A.	N.A.
7f15	B	N.A.	A	N.A.	N.A.	N.A.	N.A.
7f1g	D	N.A.	A	N.A.	N.A.	N.A.	N.A.
7f3q	C	B	A	4.32	BLI	N.A.	N.A.
7f3q	H	L	A	0.217	BLI	N.A.	N.A.
7f5g	D	N.A.	C	0.25	BLI	N.A.	N.A.
7f5h	C	N.A.	A	1.56	BLI	303	N.A.
7f62	H	L	A	6.33	BLI	298	N.A.
7f63	H	L	A	0.282	BLI	298	N.A.
7f6y	H	L	R	1	SPR	N.A.	N.A.
7f6z	H	L	R	1.42	SPR	N.A.	N.A.
7f7e	C	L	E	N.A.	N.A.	N.A.	N.A.
7f7h	A	B	E	N.A.	N.A.	N.A.	N.A.
7f9w	B	C	A	8.84	SPR	298	N.A.
7f9z	E	N.A.	A;B	N.A.	N.A.	N.A.	N.A.
7f9z	N	N.A.	A;B	N.A.	N.A.	N.A.	N.A.
7fae	H	L	A	6.91	SPR	N.A.	N.A.
7faf	H	L	C	6.91	SPR	N.A.	N.A.
7fah	H	L	A	24.85	SPR	N.A.	N.A.
7fat	B	N.A.	A	0.74	BLI	N.A.	N.A.
7fau	B	N.A.	A	6.76	BLI	N.A.	N.A.
7fbi	H	L	A	N.A.	N.A.	N.A.	N.A.
7fbi	N	M	A	N.A.	N.A.	N.A.	N.A.
7fci	H	L	A	N.A.	N.A.	N.A.	N.A.
7fcp	B	D	A	<0.004585	SPR	N.A.	N.A.
7fcp	H	L	A	0.55	SPR	N.A.	N.A.
7fcq	H	L	A	0.55	SPR	N.A.	N.A.
7fg2	D	N.A.	A	1.4	BLI	298	N.A.
7fg3	D	N.A.	A	1.4	BLI	298	N.A.
7fh0	B	N.A.	A	N.A.	N.A.	N.A.	N.A.
7fjc	H	L	E	N.A.	N.A.	N.A.	N.A.
7fjn	H	L	B	N.A.	N.A.	N.A.	N.A.
7fjo	H	L	A	N.A.	N.A.	N.A.	N.A.
7fjs	C	A	B	N.A.	N.A.	N.A.	N.A.
7jgj	H	L	A	N.A.	N.A.	N.A.	N.A.
7jhg	H	L	A	N.A.	N.A.	N.A.	N.A.
7jhh	H	L	A	N.A.	N.A.	N.A.	N.A.
7jie	C	D	A;B	N.A.	N.A.	N.A.	N.A.
7jix	H	L	A	N.A.	N.A.	N.A.	N.A.
7jks	H	L	G	N.A.	N.A.	N.A.	N.A.
7jkt	H	L	G	N.A.	N.A.	N.A.	N.A.
7jmo	H	L	A	39.6	BLI	N.A.	N.A.
7jmp	H	L	A	20.9	BLI	N.A.	N.A.
7jmw	H	L	A	46	BLI	N.A.	N.A.
7jn5	H	L	F	1	BLI	N.A.	N.A.
7joo	H	L	C	2	BLI	N.A.	N.A.
7jr7	C	D	B	0.12	SPR	N.A.	N.A.
7jr7	E	F	B	0.11	SPR	N.A.	N.A.
7jtf	A	B	E	25.8	BLI	303	N.A.
7jtg	A	B	E	23.3	BLI	303	N.A.
7jti	H	L	A	53.54	SPR	298	N.A.
7jtr	B	N.A.	A	9.73	SPR	277	N.A.
7jum	H	N.A.	A	1.804	BLI	N.A.	KD from geometric mean of two replicates
7jv2	H	L	A	149	SPR	298	N.A.
7jv4	D	E	B	119	SPR	298	N.A.
7jv6	H	L	A	119	SPR	298	N.A.
7jva	H	L	A	7.5	SPR	298	N.A.
7jvb	C	N.A.	A	0.0104	SPR	N.A.	N.A.
7jvc	H	L	A	10	SPR	298	N.A.
7jw0	H	L	A	8.7	SPR	298	N.A.
7jwg	H	L	C	N.A.	N.A.	N.A.	N.A.
7jx3	A	B	R	0.3	SPR	298	N.A.
7jx3	C	D	R	75	SPR	298	N.A.
7jx3	H	L	R	1.1	SPR	298	N.A.
7k43	H	L	A;B	68	SPR	298	N.A.
7k45	H	L	B	1.6	SPR	298	N.A.
7k4n	H	L	A	2.5	SPR	298	N.A.
7k65	B	N.A.	A	N.A.	N.A.	N.A.	N.A.
7k66	B	C	A	0.1	N.A.	N.A.	N.A.
7k7i	H	L	A	0.0067	SPR	N.A.	N.A.
7k7y	D	N.A.	A	N.A.	N.A.	N.A.	N.A.
7k84	B	N.A.	A	N.A.	N.A.	N.A.	N.A.
7k8m	A	B	E	27	SPR	N.A.	N.A.
7k8s	O	P	B	11	SPR	N.A.	N.A.
7k8t	O	P	A	11	SPR	N.A.	N.A.
7k8v	H	L	A	1.3	SPR	N.A.	N.A.
7k8w	H	L	A	10	SPR	N.A.	N.A.
7k8x	E	G	A	0.5	SPR	N.A.	N.A.
7k8z	H	L	A	6	SPR	N.A.	N.A.
7k90	H	L	B;C	18	SPR	N.A.	N.A.
7k93	E	N.A.	A	5.8	BLI	298	N.A.
7k9h	I	M	C	1.05	BLI	N.A.	KD from Ab-RBD binding
7k9i	H	L	A	1.05	BLI	N.A.	N.A.
7k9j	H	L	A	40.1	BLI	N.A.	N.A.
7k9k	H	L	A	40.1	BLI	N.A.	N.A.
7k9z	B	A	E	0.82	BLI	298	N.A.
7k9z	H	L	E	0.41	BLI	298	N.A.
7kbb	A	B	C;E	N.A.	N.A.	N.A.	N.A.
7kbb	H	L	D	N.A.	N.A.	N.A.	N.A.
7kbt	E	F	A	N.A.	N.A.	N.A.	N.A.
7kd6	C	D	E	N.A.	N.A.	N.A.	N.A.
7kdd	D	E	A	N.A.	N.A.	N.A.	N.A.
7kde	S	T	A;E	N.A.	N.A.	N.A.	N.A.
7kde	H	L	G	N.A.	N.A.	N.A.	N.A.
7kej	G	J	A	N.A.	N.A.	N.A.	N.A.
7ket	A	B	C	7.26	SPR	N.A.	N.A.
7kew	G	J	A	N.A.	N.A.	N.A.	N.A.
7kex	G	J	A	N.A.	N.A.	N.A.	N.A.
7kez	H	L	V	N.A.	N.A.	N.A.	N.A.
7kf0	H	L	V	N.A.	N.A.	N.A.	N.A.
7kf1	H	L	V	N.A.	N.A.	N.A.	N.A.
7kf9	G	J	A	N.A.	N.A.	N.A.	N.A.
7kfb	G	J	A	N.A.	N.A.	N.A.	N.A.
7kfe	G	I	B	N.A.	N.A.	N.A.	N.A.
7kfh	G	J	A	N.A.	N.A.	N.A.	N.A.
7kfv	H	L	A	4.2	BLI	N.A.	N.A.
7kfw	H	L	A	76.3	BLI	N.A.	N.A.
7kfx	H	L	A	14.1	BLI	N.A.	N.A.
7kfy	H	L	A	55.7	BLI	N.A.	N.A.
7kgj	B	N.A.	A	47.1	SPR	298	N.A.
7kgk	B	N.A.	A	40.6	SPR	298	N.A.
7kgv	D	F	A	N.A.	N.A.	N.A.	N.A.
7kh0	N	N.A.	A;B	N.A.	N.A.	N.A.	N.A.
7kh0	S	N.A.	A;B	N.A.	N.A.	N.A.	N.A.
7ki4	H	L	A;B	27.46	BLI	303	Geometric mean of two replicates
7ki6	H	L	A	1.00	BLI	303	Geometric mean of two replicates
7kjh	A	N.A.	C	6.7	BLI	298	important KD data paper
7kji	A	N.A.	B	5	BLI	298	N.A.
7kkk	B	N.A.	A;C	210	SPR	N.A.	N.A.
7kkl	B	N.A.	A;C	<0.001	SPR	N.A.	N.A.
7klc	D	C	A	N.A.	N.A.	N.A.	N.A.
7klc	H	L	A	N.A.	N.A.	N.A.	N.A.
7klg	H	L	A;B	0.3	BLI	298	N.A.
7klh	I	M	B	0.039	BLI	298	N.A.
7klw	B	N.A.	A	47.1	SPR	298	N.A.
7klw	C	N.A.	A	62.7	SPR	298	N.A.
7km5	D	N.A.	A	14.2	SPR	N.A.	N.A.
7kmd	H	L	G	N.A.	N.A.	N.A.	N.A.
7kmd	A	E	G;T	N.A.	N.A.	N.A.	N.A.
7kmg	A	B	C;F	3.5	BLI	N.A.	N.A.
7kmh	A	B	C	N.A.	N.A.	N.A.	N.A.
7kmi	A	B	C	N.A.	N.A.	N.A.	N.A.
7kmk	H	L	A	0.039	BLI	298	N.A.
7kml	H	L	A	0.039	BLI	298	N.A.
7kn3	H	L	A	7.79	SPR	293	N.A.
7kn4	H	L	A	2.37	SPR	293	N.A.
7kn5	C	N.A.	A	1.86	SPR	298	N.A.
7kn5	E	N.A.	A	21.4	SPR	298	N.A.
7kn6	C	N.A.	A	8.92	SPR	298	N.A.
7kn6	H	L	A	N.A.	N.A.	N.A.	N.A.
7kn7	B	N.A.	A	22.2	SPR	298	N.A.
7kn7	H	L	A	N.A.	N.A.	N.A.	N.A.
7kpg	H	L	S	N.A.	N.A.	N.A.	N.A.
7kq7	H	L	B	N.A.	N.A.	N.A.	N.A.
7kqb	H	L	A	7.61	BLI	298	N.A.
7kqe	H	L	A	1.64	BLI	298	N.A.
7kqg	B	C	A	160	BLI	N.A.	N.A.
7kqh	H	L	B	50	BLI	N.A.	N.A.
7kqi	A	C	B	80	BLI	N.A.	N.A.
7kql	H	L	T	N.A.	N.A.	N.A.	N.A.
7kra	I	J	A	N.A.	N.A.	N.A.	N.A.
7ks9	H	L	B	0.162	SPR	298	N.A.
7ksg	D	N.A.	A	1.86	SPR	298	N.A.
7ktx	I	J	A	N.A.	N.A.	N.A.	N.A.
7kxj	H	L	A	0.039	BLI	298	N.A.
7kxk	H	L	A	0.039	BLI	298	N.A.
7kyl	H	L	E	68.4	BLI	N.A.	N.A.
7kyo	H	L	B	N.A.	N.A.	N.A.	N.A.
7kzb	A	B	C	261	BLI	298	N.A.
7kzb	H	L	C	61	BLI	298	N.A.
7kzx	F	E	A	N.A.	N.A.	N.A.	N.A.
7kzz	D	C	A	N.A.	N.A.	N.A.	N.A.
7l0n	A	B	R	N.A.	N.A.	N.A.	N.A.
7l0n	H	L	R	N.A.	N.A.	N.A.	N.A.
7l1v	H	N.A.	A;B	N.A.	N.A.	N.A.	N.A.
7l1v	S	N.A.	R	0.6	grating coupled interferometry	N.A.	N.A.
7l2c	H	L	A	3.6035	SPR	298	N.A.
7l2d	H	L	A	0.1359	SPR	298	N.A.
7l2e	H	L	A	0.0043	SPR	298	N.A.
7l2f	H	L	A	0.4162	SPR	298	N.A.
7l56	H	L	A	1.034	SPR	298	N.A.
7l57	H	L	B	0.0275	SPR	298	N.A.
7l58	H	L	B	4.48	SPR	298	KD from DOI: 10.1126/science.abc2241
7l5b	H	L	A	0.0275	SPR	298	N.A.
7l5j	Y	X	A	46	SPR	298	N.A.
7l6v	B	N.A.	A	N.A.	N.A.	N.A.	N.A.
7l6v	C	N.A.	A	N.A.	N.A.	N.A.	N.A.
7l6v	D	N.A.	A	N.A.	N.A.	N.A.	N.A.
7l6v	E	N.A.	A	N.A.	N.A.	N.A.	N.A.
7l6v	F	N.A.	A	N.A.	N.A.	N.A.	N.A.
7l7d	H	L	E	0.253	BLI	N.A.	N.A.
7l7e	O	P	K	<0.001	BLI	N.A.	N.A.
7l7e	H	L	S	0.253	BLI	N.A.	N.A.
7l7r	B	A	G	<0.022	BLI	N.A.	N.A.
7l7r	D	C	G	N.A.	N.A.	N.A.	N.A.
7l8p	H	L	A	N.A.	N.A.	N.A.	N.A.
7la4	H	L	A	N.A.	N.A.	N.A.	N.A.
7laa	H	L	A	0.3	SPR	N.A.	N.A.
7lab	H	L	C	294	SPR	N.A.	N.A.
7lbe	F	E	A	N.A.	N.A.	N.A.	N.A.
7lbe	H	G	A	N.A.	N.A.	N.A.	N.A.
7lbf	F	E	A	N.A.	N.A.	N.A.	N.A.
7lbf	H	G	A	N.A.	N.A.	N.A.	N.A.
7lbg	F	E	A	N.A.	N.A.	N.A.	N.A.
7lbg	H	G	A	N.A.	N.A.	N.A.	N.A.
7lcn	H	L	C	16.4	SPR	N.A.	N.A.
7lcv	A	B	C	66	SPR	N.A.	N.A.
7ld1	H	L	B	0.1	SPR	N.A.	N.A.
7ldd	L	N.A.	A	N.A.	N.A.	N.A.	N.A.
7ldd	N	M	B	N.A.	N.A.	N.A.	N.A.
7lde	L	N.A.	A	N.A.	N.A.	N.A.	N.A.
7lde	N	M	B	N.A.	N.A.	N.A.	N.A.
7ldj	E	N.A.	B	0.36	BLI	298	important KD data paper
7lex	D	E	A;B	N.A.	N.A.	N.A.	N.A.
7ley	D	E	A	N.A.	N.A.	N.A.	N.A.
7lez	D	E	A;B	N.A.	N.A.	N.A.	N.A.
7lf0	D	E	A;B	N.A.	N.A.	N.A.	N.A.
7lf1	D	E	A;B	0.74	SPR	298	N.A.
7lf2	D	E	A;B	0.56	SPR	298	N.A.
7lf7	H	L	K	0.86	SPR	310	N.A.
7lf8	H	L	A	N.A.	N.A.	N.A.	N.A.
7lfa	H	L	C	1.56	SPR	310	N.A.
7lfb	H	L	X	1.63	SPR	310	N.A.
7lg6	H	L	A	N.A.	N.A.	N.A.	N.A.
7lg6	C	D	A;I	N.A.	N.A.	N.A.	N.A.
7li6	B	C	A	N.A.	N.A.	N.A.	N.A.
7li7	B	C	A	N.A.	N.A.	N.A.	N.A.
7li8	B	C	A	N.A.	N.A.	N.A.	N.A.
7li9	B	C	A	N.A.	N.A.	N.A.	N.A.
7lia	B	C	A	N.A.	N.A.	N.A.	N.A.
7lj4	G	F	B	N.A.	N.A.	N.A.	N.A.
7lj5	G	F	B	N.A.	N.A.	N.A.	N.A.
7lja	G	F	B	N.A.	N.A.	N.A.	N.A.
7ljb	G	F	B	N.A.	N.A.	N.A.	N.A.
7ljr	S	T	A	1.6	SPR	N.A.	N.A.
7lk4	B	A	R	N.A.	N.A.	N.A.	N.A.
7lkf	H	L	A	N.A.	N.A.	N.A.	N.A.
7lkh	H	L	A	N.A.	N.A.	N.A.	N.A.
7ll1	H	L	A	60.2	BLI	310	N.A.
7ll2	H	L	A	N.A.	N.A.	N.A.	N.A.
7llk	C	D	A	N.A.	N.A.	N.A.	N.A.
7lm8	H	L	A	N.A.	N.A.	N.A.	N.A.
7lm8	M	N	A	29.2	BLI	N.A.	N.A.
7lm9	H	L	A	53.6	BLI	N.A.	N.A.
7lo6	L	K	A	N.A.	N.A.	N.A.	N.A.
7lo7	H	L	Z	1200	microscale thermophoresis	N.A.	N.A.
7lo8	H	L	Z	140	microscale thermophoresis	N.A.	N.A.
7lok	K	J	A	N.A.	N.A.	N.A.	N.A.
7lop	H	L	A	45.3	BLI	N.A.	N.A.
7lop	B	C	A;Z	N.A.	N.A.	N.A.	N.A.
7lpn	D	N.A.	C;F	N.A.	N.A.	N.A.	N.A.
7lq7	H	L	A	N.A.	N.A.	N.A.	N.A.
7lq7	P	Q	A	N.A.	N.A.	N.A.	N.A.
7lqv	H	L	A	4.4802	SPR	298	N.A.
7lqw	H	L	C	0.0003	SPR	298	N.A.
7lr3	H	L	D	7.8	SPR	N.A.	Geometric mean of two replicates
7lr4	H	L	D	5.5	SPR	N.A.	Geometric mean of two replicates
7lrs	D	E	C	7.3	BLI	303	N.A.
7lrt	H	L	A	7.3	BLI	303	N.A.
7ls9	H	L	A	N.A.	N.A.	N.A.	N.A.
7lse	H	L	E	N.A.	N.A.	N.A.	N.A.
7lsf	H	L	E	N.A.	N.A.	N.A.	N.A.
7lsg	H	L	C	N.A.	N.A.	N.A.	N.A.
7lss	H	L	B	N.A.	N.A.	N.A.	N.A.
7luc	F	G	A	0.0057	BLI	303	N.A.
7luc	J	K	A	0.025	BLI	303	N.A.
7lue	H	L	A	N.A.	N.A.	N.A.	N.A.
7lvw	G	N.A.	A	0.084	SPR	N.A.	N.A.
7lwd	H	L	A	N.A.	N.A.	N.A.	N.A.
7lx2	H	L	A	N.A.	BLI	N.A.	N.A.
7lx3	H	L	A	N.A.	BLI	N.A.	N.A.
7lx5	A	N.A.	B	0.36	BLI	298	N.A.
7lx5	C	N.A.	B	0.68	BLI	298	N.A.
7lxm	H	L	A	<0.001	BLI	N.A.	N.A.
7lxn	H	L	A	<0.001	BLI	N.A.	N.A.
7lxw	H	L	A	1.8	BLI	310	N.A.
7lxx	H	L	A	0.3	BLI	310	N.A.
7lxy	H	L	A	1.8	BLI	310	N.A.
7lxy	F	C	A;B	N.A.	N.A.	310	N.A.
7lxz	H	J	A	0.3	BLI	310	N.A.
7lxz	F	C	A;B	N.A.	N.A.	310	N.A.
7ly0	H	L	A	8.7	BLI	310	N.A.
7ly2	H	L	A	8.7	BLI	310	N.A.
7ly2	F	C	A;B	N.A.	N.A.	310	N.A.
7ly3	D	C	A	8.7	BLI	310	N.A.
7ly9	E	I	D	N.A.	N.A.	N.A.	N.A.
7ly9	H	L	D;G;K	N.A.	N.A.	N.A.	N.A.
7lzp	B	N.A.	A	N.A.	N.A.	N.A.	N.A.
7lzp	C	N.A.	A	N.A.	N.A.	N.A.	N.A.
7lzp	G	N.A.	A	N.A.	N.A.	N.A.	N.A.
7m1h	B	N.A.	A	N.A.	N.A.	N.A.	N.A.
7m1h	C	N.A.	A	N.A.	N.A.	N.A.	N.A.
7m1h	D	N.A.	A	N.A.	N.A.	N.A.	N.A.
7m1h	E	N.A.	A	N.A.	N.A.	N.A.	N.A.
7m1h	F	N.A.	A	N.A.	N.A.	N.A.	N.A.
7m1h	G	N.A.	A	N.A.	N.A.	N.A.	N.A.
7m2h	A	B	C	N.A.	N.A.	N.A.	N.A.
7m2i	A	B	C	N.A.	N.A.	N.A.	N.A.
7m2j	A	B	C	N.A.	N.A.	N.A.	N.A.
7m30	H	L	B	N.A.	N.A.	N.A.	N.A.
7m30	F	G	C	N.A.	N.A.	N.A.	N.A.
7m30	M	N	C	N.A.	N.A.	N.A.	N.A.
7m3i	H	L	R	N.A.	N.A.	N.A.	N.A.
7m3n	H	L	A	N.A.	N.A.	N.A.	N.A.
7m42	B	A	E	N.A.	N.A.	N.A.	N.A.
7m42	D	C	E	N.A.	N.A.	N.A.	N.A.
7m6d	A	B	C	N.A.	N.A.	N.A.	N.A.
7m6d	H	L	C	N.A.	N.A.	N.A.	N.A.
7m6e	H	L	A;E	N.A.	N.A.	N.A.	N.A.
7m6f	H	L	A	N.A.	N.A.	N.A.	N.A.
7m6g	H	L	C	N.A.	N.A.	N.A.	N.A.
7m6h	E	G	A	N.A.	N.A.	N.A.	N.A.
7m6i	M	N	A	N.A.	N.A.	N.A.	N.A.
7m74	H	L	A	N.A.	N.A.	N.A.	N.A.
7m7b	H	L	A	1.64	BLI	298	N.A.
7m7f	C	D	A;B	N.A.	N.A.	N.A.	N.A.
7m7g	C	D	A;B	N.A.	N.A.	N.A.	N.A.
7m7h	C	D	A;B	N.A.	N.A.	N.A.	N.A.
7m7i	C	D	A;B	N.A.	N.A.	N.A.	N.A.
7m7j	C	D	A;B	N.A.	N.A.	N.A.	N.A.
7m7w	E	F	R	0.04	SPR	298	important KD data paper
7m7w	H	L	R	0.08	SPR	298	KD = 0.49 nM by BLI
7m8j	H	L	A	9.4	BLI	298	N.A.
7m8l	G	J	A	N.A.	N.A.	N.A.	N.A.
7m8l	M	P	A;D	N.A.	N.A.	N.A.	N.A.
7mdj	A	B	C	N.A.	N.A.	N.A.	N.A.
7mdp	H	I	A	N.A.	N.A.	N.A.	N.A.
7mdt	H	L	A	N.A.	N.A.	N.A.	N.A.
7mdu	E	F	A	N.A.	N.A.	N.A.	N.A.
7mdu	H	L	A	890	BLI	298	N.A.
7mdw	A	N.A.	R	N.A.	N.A.	N.A.	N.A.
7mdw	B	N.A.	R	N.A.	N.A.	N.A.	N.A.
7me7	A	N.A.	R	N.A.	N.A.	N.A.	N.A.
7me7	B	N.A.	R	N.A.	N.A.	N.A.	N.A.
7mej	A	N.A.	R	N.A.	N.A.	N.A.	N.A.
7mej	B	N.A.	R	N.A.	N.A.	N.A.	N.A.
7mem	H	L	E	N.A.	N.A.	N.A.	N.A.
7mep	H	L	A	180	BLI	298	N.A.
7mep	I	G	A;E	N.A.	N.A.	N.A.	N.A.
7mf1	H	L	A	2	BLI	N.A.	N.A.
7mfu	B	N.A.	A	13.8	SPR	298	N.A.
7mfu	C	N.A.	A	62.7	SPR	298	N.A.
7mgw	B	C	A	N.A.	N.A.	N.A.	N.A.
7mhr	A	B	C	N.A.	N.A.	N.A.	N.A.
7mhx	A	B	C	N.A.	N.A.	N.A.	N.A.
7mhy	M	N	A	N.A.	N.A.	N.A.	N.A.
7mhy	O	P	A	N.A.	N.A.	N.A.	N.A.
7mhz	O	P	A	N.A.	N.A.	N.A.	N.A.
7mjh	D	N.A.	A	N.A.	N.A.	N.A.	N.A.
7mji	E	N.A.	B	N.A.	N.A.	N.A.	N.A.
7mjj	D	E	A	N.A.	N.A.	N.A.	N.A.
7mjk	D	E	A	N.A.	N.A.	N.A.	N.A.
7mjl	H	L	A	N.A.	N.A.	N.A.	N.A.
7mjs	H	L	X	N.A.	N.A.	N.A.	N.A.
7mjt	A	B	C	N.A.	N.A.	N.A.	N.A.
7mk6	A	B	C	N.A.	N.A.	N.A.	N.A.
7mkl	H	L	A	6.5	BLI	N.A.	N.A.
7mkm	H	L	A	6.5	BLI	N.A.	spike RBD;local refinement
7mlh	E	D	B	0.474	SPR	298	N.A.
7mlu	L	M	A;B	N.A.	N.A.	N.A.	N.A.
7mlv	F	K	D	N.A.	N.A.	N.A.	N.A.
7mly	L	M	A;B	N.A.	N.A.	N.A.	N.A.
7mlz	H	L	A	2.55	BLI	303	N.A.
7mm0	H	L	A	2.55	BLI	303	N.A.
7mmn	H	L	I;K	N.A.	N.A.	N.A.	N.A.
7mmo	A	B	C;F	4.01	SPR	N.A.	N.A.
7mn8	D	C	B	N.A.	N.A.	N.A.	N.A.
7mnl	H	L	A	N.A.	N.A.	N.A.	N.A.
7mnm	H	L	A	N.A.	N.A.	N.A.	N.A.
7mnn	H	L	A	N.A.	N.A.	N.A.	N.A.
7mno	H	L	A	N.A.	N.A.	N.A.	N.A.
7mrz	X	Y	C	N.A.	N.A.	N.A.	N.A.
7msq	H	L	A	4	BLI	298	N.A.
7mta	H	L	G	N.A.	N.A.	N.A.	N.A.
7mtb	H	L	G	N.A.	N.A.	N.A.	N.A.
7mub	A	B	C	N.A.	N.A.	N.A.	N.A.
7mw2	H	L	B;C	N.A.	N.A.	N.A.	N.A.
7mw3	H	L	C	N.A.	N.A.	N.A.	N.A.
7mw4	H	L	C	N.A.	N.A.	N.A.	N.A.
7mw5	H	L	C	N.A.	N.A.	N.A.	N.A.
7mw6	H	L	C	N.A.	N.A.	N.A.	N.A.
7mww	H	L	E	N.A.	N.A.	N.A.	N.A.
7mwx	A	B	C	N.A.	N.A.	N.A.	N.A.
7mxd	X	Y	F	19.5	SPR	N.A.	N.A.
7mxd	S	U	G	N.A.	N.A.	N.A.	N.A.
7mxe	H	L	D;G	N.A.	N.A.	N.A.	N.A.
7mxe	R	W	J	N.A.	N.A.	N.A.	N.A.
7mxl	A	B	C	0.475	SPR	N.A.	25 or 37 C
7mxl	H	L	C	3.24	SPR	N.A.	25 or 37 C
7mxl	J	K	C	1.81	SPR	N.A.	25 or 37 C
7mxp	H	L	C	N.A.	N.A.	N.A.	N.A.
7my2	A	N.A.	B	0.82	BLI	N.A.	N.A.
7my3	E	N.A.	A	<0.001	BLI	N.A.	N.A.
7myz	H	L	C	N.A.	N.A.	N.A.	N.A.
7mzf	H	L	A	5.69	BLI	298	N.A.
7mzg	H	L	A	1.1	BLI	298	N.A.
7mzh	H	L	E	8.12	BLI	298	N.A.
7mzi	H	L	A	16.1	BLI	298	N.A.
7mzj	F	E	A	16.1	BLI	298	N.A.
7mzj	H	L	A	0.5	BLI	298	N.A.
7mzk	F	E	A	16.1	BLI	298	N.A.
7mzk	H	L	A	2.6	BLI	298	N.A.
7mzl	H	L	A	0.91	BLI	298	N.A.
7mzm	H	L	A	0.24	BLI	298	N.A.
7mzn	H	L	A	0.38	BLI	298	N.A.
7n0a	B	A	C	0.074	SPR	N.A.	N.A.
7n0g	X	N.A.	A	47.1	SPR	298	structure for Ab-spike;KD for Ab-RBD
7n0h	X	N.A.	A	47.1	SPR	298	structure for Ab-spike;KD for Ab-RBD
7n0r	C	N.A.	A	1.1	SPR	298	N.A.
7n0u	H	L	C	0.475	SPR	N.A.	25 or 37 C
7n0v	H	L	C	1.81	SPR	N.A.	25 or 37 C
7n28	C	D	A	N.A.	N.A.	N.A.	N.A.
7n28	X	Y	F	33.1	SPR	N.A.	N.A.
7n3c	H	L	C	N.A.	N.A.	N.A.	N.A.
7n3d	H	L	C	N.A.	N.A.	N.A.	N.A.
7n3i	H	L	C	29.05	BLI	303	N.A.
7n4i	H	L	C	<0.001	BLI	303	important KD data paper
7n4j	H	L	A	0.0212	BLI	303	N.A.
7n4l	H	L	A	0.0106	BLI	303	N.A.
7n4m	H	L	A	<0.001	BLI	303	N.A.
7n4n	D	N.A.	A	N.A.	N.A.	N.A.	N.A.
7n5h	H	L	A	3.26	SPR	298	N.A.
7n62	H	L	A	N.A.	N.A.	N.A.	N.A.
7n65	C	D	A	3.2	BLI	296	N.A.
7n8h	E	D	A;F	N.A.	N.A.	N.A.	N.A.
7n8h	J	I	A;F	N.A.	N.A.	N.A.	N.A.
7n8i	H	L	A	N.A.	N.A.	N.A.	N.A.
7n8q	H	L	G	2.54	SPR	298	N.A.
7n9a	A	N.A.	E	N.A.	N.A.	N.A.	N.A.
7n9b	D	N.A.	A	N.A.	N.A.	N.A.	N.A.
7n9c	E	N.A.	A	N.A.	N.A.	N.A.	N.A.
7n9t	E	N.A.	A	N.A.	N.A.	N.A.	N.A.
7n9v	L	N.A.	A	N.A.	N.A.	N.A.	N.A.
7na9	D	N.A.	A	N.A.	N.A.	N.A.	N.A.
7ncs	H	L	A	N.A.	N.A.	N.A.	N.A.
7nd0	H	L	A	N.A.	N.A.	N.A.	N.A.
7nd3	H	L	B	N.A.	N.A.	N.A.	N.A.
7nd4	H	L	C	1.2	BLI	N.A.	N.A.
7nd5	H	L	B	0.9	BLI	N.A.	N.A.
7nd6	H	L	B	0.7	BLI	N.A.	N.A.
7nd7	H	L	A	2	BLI	N.A.	N.A.
7nd8	H	L	B	2.7	BLI	N.A.	N.A.
7nd9	H	L	B	1.5	BLI	N.A.	N.A.
7ndb	H	L	B	3.1	BLI	N.A.	N.A.
7ndc	H	L	B	1.1	BLI	N.A.	N.A.
7ndd	H	L	B	1.1	BLI	N.A.	N.A.
7ndf	D	N.A.	A	9	grating coupled interferometry	298	N.A.
7neg	H	L	E	2.2	BLI	N.A.	N.A.
7neh	H	L	E	2.2	BLI	N.A.	N.A.
7neq	D	C	A;B	N.A.	N.A.	N.A.	N.A.
7nez	D	C	A;B	N.A.	N.A.	N.A.	N.A.
7nfd	D	C	A;B	N.A.	N.A.	N.A.	N.A.
7nfq	C	N.A.	A	N.A.	N.A.	N.A.	N.A.
7nfr	B	N.A.	A	N.A.	N.A.	N.A.	N.A.
7nft	C	N.A.	A;B	N.A.	N.A.	N.A.	N.A.
7ngh	D	N.A.	B	N.A.	N.A.	N.A.	N.A.
7niu	C	B	A	N.A.	N.A.	N.A.	N.A.
7niu	E	D	A	N.A.	N.A.	N.A.	N.A.
7niv	C	B	A	N.A.	N.A.	N.A.	N.A.
7niv	E	D	A	N.A.	N.A.	N.A.	N.A.
7niw	C	B	A	N.A.	N.A.	N.A.	N.A.
7nks	H	L	A	N.A.	N.A.	N.A.	N.A.
7nkt	B	N.A.	A	3.66	BLI	N.A.	N.A.
7nll	C	N.A.	B	N.A.	N.A.	N.A.	N.A.
7nmu	D	N.A.	A	0.57	SPR	298	N.A.
7now	A	N.A.	B	<0.01	BLI	298	N.A.
7np1	H	L	A	1.5	SPR	298	important KD data paper
7nqa	C	N.A.	A;B	<0.01	BLI	298	N.A.
7nqk	B	N.A.	A	26.3	BLI	N.A.	N.A.
7nrh	H	L	A	N.A.	N.A.	N.A.	N.A.
7ns6	T	N.A.	I	N.A.	N.A.	N.A.	N.A.
7ntc	H	L	C	N.A.	N.A.	N.A.	N.A.
7nvl	N	N.A.	E	86	BLI	298	N.A.
7nvm	N	N.A.	E	86	BLI	298	N.A.
7nvn	N	N.A.	E	86	BLI	298	N.A.
7nwl	D	E	B	N.A.	N.A.	N.A.	N.A.
7nx0	E	N.A.	B	N.A.	N.A.	N.A.	N.A.
7nx3	B	C	A;F	N.A.	N.A.	N.A.	N.A.
7nx6	A	B	E	1.36	BLI	303	N.A.
7nx6	H	L	E	N.A.	BLI	303	N.A.
7nx7	A	B	E	5.16	BLI	303	N.A.
7nx7	H	L	E	N.A.	BLI	303	N.A.
7nx8	A	B	E	3.96	BLI	303	N.A.
7nx8	H	L	E	N.A.	BLI	303	N.A.
7nx9	A	B	E	N.A.	BLI	303	N.A.
7nx9	H	L	E	N.A.	BLI	303	N.A.
7nxa	A	B	E	N.A.	BLI	303	N.A.
7nxa	H	L	E	N.A.	BLI	303	N.A.
7nxb	A	B	E	1.92	BLI	303	N.A.
7nxb	H	L	E	N.A.	BLI	303	N.A.
7nxx	B	N.A.	A	N.A.	N.A.	N.A.	N.A.
7o06	A	N.A.	C	N.A.	N.A.	N.A.	N.A.
7o0s	A	N.A.	B	N.A.	N.A.	N.A.	N.A.
7o3b	A	N.A.	G	N.A.	N.A.	N.A.	N.A.
7o52	H	L	U	24.8	BLI	N.A.	N.A.
7o9s	H	L	A	N.A.	N.A.	N.A.	N.A.
7o9w	C	B	A	N.A.	N.A.	N.A.	N.A.
7oan	F	N.A.	A	0.35	SPR	298	important KD data paper
7oao	B	N.A.	A	0.099	SPR	298	N.A.
7oap	A	N.A.	B	0.615	SPR	298	N.A.
7oap	C	N.A.	B	0.025	SPR	298	N.A.
7oaq	A	N.A.	B	0.725	SPR	298	N.A.
7oaq	C	N.A.	B	0.102	SPR	298	N.A.
7oau	B	N.A.	A	2.523	SPR	298	N.A.
7oay	D	N.A.	C	0.04	SPR	298	N.A.
7ocj	E	N.A.	A;C	80	fluorescence polarization	303	N.A.
7oh0	C	B	A	N.A.	N.A.	N.A.	N.A.
7oh1	E	D	A	N.A.	N.A.	N.A.	N.A.
7oly	H	L	C	N.A.	N.A.	N.A.	N.A.
7olz	B	N.A.	A	4	BLI	298	important KD data paper
7olz	C	N.A.	A	0.002	BLI	298	N.A.
7om4	B	N.A.	A	N.A.	N.A.	N.A.	N.A.
7omm	C	N.A.	A	N.A.	N.A.	N.A.	N.A.
7omm	D	N.A.	A	N.A.	N.A.	N.A.	N.A.
7or9	A	B	E	0.25	BLI	303	N.A.
7or9	H	L	E	1.6	BLI	303	N.A.
7ora	D	E	C	N.A.	N.A.	N.A.	N.A.
7ora	H	L	C	0.78	BLI	303	N.A.
7orb	A	B	R	N.A.	N.A.	N.A.	N.A.
7orb	H	L	R	1.6	BLI	303	N.A.
7ox1	A	B	G	1.81	BLI	298	N.A.
7ox2	D	E	M	0.24	BLI	298	N.A.
7ox3	A	B	C	0.13	BLI	298	N.A.
7ox4	A	B	C	N.A.	N.A.	N.A.	N.A.
7p14	B	N.A.	A	N.A.	N.A.	N.A.	N.A.
7p16	B	N.A.	A	N.A.	N.A.	N.A.	N.A.
7p2d	C	N.A.	A	N.A.	N.A.	N.A.	N.A.
7p40	F	B	A	N.A.	N.A.	N.A.	N.A.
7p5v	G	N.A.	A	22	SPR	293	N.A.
7p5w	G	N.A.	A	35	SPR	293	N.A.
7p5y	G	N.A.	A	913	SPR	293	N.A.
7p60	G	N.A.	B	17	SPR	293	N.A.
7p6k	G	N.A.	B	170	SPR	293	N.A.
7p77	A	N.A.	B	25	grating coupled interferometry	298	N.A.
7p77	W	N.A.	B	94.78	grating coupled interferometry	298	N.A.
7p78	D	N.A.	C	25	grating coupled interferometry	298	N.A.
7p78	W	N.A.	C	94.78	grating coupled interferometry	298	N.A.
7p79	H	N.A.	A	25	grating coupled interferometry	298	N.A.
7p7a	A	N.A.	B	94.78	grating coupled interferometry	298	N.A.
7pa5	B	N.A.	A	66	BLI	303	N.A.
7paf	C	N.A.	A	44.05	grating coupled interferometry	298	Geometric mean of two replicates
7pc2	K	L	A	N.A.	N.A.	N.A.	N.A.
7pc2	Q	R	A	N.A.	N.A.	N.A.	N.A.
7pg8	L	J	C	N.A.	N.A.	N.A.	N.A.
7pgb	R	S	T	N.A.	N.A.	N.A.	N.A.
7ph2	D	N.A.	A	N.A.	N.A.	N.A.	N.A.
7ph3	D	N.A.	A	N.A.	N.A.	N.A.	N.A.
7ph4	D	N.A.	A	N.A.	N.A.	N.A.	N.A.
7ph7	D	N.A.	A	N.A.	N.A.	N.A.	N.A.
7phg	H	L	A	N.A.	N.A.	N.A.	N.A.
7php	N	N.A.	A	N.A.	N.A.	N.A.	N.A.
7phq	N	N.A.	B	N.A.	N.A.	N.A.	N.A.
7phu	B	C	A	N.A.	N.A.	N.A.	N.A.
7phu	D	E	A	N.A.	N.A.	N.A.	N.A.
7phv	E	F	D	110	SPR	298	KD without CaCl2
7phw	B	C	A	2800	SPR	298	N.A.
7pi2	B	C	A	38	SPR	298	N.A.
7pi3	B	C	A	38	SPR	298	N.A.
7pi3	D	E	A	110	SPR	298	N.A.
7pi3	F	G	A	2800	SPR	298	N.A.
7pi7	B	C	A	0.94	SPR	298	N.A.
7pij	N	N.A.	B	N.A.	N.A.	N.A.	N.A.
7pnm	H	L	A	3.43	BLI	N.A.	important KD data paper
7pnq	H	L	A	18.9	BLI	N.A.	N.A.
7po5	H	L	A	33.4	BLI	N.A.	N.A.
7pqg	B	N.A.	A	N.A.	N.A.	N.A.	N.A.
7pqq	B	N.A.	A	N.A.	N.A.	N.A.	N.A.
7pqy	H	L	E	N.A.	N.A.	N.A.	N.A.
7pqz	A	B	E	N.A.	N.A.	N.A.	N.A.
7pqz	H	L	E	N.A.	N.A.	N.A.	N.A.
7pr0	H	L	E	N.A.	N.A.	N.A.	N.A.
7pry	F	G	E	N.A.	N.A.	N.A.	N.A.
7pry	H	L	E	N.A.	N.A.	N.A.	N.A.
7prz	H	L	E	N.A.	N.A.	N.A.	N.A.
7ps0	H	L	E	N.A.	N.A.	N.A.	N.A.
7ps1	A	B	E	N.A.	N.A.	N.A.	N.A.
7ps2	A	B	G	N.A.	N.A.	N.A.	N.A.
7ps2	H	L	G	N.A.	N.A.	N.A.	N.A.
7ps4	H	L	E	N.A.	N.A.	N.A.	N.A.
7ps5	H	L	E	N.A.	N.A.	N.A.	N.A.
7ps6	C	D	E	N.A.	N.A.	N.A.	N.A.
7ps6	H	L	E	N.A.	N.A.	N.A.	N.A.
7ps7	H	L	R	N.A.	N.A.	N.A.	N.A.
7q0a	Y	Z	B	N.A.	N.A.	N.A.	N.A.
7q0g	A	B	E	N.A.	N.A.	N.A.	N.A.
7q0g	H	L	E	N.A.	N.A.	N.A.	N.A.
7q0h	A	B	E	N.A.	N.A.	N.A.	N.A.
7q0h	H	L	E	N.A.	N.A.	N.A.	N.A.
7q0i	H	L	C	N.A.	N.A.	N.A.	N.A.
7q1u	B	N.A.	A	N.A.	N.A.	N.A.	N.A.
7q3q	B	N.A.	A	N.A.	N.A.	N.A.	N.A.
7q3r	F	N.A.	A	N.A.	N.A.	N.A.	N.A.
7q3r	G	N.A.	A	N.A.	N.A.	N.A.	N.A.
7q6c	H	L	A	2.8	BLI	303	N.A.
7q6e	H	L	A	N.A.	N.A.	N.A.	N.A.
7q6z	B	N.A.	A	N.A.	N.A.	N.A.	N.A.
7q9f	H	L	A	N.A.	N.A.	N.A.	N.A.
7q9g	H	L	A	N.A.	N.A.	N.A.	N.A.
7q9i	H	L	A	N.A.	N.A.	N.A.	N.A.
7q9j	H	L	A	N.A.	N.A.	N.A.	N.A.
7q9k	H	L	C	N.A.	N.A.	N.A.	N.A.
7q9m	H	L	C	N.A.	N.A.	N.A.	N.A.
7q9p	H	L	A	N.A.	N.A.	N.A.	N.A.
7qbe	E	N.A.	A	N.A.	N.A.	N.A.	N.A.
7qbf	B	N.A.	A	12.8	microscale thermophoresis	N.A.	N.A.
7qe5	B	N.A.	A	N.A.	N.A.	N.A.	N.A.
7qez	E	F	A	N.A.	N.A.	N.A.	N.A.
7qez	H	L	A	0.67	SPR	298	N.A.
7qf0	H	L	A	280	SPR	298	N.A.
7qf1	C	B	A	N.A.	N.A.	N.A.	N.A.
7qia	B	N.A.	A	N.A.	N.A.	N.A.	N.A.
7qia	C	N.A.	A	N.A.	N.A.	N.A.	N.A.
7qic	B	N.A.	A	N.A.	N.A.	N.A.	N.A.
7qic	C	N.A.	A	N.A.	N.A.	N.A.	N.A.
7qji	B	N.A.	A	N.A.	N.A.	N.A.	N.A.
7qji	C	N.A.	A	N.A.	N.A.	N.A.	N.A.
7qjj	B	N.A.	A	N.A.	N.A.	N.A.	N.A.
7qjj	C	N.A.	A	N.A.	N.A.	N.A.	N.A.
7qn5	F	N.A.	B;C	N.A.	N.A.	N.A.	N.A.
7qn6	K	N.A.	A;B	N.A.	N.A.	N.A.	N.A.
7qn7	F	N.A.	B;C	N.A.	N.A.	N.A.	N.A.
7qn8	K	N.A.	A;B	N.A.	N.A.	N.A.	N.A.
7qn9	L	N.A.	B;C	N.A.	N.A.	N.A.	N.A.
7qnc	F	N.A.	B;C	N.A.	N.A.	N.A.	N.A.
7qnd	K	N.A.	A;B	N.A.	N.A.	N.A.	N.A.
7qnw	A	B	E	0.199	SPR	298	N.A.
7qnw	H	L	E	7.5	SPR	298	N.A.
7qnx	A	B	E	0.177	SPR	298	N.A.
7qnx	H	L	E	7.7	SPR	298	N.A.
7qny	A	B	E	N.A.	N.A.	N.A.	N.A.
7qny	H	L	E	N.A.	N.A.	N.A.	N.A.
7qti	B	C	A	N.A.	N.A.	N.A.	N.A.
7qti	F	E	A	N.A.	N.A.	N.A.	N.A.
7qtj	B	C	A	N.A.	N.A.	N.A.	N.A.
7qtj	F	E	A	N.A.	N.A.	N.A.	N.A.
7qtk	B	C	D	N.A.	N.A.	N.A.	N.A.
7qu1	A	B	C	N.A.	N.A.	N.A.	N.A.
7qu2	A	B	C	N.A.	N.A.	N.A.	N.A.
7quh	H	L	A	0.464	BLI	298	KD from DOI: 10.1159/000501637
7r1z	C	N.A.	A	3.49	ITC	293	N.A.
7r1z	E	N.A.	A	1.12	ITC	293	N.A.
7r23	B	N.A.	A	N.A.	N.A.	N.A.	N.A.
7r23	C	N.A.	A	N.A.	N.A.	N.A.	N.A.
7r24	C	N.A.	A	N.A.	N.A.	N.A.	N.A.
7r24	E	N.A.	A	N.A.	N.A.	N.A.	N.A.
7r40	H	L	A	0.019	BLI	N.A.	N.A.
7r4i	D	N.A.	A	0.31	SPR	N.A.	N.A.
7r4q	D	N.A.	A	4.58	SPR	N.A.	N.A.
7r4r	D	N.A.	C	3.88	SPR	N.A.	N.A.
7r58	H	L	A	12.6	SPR	N.A.	N.A.
7r6w	A	B	R	0.2	SPR	298	N.A.
7r6w	H	L	R	0.2	SPR	298	N.A.
7r6x	A	B	R	0.2	SPR	298	N.A.
7r6x	C	D	R	1.7	SPR	298	N.A.
7r6x	H	L	R	1	SPR	298	N.A.
7r73	A	N.A.	G	N.A.	N.A.	N.A.	N.A.
7r74	D	N.A.	A	N.A.	N.A.	N.A.	N.A.
7r7n	H	L	E	0.05	SPR	298	N.A.
7r8l	C	D	E	N.A.	N.A.	N.A.	N.A.
7r8l	H	L	E	0.0039	BLI	303	N.A.
7r8m	H	L	B	30.25	BLI	303	N.A.
7r8n	H	L	A;B	0.0031	BLI	303	N.A.
7r8o	H	L	B;E	2.828	BLI	303	N.A.
7r98	D	N.A.	A	1.6	SPR	298	N.A.
7ra3	E	N.A.	A;B	N.A.	N.A.	N.A.	N.A.
7ra3	N	N.A.	A;B	N.A.	N.A.	N.A.	N.A.
7ra8	H	L	A	<0.1	SPR	298	N.A.
7rah	B	A	E	0.87	SPR	N.A.	N.A.
7rah	D	C	E	0.75	SPR	N.A.	N.A.
7rai	H	L	A;C	N.A.	N.A.	N.A.	N.A.
7ral	H	L	B	0.08	SPR	298	KD = 0.49 nM by BLI
7rbt	E	N.A.	A;B	N.A.	N.A.	N.A.	N.A.
7rbt	N	N.A.	A;B	N.A.	N.A.	N.A.	N.A.
7rbu	H	L	B	N.A.	N.A.	N.A.	N.A.
7rbv	H	L	B	N.A.	N.A.	N.A.	N.A.
7rby	B	N.A.	A	1.59	BLI	N.A.	important KD data paper
7rco	D	C	A;B	1.4	SPR	310	important KD data paper
7rd5	D	C	E	N.A.	N.A.	N.A.	N.A.
7rdw	H	L	M	2.64	BLI	N.A.	N.A.
7rew	H	L	I	0.000034	kinetic exclusion assay	297	N.A.
7rfb	H	L	D	N.A.	N.A.	N.A.	N.A.
7rfc	H	L	D	N.A.	N.A.	N.A.	N.A.
7rfp	H	L	A	N.A.	N.A.	N.A.	N.A.
7rg9	E	N.A.	A;B	N.A.	N.A.	N.A.	N.A.
7rg9	N	N.A.	A;B	N.A.	N.A.	N.A.	N.A.
7rgp	E	N.A.	A;B	N.A.	N.A.	N.A.	N.A.
7rgp	N	N.A.	A;B	N.A.	N.A.	N.A.	N.A.
7ri1	B	N.A.	A	3.7	SPR	298	important KD data paper
7ri2	B	N.A.	A	N.A.	N.A.	N.A.	N.A.
7rk1	C	N.A.	A	40.03	BLI	295	N.A.
7rk2	D	N.A.	A	2.45	BLI	295	N.A.
7rks	H	L	R	N.A.	N.A.	N.A.	N.A.
7rkv	E	F	A	N.A.	N.A.	N.A.	N.A.
7rnn	C	N.A.	D	<0.2	SPR	N.A.	N.A.
7rp0	A	B	C	N.A.	N.A.	N.A.	N.A.
7rp2	H	I	A	N.A.	N.A.	N.A.	N.A.
7rp3	H	I	A	N.A.	N.A.	N.A.	N.A.
7rq6	H	L	A	55.2	SPR	298	N.A.
7rr0	B	C	A	0.25	BLI	298	N.A.
7rsn	H	L	A	N.A.	N.A.	N.A.	N.A.
7rso	H	L	A	N.A.	N.A.	N.A.	N.A.
7ru3	E	F	B	257	SPR	298	N.A.
7ru4	H	L	A	257	SPR	298	N.A.
7ru5	H	L	A	1.71	SPR	298	N.A.
7ru8	H	L	C	1.71	SPR	298	N.A.
7rw2	H	L	A	6.94	SPR	298	N.A.
7rxc	H	L	B	N.A.	N.A.	N.A.	N.A.
7rxc	N	N.A.	B;K	N.A.	N.A.	N.A.	N.A.
7rxd	H	L	B	N.A.	N.A.	N.A.	N.A.
7rxd	N	N.A.	R	N.A.	N.A.	N.A.	N.A.
7rxi	H	L	A	0.00377	SPR	298	important KD data paper
7rxj	H	L	I	0.00278	SPR	298	N.A.
7rxl	H	L	E	0.36	SPR	298	N.A.
7rxp	H	L	A	0.0291	SPR	298	N.A.
7s07	H	L	A;B	0.46	BLI	N.A.	Ab-gH/gL KD = 0.03 nM
7s07	X	Y	A;B	2.05	BLI	N.A.	Ab-gH/gL KD = 1.16 nM
7s0b	C	D	E	2.98	BLI	N.A.	N.A.
7s0c	H	L	A	<0.001	BLI	N.A.	N.A.
7s0d	H	L	C	0.00328	BLI	N.A.	N.A.
7s0e	H	L	A	2.15	BLI	N.A.	N.A.
7s0x	H	L	E	0.0116	SPR	298	N.A.
7s11	H	L	C	47.2	SPR	310	N.A.
7s13	H	L	C;D	<0.01	SPR	310	N.A.
7s1b	H	L	A	0.21	BLI	N.A.	Ab-gH/gL KD = 0.32 nM
7s1b	X	Y	A;B	2.05	BLI	N.A.	Ab-gH/gL KD = 1.16 nM
7s2r	B	N.A.	A	69	SPR	N.A.	N.A.
7s2s	C	N.A.	B	25	SPR	N.A.	N.A.
7s4s	H	L	A	2.1	BLI	N.A.	N.A.
7s5p	H	L	A	N.A.	N.A.	N.A.	N.A.
7s5q	B	C	A	N.A.	N.A.	N.A.	N.A.
7s5q	H	L	A	N.A.	N.A.	N.A.	N.A.
7s5r	B	C	A	N.A.	N.A.	N.A.	N.A.
7s5r	H	L	A	N.A.	N.A.	N.A.	N.A.
7s6c	E	G	A;B	N.A.	N.A.	N.A.	N.A.
7s6d	D	F	A;B	N.A.	N.A.	N.A.	N.A.
7s6j	H	L	A	N.A.	BLI	N.A.	N.A.
7s6k	H	L	A;E	N.A.	BLI	N.A.	N.A.
7s6l	H	L	A	N.A.	BLI	N.A.	N.A.
7s7i	W	X	E	N.A.	N.A.	N.A.	N.A.
7s7r	B	N.A.	A	26.25	BLI	N.A.	important KD data paper
7s8h	B	C	A	N.A.	N.A.	N.A.	N.A.
7s8h	H	L	a	N.A.	N.A.	N.A.	N.A.
7sa6	H	L	A	N.A.	N.A.	N.A.	N.A.
7sai	C	N.A.	A	N.A.	N.A.	N.A.	N.A.
7saj	B	N.A.	A	N.A.	N.A.	N.A.	N.A.
7sak	B	N.A.	A	N.A.	N.A.	N.A.	N.A.
7sbd	H	L	C	370	BLI	298	N.A.
7sbg	H	L	C	370	BLI	298	N.A.
7sbu	H	L	A	N.A.	N.A.	N.A.	N.A.
7sbz	H	L	C	N.A.	N.A.	N.A.	N.A.
7sc1	H	L	A	N.A.	N.A.	N.A.	N.A.
7sd3	K	N	B	N.A.	N.A.	N.A.	N.A.
7sd5	H	L	A	0.00452	SPR	298	important KD data paper
7seg	H	L	C	24.5	SPR	N.A.	KD for RO7297089-CD16
7sem	B	C	F	N.A.	N.A.	N.A.	N.A.
7sfv	M	N	B	N.A.	N.A.	N.A.	N.A.
7sfw	M	N	B	N.A.	N.A.	N.A.	N.A.
7sg4	H	L	A	<0.1	SPR	N.A.	N.A.
7sht	H	L	B	0.581	BLI	N.A.	N.A.
7shu	E	F	B	0.95	BLI	N.A.	N.A.
7shy	C	D	A	2.02	BLI	N.A.	N.A.
7shz	C	D	A	0.166	BLI	N.A.	N.A.
7si0	C	D	A	1.86	BLI	N.A.	N.A.
7si2	H	L	A	0.000782	SPR	298	N.A.
7sj0	B	L	A	N.A.	N.A.	N.A.	N.A.
7sjn	H	L	A	118	SPR	298	N.A.
7sjo	H	L	A	N.A.	N.A.	N.A.	N.A.
7sk3	F	E	A	N.A.	N.A.	N.A.	N.A.
7sk3	D	C	A;B	N.A.	N.A.	N.A.	N.A.
7sk4	F	E	A	N.A.	N.A.	N.A.	N.A.
7sk4	D	C	A;B	N.A.	N.A.	N.A.	N.A.
7sk5	F	E	A	N.A.	N.A.	N.A.	N.A.
7sk6	F	E	A	N.A.	N.A.	N.A.	N.A.
7sk8	F	E	A	N.A.	N.A.	N.A.	N.A.
7sk8	D	C	A;B	N.A.	N.A.	N.A.	N.A.
7sk9	F	E	A	N.A.	N.A.	N.A.	N.A.
7sl8	B	N.A.	A	N.A.	N.A.	N.A.	N.A.
7sl9	B	N.A.	A	N.A.	N.A.	N.A.	N.A.
7sla	B	N.A.	A	N.A.	N.A.	N.A.	N.A.
7sn2	H	L	A	0.656	BLI	N.A.	N.A.
7sn3	H	L	C	0.656	BLI	N.A.	N.A.
7so5	H	L	A	0.593	BLI	298	N.A.
7so7	H	L	A	0.259	BLI	298	N.A.
7so9	C	B	A	N.A.	N.A.	N.A.	N.A.
7so9	H	G	A;F	N.A.	N.A.	N.A.	N.A.
7soa	H	L	A	N.A.	N.A.	N.A.	N.A.
7sob	G	I	A	N.A.	N.A.	N.A.	N.A.
7sob	C	B	A;D	N.A.	N.A.	N.A.	N.A.
7soc	H	L	A	N.A.	N.A.	N.A.	N.A.
7sod	H	L	A	N.A.	N.A.	N.A.	N.A.
7sp6	B	N.A.	A	N.A.	N.A.	N.A.	N.A.
7sp6	C	N.A.	A	N.A.	N.A.	N.A.	N.A.
7sp7	B	N.A.	A	N.A.	N.A.	N.A.	N.A.
7sp7	C	N.A.	A	N.A.	N.A.	N.A.	N.A.
7sp8	B	N.A.	A	N.A.	N.A.	N.A.	N.A.
7sp8	C	N.A.	A	N.A.	N.A.	N.A.	N.A.
7sp9	B	N.A.	A	N.A.	N.A.	N.A.	N.A.
7sp9	C	N.A.	A	N.A.	N.A.	N.A.	N.A.
7spa	B	N.A.	A	N.A.	N.A.	N.A.	N.A.
7spa	C	N.A.	A	N.A.	N.A.	N.A.	N.A.
7sq1	H	L	E	N.A.	N.A.	N.A.	N.A.
7sqp	B	N.A.	A	N.A.	N.A.	N.A.	N.A.
7sqw	A	B	C	N.A.	N.A.	N.A.	N.A.
7sr0	B	N.A.	A	N.A.	N.A.	N.A.	N.A.
7sr3	B	N.A.	A	N.A.	N.A.	N.A.	N.A.
7sr4	B	N.A.	A	N.A.	N.A.	N.A.	N.A.
7sr5	B	N.A.	A	N.A.	N.A.	N.A.	N.A.
7srk	B	N.A.	A;C	N.A.	N.A.	N.A.	N.A.
7srs	H	L	C	N.A.	N.A.	N.A.	N.A.
7srs	Q	P	R	N.A.	N.A.	N.A.	N.A.
7ssz	E	N.A.	A;B	N.A.	N.A.	N.A.	N.A.
7st5	H	L	A	0.0541	SPR	N.A.	N.A.
7str	H	L	C	N.A.	N.A.	N.A.	N.A.
7sts	H	L	C	N.A.	N.A.	N.A.	N.A.
7stz	H	L	C	N.A.	N.A.	N.A.	N.A.
7su0	H	L	C	3.5	SPR	310	N.A.
7su1	H	L	C	25	SPR	310	N.A.
7sue	H	L	C	N.A.	N.A.	N.A.	N.A.
7swd	J	K	A;C;E	N.A.	N.A.	N.A.	N.A.
7swd	G	N.A.	A;F	N.A.	N.A.	N.A.	N.A.
7swn	H	L	A	53	BLI	N.A.	N.A.
7swo	H	L	A	3	BLI	N.A.	N.A.
7swp	H	L	A	57	BLI	N.A.	N.A.
7sww	H	L	A	N.A.	N.A.	N.A.	N.A.
7swx	H	L	A	N.A.	N.A.	N.A.	N.A.
7sx6	H	L	G	N.A.	N.A.	N.A.	N.A.
7sx7	H	L	G	N.A.	N.A.	N.A.	N.A.
7syy	H	L	A	N.A.	N.A.	N.A.	N.A.
7syz	H	L	A	N.A.	N.A.	N.A.	N.A.
7t01	H	L	A	21.8	BLI	N.A.	N.A.
7t0r	H	L	A	N.A.	N.A.	N.A.	N.A.
7t17	F	G	A	123	BLI	298	N.A.
7t25	H	L	E	N.A.	N.A.	N.A.	N.A.
7t3d	C	D	A	N.A.	N.A.	N.A.	N.A.
7t3d	H	L	A;B	N.A.	N.A.	N.A.	N.A.
7t3m	D	N.A.	A	0.107	BLI	N.A.	N.A.
7t4g	H	L	A	N.A.	N.A.	N.A.	N.A.
7t4q	J	K	A	N.A.	N.A.	N.A.	N.A.
7t4q	I	H	C;D	N.A.	N.A.	N.A.	N.A.
7t4q	F	G	C;E	N.A.	N.A.	N.A.	N.A.
7t4r	G	H	B	N.A.	N.A.	N.A.	N.A.
7t4r	J	I	B	N.A.	N.A.	N.A.	N.A.
7t4s	J	K	A	N.A.	N.A.	N.A.	N.A.
7t4s	H	I	D	N.A.	N.A.	N.A.	N.A.
7t5f	B	N.A.	A	N.A.	N.A.	N.A.	N.A.
7t5f	C	N.A.	A	N.A.	N.A.	N.A.	N.A.
7t5o	H	L	C	0.31	BLI	298	N.A.
7t72	H	L	A	0.54	BLI	298	N.A.
7t7b	H	L	A	1.44	ELISA	310	N.A.
7t82	D	C	A	N.A.	N.A.	N.A.	N.A.
7t92	H	L	B	N.A.	N.A.	N.A.	N.A.
7t9m	H	L	R	N.A.	N.A.	N.A.	N.A.
7t9n	H	L	R	N.A.	N.A.	N.A.	N.A.
7t9n	N	N.A.	X;Y	N.A.	N.A.	N.A.	N.A.
7tas	H	L	E	N.A.	N.A.	N.A.	N.A.
7tat	D	E	B	N.A.	N.A.	N.A.	N.A.
7tb8	D	E	A	N.A.	N.A.	N.A.	N.A.
7tb8	H	L	A	N.A.	N.A.	N.A.	N.A.
7tbf	D	E	A	N.A.	N.A.	N.A.	N.A.
7tbf	H	L	A	N.A.	N.A.	N.A.	N.A.
7tc9	H	L	B	N.A.	N.A.	N.A.	N.A.
7tca	H	L	B	N.A.	N.A.	N.A.	N.A.
7tcc	J	K	A	N.A.	N.A.	N.A.	N.A.
7tcc	H	L	B	N.A.	N.A.	N.A.	N.A.
7tcn	C	D	A	N.A.	N.A.	N.A.	N.A.
7tco	C	D	A	N.A.	N.A.	N.A.	N.A.
7tct	H	L	A	N.A.	N.A.	N.A.	N.A.
7td8	H	L	A	N.A.	N.A.	N.A.	N.A.
7tdm	H	L	B	52.3	BLI	298	important KD data paper
7tdn	H	L	B	98.4	BLI	298	N.A.
7te1	H	L	D	70	BLI	N.A.	N.A.
7te9	H	L	D	N.A.	N.A.	N.A.	N.A.
7teb	H	L	D	N.A.	N.A.	N.A.	N.A.
7tee	H	L	D	N.A.	N.A.	N.A.	N.A.
7tfn	H	L	A	N.A.	N.A.	N.A.	N.A.
7tfo	H	L	A	N.A.	N.A.	N.A.	N.A.
7tgf	B	N.A.	A	<0.03	SPR	N.A.	important KD data paper
7tgi	B	N.A.	A	0.11	SPR	N.A.	N.A.
7th2	C	N.A.	A	<0.03	SPR	N.A.	N.A.
7th3	B	N.A.	A	0.22	SPR	N.A.	N.A.
7the	B	C	A	0.6	SPR	N.A.	KD from DOI: 10.1016/j.cell.2021.06.021
7tho	H	L	A	N.A.	N.A.	N.A.	N.A.
7tht	H	L	C	0.6	SPR	N.A.	KD from DOI: 10.1016/j.cell.2021.06.021
7tjq	J	K	C;F	N.A.	N.A.	N.A.	N.A.
7tjq	H	L	F;G	0.368	SPR	N.A.	N.A.
7tl0	D	E	A	0.223	SPR	N.A.	N.A.
7tl0	J	K	A;B	N.A.	N.A.	N.A.	N.A.
7tly	A	B	I	2.67	SPR	298	N.A.
7tlz	B	A	J	N.A.	N.A.	N.A.	N.A.
7tm0	I	H	A	N.A.	N.A.	N.A.	N.A.
7tm0	N	O	A	N.A.	N.A.	N.A.	Ab-Ag interface has 14 residues
7tmz	H	L	A	N.A.	N.A.	N.A.	N.A.
7tn0	B	A	I	2.67	SPR	298	N.A.
7tn0	H	G	I	N.A.	N.A.	N.A.	N.A.
7tn9	E	F	S	4.42	SPR	N.A.	N.A.
7tn9	G	H	T	1.19	SPR	N.A.	N.A.
7tn9	O	P	V;X	1.64	SPR	N.A.	N.A.
7tp3	H	L	Z	N.A.	N.A.	N.A.	N.A.
7tp4	H	L	Z	N.A.	N.A.	N.A.	N.A.
7tpd	H	L	A	N.A.	N.A.	N.A.	N.A.
7tpg	H	L	B	N.A.	N.A.	N.A.	N.A.
7tpj	H	L	B	N.A.	N.A.	N.A.	N.A.
7tpr	F	N.A.	A	0.2	BLI	N.A.	important KD data paper
7tpr	D	N.A.	B	0.26	BLI	N.A.	N.A.
7trh	H	B	G	0.17	ELISA	298	N.A.
7tri	Z	Y	B	<0.1	ELISA	298	N.A.
7ttm	H	L	A	N.A.	N.A.	N.A.	N.A.
7ttx	H	L	A	N.A.	N.A.	N.A.	N.A.
7tty	H	L	A	N.A.	N.A.	N.A.	N.A.
7tuf	H	L	D	1.1	SPR	298	N.A.
7tug	H	L	D	1.6	SPR	298	N.A.
7tuy	H	L	R	N.A.	N.A.	N.A.	N.A.
7txt	C	D	S	N.A.	N.A.	N.A.	N.A.
7txw	H	L	A	6.3	ITC	298	N.A.
7txz	H	L	B	2.65	BLI	303	N.A.
7tz5	I	L	A	N.A.	N.A.	N.A.	N.A.
7tzg	B	N.A.	C	N.A.	N.A.	N.A.	N.A.
7tzh	C	N.A.	D	N.A.	N.A.	N.A.	N.A.
7u0d	M	N	B	N.A.	N.A.	N.A.	N.A.
7u0d	O	P	B	N.A.	N.A.	N.A.	N.A.
7u0x	H	L	A	<0.001	BLI	N.A.	KD is geometric mean of two measurements
7u2d	H	L	A	N.A.	N.A.	N.A.	N.A.
7u2e	H	L	A	N.A.	N.A.	N.A.	N.A.
7u5b	H	L	I	0.2	SPR	310	N.A.
7u60	H	L	A	N.A.	N.A.	N.A.	N.A.
7u8e	H	L	A	N.A.	N.A.	N.A.	N.A.
7u8g	D	E	A	N.A.	N.A.	N.A.	N.A.
7u8m	Q	R	A	N.A.	N.A.	N.A.	N.A.
7u8m	H	L	B;C	N.A.	N.A.	N.A.	N.A.
7u9e	B	N.A.	A	N.A.	N.A.	N.A.	N.A.
7u9e	H	N.A.	A	2.68	BLI	N.A.	important KD data paper
7u9f	H	L	A	N.A.	N.A.	N.A.	N.A.
7u9g	I	F	A	<0.001	BLI	298	N.A.
7u9o	H	L	A	0.93	SPR	298	KD for S-2P;structure for S-6P
7u9p	H	L	A	0.56	SPR	298	KD for S-2P;structure for S-6P
7u9v	H	L	A	N.A.	N.A.	N.A.	N.A.
7u9w	H	N.A.	A	1.06	BLI	N.A.	N.A.
7ua2	B	N.A.	A	N.A.	N.A.	N.A.	N.A.
7ua2	H	N.A.	A	2.5	BLI	N.A.	N.A.
7ua8	H	N.A.	A	0.31	BLI	N.A.	N.A.
7uap	H	L	A	N.A.	N.A.	N.A.	N.A.
7uaq	H	L	A	N.A.	N.A.	N.A.	N.A.
7uar	H	L	B	N.A.	N.A.	N.A.	N.A.
7ubr	E	F	C	N.A.	N.A.	N.A.	N.A.
7ubs	H	N.A.	A	0.58	BLI	N.A.	N.A.
7ubx	D	N.A.	A	N.A.	N.A.	N.A.	N.A.
7uby	C	N.A.	A	N.A.	N.A.	N.A.	N.A.
7uc8	H	N.A.	A	1.61	BLI	N.A.	N.A.
7ucf	D	E	G	N.A.	N.A.	N.A.	N.A.
7ucf	H	L	G	N.A.	N.A.	N.A.	N.A.
7ucg	D	E	G	N.A.	N.A.	N.A.	N.A.
7ucg	H	L	G	N.A.	N.A.	N.A.	N.A.
7ucq	H	N.A.	A	0.85	BLI	N.A.	N.A.
7ucy	E	F	C	N.A.	N.A.	N.A.	N.A.
7udg	H	L	A	N.A.	N.A.	N.A.	N.A.
7udh	E	F	C	N.A.	N.A.	N.A.	N.A.
7uds	H	L	C;c	3.52	BLI	N.A.	N.A.
7ue0	H	L	A	N.A.	N.A.	N.A.	N.A.
7ue9	H	L	C	12.9	SPR	298	N.A.
7ufh	H	L	A	N.A.	N.A.	N.A.	N.A.
7ufw	H	N.A.	A	N.A.	N.A.	N.A.	N.A.
7ugn	G	J	A	N.A.	N.A.	N.A.	N.A.
7ugn	M	P	A	N.A.	N.A.	N.A.	N.A.
7ugo	G	J	A	N.A.	N.A.	N.A.	N.A.
7ugo	M	P	A	N.A.	N.A.	N.A.	N.A.
7ugp	G	J	A	N.A.	N.A.	N.A.	N.A.
7ugp	M	P	A	N.A.	N.A.	N.A.	N.A.
7ugq	M	P	A	N.A.	N.A.	N.A.	N.A.
7ugq	H	K	B	N.A.	N.A.	N.A.	N.A.
7uh8	H	L	A	N.A.	N.A.	N.A.	N.A.
7ui1	H	N.A.	A	0.34	BLI	N.A.	N.A.
7uia	B	N.A.	A	N.A.	N.A.	N.A.	N.A.
7uja	E	F	A	N.A.	N.A.	N.A.	N.A.
7uja	L	M	A;C	N.A.	N.A.	N.A.	N.A.
7uje	H	L	A	N.A.	N.A.	N.A.	N.A.
7ujk	H	L	A	N.A.	N.A.	N.A.	N.A.
7uk9	H	L	A	N.A.	N.A.	N.A.	N.A.
7ukl	H	L	A;C	16	SPR	298	N.A.
7ukm	H	L	A;C	N.A.	N.A.	N.A.	N.A.
7uko	H	L	A	N.A.	N.A.	N.A.	N.A.
7ukp	H	L	A	N.A.	N.A.	N.A.	N.A.
7ukt	H	L	A	N.A.	N.A.	N.A.	N.A.
7ul0	H	L	A	1.3	SPR	298	N.A.
7ul1	H	L	A	0.83	SPR	298	N.A.
7ul3	C	N.A.	A	N.A.	N.A.	N.A.	N.A.
7ul7	H	L	a;b	0.559	BLI	N.A.	N.A.
7umm	H	L	A	0.03	BLI	298	N.A.
7umn	H	L	A	N.A.	N.A.	N.A.	N.A.
7unb	F	E	R	N.A.	N.A.	N.A.	N.A.
7unb	H	L	R	N.A.	N.A.	N.A.	N.A.
7uny	C	N.A.	A	4.4	BLI	298	important KD data paper
7unz	C	N.A.	B	0.88	BLI	298	N.A.
7uoj	d	e	A	N.A.	N.A.	N.A.	N.A.
7uoj	H	L	A;G	N.A.	N.A.	N.A.	N.A.
7uop	H	L	A	7.5	BLI	303	important KD data paper
7uot	O	P	a;b	N.A.	N.A.	N.A.	N.A.
7uot	H	L	A;B;C	N.A.	N.A.	N.A.	N.A.
7uov	H	L	A	N.A.	N.A.	N.A.	N.A.
7uov	O	P	a;b	N.A.	N.A.	N.A.	N.A.
7uow	H	L	A	6.79	BLI	N.A.	KD is geometric mean of two measurements
7up9	H	L	G	11.1	BLI	303	N.A.
7upa	H	L	A	<0.02	BLI	303	N.A.
7upb	H	L	G	15	BLI	303	N.A.
7upd	H	L	D	22.6	BLI	303	N.A.
7upk	H	L	B;D	2.3	BLI	303	N.A.
7upl	F	I	A	0.22	electrochemiluminescence multiplex assay	N.A.	N.A.
7upm	B	N.A.	A	N.A.	N.A.	N.A.	N.A.
7upw	H	L	C	N.A.	N.A.	N.A.	N.A.
7upx	H	L	A	N.A.	N.A.	N.A.	N.A.
7upy	H	L	B	N.A.	N.A.	N.A.	N.A.
7ur4	H	L	C	N.A.	N.A.	N.A.	N.A.
7ura	H	L	A	N.A.	N.A.	N.A.	N.A.
7urc	H	L	A	N.A.	N.A.	N.A.	N.A.
7urd	H	L	A	N.A.	N.A.	N.A.	N.A.
7ure	H	L	A	N.A.	N.A.	N.A.	N.A.
7urf	O	P	A	N.A.	N.A.	N.A.	N.A.
7urq	H	L	A	2.5	BLI	N.A.	N.A.
7urs	H	L	A	2.5	BLI	N.A.	N.A.
7urv	D	N.A.	C	4.5	SPR	N.A.	N.A.
7urx	H	L	C	26.9	SPR	N.A.	N.A.
7usl	H	L	C	N.A.	N.A.	N.A.	N.A.
7ust	B	N.A.	A	0.81	BLI	298	important KD data paper
7usv	C	N.A.	A	0.12	BLI	298	N.A.
7uvf	H	L	A	5	SPR	292	N.A.
7uvh	A	B	C	1.88	BLI	298	important KD data paper
7uvi	A	B	C	6.83	BLI	298	N.A.
7uvo	A	B	C	0.749	BLI	298	N.A.
7uvq	C	B	A	8.9	BLI	298	N.A.
7uvq	D	E	A	2.76	BLI	298	N.A.
7uvs	A	B	C	0.247	BLI	298	N.A.
7uxl	A	B	R	0.37	BLI	N.A.	important KD data paper
7uxl	F	E	R	3.9	BLI	N.A.	N.A.
7uz4	H	L	A	0.09	SPR	N.A.	N.A.
7uz5	H	L	A	159	SPR	N.A.	N.A.
7uz6	H	L	A	N.A.	N.A.	N.A.	N.A.
7uz7	H	L	A	N.A.	N.A.	N.A.	N.A.
7uz8	H	L	A	N.A.	N.A.	N.A.	N.A.
7uz9	H	L	A	N.A.	N.A.	N.A.	N.A.
7uzb	H	L	A	N.A.	N.A.	N.A.	N.A.
7uzc	H	L	A	N.A.	N.A.	N.A.	N.A.
7uzd	H	L	A	N.A.	N.A.	N.A.	N.A.
7v23	O	P	A	N.A.	N.A.	N.A.	N.A.
7v24	H	L	A	N.A.	N.A.	N.A.	N.A.
7v26	a	b	A	N.A.	N.A.	N.A.	N.A.
7v27	B	A	C	N.A.	N.A.	N.A.	N.A.
7v2a	E	D	A	0.001	SPR	N.A.	N.A.
7v3h	K	L	B	N.A.	N.A.	N.A.	N.A.
7v3l	D	E	A	N.A.	N.A.	N.A.	N.A.
7v5j	E	D	A	N.A.	N.A.	N.A.	N.A.
7v5k	E	D	A	N.A.	N.A.	N.A.	N.A.
7v61	H	K	B	30.5	BLI	N.A.	N.A.
7v6n	E	D	A	N.A.	N.A.	N.A.	N.A.
7v6o	E	D	A	N.A.	N.A.	N.A.	N.A.
7vad	H	L	A	N.A.	N.A.	N.A.	N.A.
7vae	H	L	A	N.A.	N.A.	N.A.	N.A.
7vaf	H	L	A	N.A.	N.A.	N.A.	N.A.
7vag	H	L	A	N.A.	N.A.	N.A.	N.A.
7vfa	D	N.A.	E	2.43	BLI	N.A.	N.A.
7vfb	B	N.A.	A	0.46	BLI	N.A.	N.A.
7vgr	D	C	A;B	N.A.	N.A.	N.A.	N.A.
7vgs	D	C	A;B	N.A.	N.A.	N.A.	N.A.
7vke	B	N.A.	A	N.A.	N.A.	N.A.	N.A.
7vmu	A	N.A.	B	4.06	SPR	N.A.	N.A.
7vn9	H	L	E	2.9	SPR	298	N.A.
7vnb	A	N.A.	B	N.A.	N.A.	N.A.	N.A.
7vnc	V	N.A.	C	N.A.	N.A.	N.A.	N.A.
7vnd	D	N.A.	A	N.A.	N.A.	N.A.	N.A.
7vne	U	N.A.	A	63.8	BLI	303	N.A.
7vng	H	L	D	0.2	SPR	298	N.A.
7voa	A	N.A.	B	2.3	SPR	298	important KD data paper
7vq0	E	N.A.	B	6.39	BLI	303	important KD data paper
7vux	H	L	A	N.A.	N.A.	N.A.	N.A.
7vyr	H	L	R	177	BLI	N.A.	N.A.
7vyt	H	L	A;T	2.2	BLI	N.A.	N.A.
7vzt	B	C	A	N.A.	N.A.	N.A.	N.A.
7w1s	B	N.A.	A	0.0674	SPR	N.A.	N.A.
7w71	H	L	A	N.A.	N.A.	N.A.	N.A.
7w9e	D	E	C	N.A.	N.A.	N.A.	N.A.
7w9f	A	B	E	N.A.	N.A.	N.A.	N.A.
7wb5	H	L	R	N.A.	N.A.	N.A.	N.A.
7wbh	U	V	A	N.A.	N.A.	N.A.	N.A.
7wbz	H	L	A	9.85	SPR	298	N.A.
7wcd	A	B	C;H	N.A.	N.A.	N.A.	N.A.
7wch	H	L	B	N.A.	N.A.	N.A.	N.A.
7wck	A	B	R	N.A.	N.A.	N.A.	N.A.
7wcp	H	L	A	N.A.	N.A.	N.A.	N.A.
7wcr	a	b	A	<0.001	BLI	N.A.	N.A.
7wcu	A	B	R	N.A.	N.A.	N.A.	N.A.
7wcz	a	b	A	N.A.	N.A.	N.A.	N.A.
7wd0	a	b	A	N.A.	N.A.	N.A.	N.A.
7wd1	D	N.A.	A	N.A.	SPR	298	no k_off determined
7wd2	C	N.A.	A	0.18	SPR	298	N.A.
7wd7	a	b	A	N.A.	N.A.	N.A.	N.A.
7wd9	I	J	A	3.6	BLI	N.A.	N.A.
7wdf	F	G	B	3.6	BLI	N.A.	N.A.
7we7	J	M	E	N.A.	N.A.	N.A.	N.A.
7we9	H	J	A	N.A.	N.A.	N.A.	N.A.
7wea	H	L	A	N.A.	N.A.	N.A.	N.A.
7web	H	L	B	N.A.	N.A.	N.A.	N.A.
7wec	H	L	A	N.A.	N.A.	N.A.	N.A.
7wed	H	L	E	N.A.	N.A.	N.A.	N.A.
7wee	H	L	E	N.A.	N.A.	N.A.	N.A.
7wef	C	L	E	N.A.	N.A.	N.A.	N.A.
7wg3	E	A	I	11	BLI	N.A.	KD = 35 nM for humanized Ab (D9)
7wgd	H	L	A	N.A.	N.A.	N.A.	Ab is essential for crystalizing
7wgt	H	L	A	N.A.	N.A.	N.A.	N.A.
7wh8	B	A	C	0.169	SPR	N.A.	N.A.
7whb	D	E	A	0.169	SPR	N.A.	N.A.
7whd	G	H	A	0.169	SPR	N.A.	N.A.
7whi	F	N.A.	A	0.4*	BLI	303	N.A.
7whi	G	N.A.	A;B	0.4*	BLI	303	N.A.
7whj	E	N.A.	B	0.4*	BLI	303	N.A.
7whj	F	N.A.	B;C	0.4*	BLI	303	N.A.
7whk	G	N.A.	A	0.4*	BLI	303	N.A.
7whk	D	N.A.	C	0.4*	BLI	303	N.A.
7whz	B	D	A	N.A.	N.A.	N.A.	N.A.
7whz	C	E	A	N.A.	N.A.	N.A.	N.A.
7whz	H	L	A	N.A.	N.A.	N.A.	N.A.
7wi0	B	D	A	5.1	SPR	N.A.	N.A.
7wi0	C	E	A	0.8	SPR	N.A.	N.A.
7wi0	H	L	A	0.01	SPR	N.A.	N.A.
7wjy	B	C	A	3.16	BLI	N.A.	N.A.
7wjz	A	C	B	3.16	BLI	N.A.	N.A.
7wk0	A	B	C	3.16	BLI	N.A.	N.A.
7wk9	a	b	B	N.A.	N.A.	N.A.	N.A.
7wka	a	b	B	N.A.	N.A.	N.A.	N.A.
7wki	B	N.A.	A	0.00171	SPR	298	N.A.
7wkx	B	D	E	0.00273	SPR	298	N.A.
7wlc	H	L	E	N.A.	N.A.	N.A.	N.A.
7wlw	H	L	A	N.A.	N.A.	N.A.	N.A.
7wly	P	O	B	N.A.	N.A.	N.A.	N.A.
7wm0	H	L	B	N.A.	N.A.	N.A.	N.A.
7wn0	B	N.A.	A	N.A.	N.A.	N.A.	N.A.
7wn1	C	N.A.	A	N.A.	N.A.	N.A.	N.A.
7wn2	H	L	R	2.6	BLI	N.A.	important KD data paper
7wn8	H	L	A	6.9	SPR	298	KD = 3.6 nM for pH 6.8
7wnb	H	L	R	2.5	BLI	N.A.	N.A.
7wo4	F	G	A	4.12	BLI	N.A.	N.A.
7wo5	F	G	A	4.12	BLI	N.A.	N.A.
7wo7	A	B	C	4.12	BLI	N.A.	N.A.
7woa	F	G	C	47.31	BLI	N.A.	N.A.
7wob	D	B	A	47.31	BLI	N.A.	N.A.
7woc	A	B	C	47.31	BLI	N.A.	N.A.
7wog	A	B	C	11.44	BLI	N.A.	N.A.
7won	H	L	F	0.0268	SPR	N.A.	important KD data paper
7wop	B	N.A.	A	N.A.	N.A.	N.A.	N.A.
7wop	C	N.A.	A	106.8	BLI	N.A.	N.A.
7woq	D	N.A.	B	N.A.	N.A.	N.A.	N.A.
7wor	D	N.A.	B	N.A.	N.A.	N.A.	N.A.
7wor	E	N.A.	B	106.8	BLI	N.A.	N.A.
7wos	D	N.A.	B	N.A.	N.A.	N.A.	N.A.
7wos	E	N.A.	B	106.8	BLI	N.A.	N.A.
7wou	D	N.A.	B	N.A.	N.A.	N.A.	N.A.
7wou	E	N.A.	B	106.8	BLI	N.A.	N.A.
7wov	D	N.A.	A	N.A.	N.A.	N.A.	N.A.
7wov	E	N.A.	A	106.8	BLI	N.A.	N.A.
7wow	D	N.A.	A	N.A.	N.A.	N.A.	N.A.
7wow	E	N.A.	A	106.8	BLI	N.A.	N.A.
7wp0	H	L	F	N.A.	N.A.	N.A.	N.A.
7wp1	H	L	F	0.02	SPR	N.A.	N.A.
7wp2	H	L	F	0.0229	SPR	N.A.	N.A.
7wp5	H	L	F	0.722	SPR	N.A.	N.A.
7wp6	B	I	F	N.A.	N.A.	N.A.	N.A.
7wp6	D	C	F	N.A.	N.A.	N.A.	N.A.
7wp6	H	L	F	N.A.	N.A.	N.A.	N.A.
7wp8	D	C	F	N.A.	N.A.	N.A.	N.A.
7wp8	E	G	F	N.A.	N.A.	N.A.	N.A.
7wp8	H	L	F	N.A.	N.A.	N.A.	N.A.
7wpd	X	Y	A	3.2	BLI	N.A.	N.A.
7wpe	U	V	A	3.2	BLI	N.A.	N.A.
7wpf	X	Y	A	3.2	BLI	N.A.	N.A.
7wph	H	L	B	4.14	BLI	N.A.	N.A.
7wqv	B	N.A.	A	0.24	BLI	303	N.A.
7wr8	A	B	R	N.A.	N.A.	N.A.	N.A.
7wr9	A	B	F	N.A.	N.A.	N.A.	N.A.
7wrj	A	B	R	N.A.	N.A.	N.A.	N.A.
7wrl	A	B	R	N.A.	N.A.	N.A.	N.A.
7wro	H	L	R	N.A.	N.A.	N.A.	N.A.
7wrv	U	V	C	3.2	BLI	N.A.	N.A.
7wry	H	L	R	N.A.	N.A.	N.A.	N.A.
7wrz	H	L	R	0.29	BLI	N.A.	N.A.
7ws0	G	F	B	2.28	BLI	N.A.	N.A.
7ws1	G	F	B	2.28	BLI	N.A.	N.A.
7ws2	E	D	A	0.233	BLI	N.A.	N.A.
7ws3	G	F	B	2.28	BLI	N.A.	N.A.
7ws5	E	D	A	2.28	BLI	N.A.	N.A.
7ws6	I	H	C	8.97	BLI	N.A.	N.A.
7ws7	G	F	B	0.233	BLI	N.A.	N.A.
7wsc	H	L	R	N.A.	N.A.	N.A.	N.A.
7wsi	H	L	A	N.A.	N.A.	N.A.	N.A.
7wsl	H	L	D	0.3	SPR	N.A.	N.A.
7wt7	H	D	C	N.A.	N.A.	N.A.	N.A.
7wt8	J	I	A	N.A.	N.A.	N.A.	N.A.
7wt9	H	A	E	N.A.	N.A.	N.A.	N.A.
7wtf	H	L	B	2.7	BLI	N.A.	N.A.
7wtg	H	L	E	2.7	BLI	N.A.	N.A.
7wth	H	L	E	1.4	BLI	N.A.	N.A.
7wti	H	L	A	1.4	BLI	N.A.	N.A.
7wtj	H	L	E	1.3	BLI	N.A.	N.A.
7wtk	H	L	C	1.3	BLI	N.A.	N.A.
7wue	C	D	A;B	4.66	BLI	N.A.	N.A.
7wuh	K	L	A	4.66	BLI	N.A.	N.A.
7wui	N	N.A.	A;B	N.A.	N.A.	N.A.	N.A.
7wui	S	N.A.	A;B	N.A.	N.A.	N.A.	N.A.
7wuj	S	N.A.	A;B	N.A.	N.A.	N.A.	N.A.
7wur	E	F	A	N.A.	N.A.	N.A.	N.A.
7wvf	C	N.A.	A	N.A.	N.A.	N.A.	N.A.
7wvl	H	L	F	1.75	BLI	N.A.	N.A.
7wvm	A	B	E	1.68	SPR	N.A.	N.A.
7wwi	E	D	A	N.A.	N.A.	N.A.	N.A.
7wwj	G	F	B	N.A.	N.A.	N.A.	N.A.
7wwk	G	F	B	N.A.	N.A.	N.A.	N.A.
7wwl	H	L	B;C	1.91	SPR	N.A.	important KD data paper
7wwm	H	L	A	4.21	SPR	N.A.	N.A.
7x08	H	L	A;B	1.02	SPR	N.A.	important KD data paper
7x1m	A	B	M	0.9	SPR	298	important KD data paper
7x1m	C	D	M	6.1	SPR	298	N.A.
7x1m	H	L	M	2.6	SPR	298	N.A.
7x25	A	C	G	4.6	SPR	N.A.	N.A.
7x26	H	K	I	N.A.	N.A.	N.A.	N.A.
7x28	C	D	F	4.6	SPR	N.A.	N.A.
7x29	H	K	B	4.6	SPR	N.A.	N.A.
7x2a	H	K	A	4.6	SPR	N.A.	N.A.
7x2h	A	B	E	4.21	BLI	N.A.	N.A.
7x2i	H	L	B	N.A.	N.A.	N.A.	N.A.
7x2j	B	N.A.	S	N.A.	N.A.	N.A.	N.A.
7x2k	B	N.A.	E	N.A.	N.A.	N.A.	N.A.
7x2k	H	L	E	N.A.	N.A.	N.A.	N.A.
7x2l	B	N.A.	E	N.A.	N.A.	N.A.	N.A.
7x2m	B	N.A.	E	N.A.	N.A.	N.A.	N.A.
7x2o	H	L	B	13.8	SPR	N.A.	N.A.
7x3c	H	L	A;B;C	2.1	SPR	N.A.	N.A.
7x3c	F	E	B	22.6	SPR	N.A.	N.A.
7x3d	H	L	B;C	509	SPR	N.A.	N.A.
7x46	H	L	B	N.A.	N.A.	N.A.	N.A.
7x47	H	L	B	N.A.	N.A.	N.A.	N.A.
7x4i	E	N.A.	A;D	0.361	SPR	298	N.A.
7x63	H	L	R	N.A.	N.A.	N.A.	N.A.
7x66	H	L	R	N.A.	N.A.	N.A.	N.A.
7x6a	H	L	B	1.3	BLI	N.A.	N.A.
7x7d	B	N.A.	A	0.312	BLI	298	N.A.
7x7e	B	N.A.	C	N.A.	N.A.	N.A.	N.A.
7x7o	H	L	B	N.A.	N.A.	N.A.	N.A.
7x7t	A	B	G	N.A.	N.A.	N.A.	N.A.
7x7t	C	D	G	N.A.	N.A.	N.A.	N.A.
7x7t	H	L	G	N.A.	N.A.	N.A.	N.A.
7x7u	A	B	G	N.A.	N.A.	N.A.	N.A.
7x7u	C	D	G	N.A.	N.A.	N.A.	N.A.
7x7u	H	L	G	N.A.	N.A.	N.A.	N.A.
7x7v	A	F	E	N.A.	N.A.	N.A.	N.A.
7x7v	C	D	E	N.A.	N.A.	N.A.	N.A.
7x7v	H	L	E	N.A.	N.A.	N.A.	N.A.
7x8p	C	B	A	10	ELISA	298	important KD data paper
7x8q	C	B	A	6.22	SPR	N.A.	N.A.
7x8t	C	B	A	8.77	SPR	N.A.	N.A.
7x8w	H	L	A	0.00534	SPR	N.A.	N.A.
7x8y	H	L	A	N.A.	N.A.	N.A.	N.A.
7x8z	H	L	A	N.A.	N.A.	N.A.	N.A.
7x90	E	F	G	0.0346	SPR	N.A.	N.A.
7x91	H	L	A	0.152	SPR	N.A.	N.A.
7x92	H	L	A	N.A.	N.A.	N.A.	N.A.
7x93	E	F	D;G	1.7	BLI	N.A.	N.A.
7x94	H	L	A	<0.001	BLI	N.A.	N.A.
7x95	H	L	A	<0.001	BLI	N.A.	N.A.
7x96	H	L	G	<0.001	BLI	N.A.	N.A.
7xck	A	B	M	1.01	SPR	298	N.A.
7xco	H	L	A	1.01	SPR	298	N.A.
7xcp	H	L	B	1.01	SPR	298	N.A.
7xcz	B	C	A	0.0857	SPR	298	important KD data paper
7xcz	D	E	A	0.186	SPR	298	N.A.
7xd2	I	L	A	4.42	BLI	N.A.	N.A.
7xda	B	C	A	0.0857	SPR	298	N.A.
7xda	D	E	A	0.901	SPR	298	N.A.
7xdb	D	E	A	0.898	SPR	298	N.A.
7xdk	D	E	A	0.186	SPR	298	N.A.
7xdk	F	G	A	0.0857	SPR	298	N.A.
7xdl	I	H	A	0.0857	SPR	298	N.A.
7xdl	M	L	A	0.901	SPR	298	N.A.
7xeg	C	D	A	N.A.	N.A.	N.A.	N.A.
7xei	C	D	A	N.A.	N.A.	N.A.	N.A.
7xh8	B	C	A	0.0575	SPR	N.A.	N.A.
7xic	H	I	A	N.A.	N.A.	N.A.	N.A.
7xik	H	L	A	N.A.	N.A.	N.A.	N.A.
7xil	H	L	A	N.A.	N.A.	N.A.	N.A.
7xj6	E	D	A	N.A.	N.A.	N.A.	N.A.
7xj6	K	J	B	N.A.	N.A.	N.A.	N.A.
7xj8	G	F	B	N.A.	N.A.	N.A.	N.A.
7xj8	K	J	B	N.A.	N.A.	N.A.	N.A.
7xj9	G	F	B	N.A.	N.A.	N.A.	N.A.
7xj9	K	J	B	N.A.	N.A.	N.A.	N.A.
7xjf	A	B	C	4160	SPR	298	N.A.
7xk9	B	N.A.	A	N.A.	N.A.	N.A.	N.A.
7xka	B	N.A.	A	N.A.	N.A.	N.A.	N.A.
7xld	B	N.A.	A	0.53	SPR	N.A.	important KD data paper
7xli	B	N.A.	A	0.25	SPR	N.A.	N.A.
7xmx	H	I	A	N.A.	N.A.	N.A.	N.A.
7xmz	H	L	C	N.A.	N.A.	N.A.	N.A.
7xnf	H	L	A	1795.75	SPR	298	N.A.
7xod	X	Y	A	2.6	BLI	N.A.	N.A.
7xqv	B	N.A.	A	60.5	SPR	N.A.	N.A.
7xrz	H	L	X	N.A.	N.A.	N.A.	N.A.
7xs8	A	L	E	N.A.	N.A.	N.A.	N.A.
7xsa	B	C	E	N.A.	N.A.	N.A.	N.A.
7xsb	G	I	A	N.A.	N.A.	N.A.	N.A.
7xsc	A	B	E	N.A.	N.A.	N.A.	N.A.
7xst	D	E	A	5.03	SPR	N.A.	N.A.
7xst	F	G	A	0.00545	SPR	N.A.	N.A.
7xsw	H	L	R	0.39	SPR	298	N.A.
7xtp	C	N.A.	A	0.057	SPR	N.A.	N.A.
7xw6	N	N.A.	A;B	N.A.	N.A.	N.A.	N.A.
7xw6	Y	L	R	N.A.	N.A.	N.A.	N.A.
7xw7	A	N.A.	R	N.A.	N.A.	N.A.	N.A.
7xxl	A	C	B	1.18	BLI	N.A.	N.A.
7xy3	D	N.A.	A	N.A.	N.A.	N.A.	N.A.
7xy4	D	N.A.	A	N.A.	N.A.	N.A.	N.A.
7xy8	H	L	A	8.6	SPR	N.A.	N.A.
7y0c	M	N	E	N.A.	N.A.	N.A.	N.A.
7y0n	E	J	A	N.A.	N.A.	N.A.	N.A.
7y0n	G	N.A.	A	N.A.	N.A.	N.A.	N.A.
7y0o	B	N.A.	A	N.A.	N.A.	N.A.	N.A.
7y0o	H	L	A	N.A.	N.A.	N.A.	N.A.
7y0v	H	L	R	N.A.	N.A.	N.A.	N.A.
7y0w	A	B	R	N.A.	N.A.	N.A.	N.A.
7y0w	H	L	R	N.A.	N.A.	N.A.	N.A.
7y1b	H	L	A	N.A.	N.A.	N.A.	N.A.
7y3n	H	L	A	N.A.	N.A.	N.A.	N.A.
7y3o	H	L	A	N.A.	N.A.	N.A.	N.A.
7y58	B	N.A.	A	65	FACS	N.A.	N.A.
7y58	C	N.A.	A	100	FACS	N.A.	N.A.
7y6l	H	L	A	<0.001	BLI	N.A.	N.A.
7y6n	H	L	A	<0.001	BLI	N.A.	N.A.
7y7j	E	D	A	0.077	SPR	N.A.	N.A.
7y7k	B	C	A	0.077	SPR	N.A.	N.A.
7y9t	C	N.A.	A	N.A.	N.A.	N.A.	N.A.
7y9u	C	N.A.	A	N.A.	N.A.	N.A.	N.A.
7y9v	C	N.A.	A	N.A.	N.A.	N.A.	N.A.
7yad	C	D	E	N.A.	N.A.	N.A.	N.A.
7yag	C	N.A.	A	N.A.	N.A.	N.A.	N.A.
7yah	C	N.A.	A	N.A.	N.A.	N.A.	N.A.
7yai	C	N.A.	A	N.A.	N.A.	N.A.	N.A.
7yaj	C	N.A.	A	N.A.	N.A.	N.A.	N.A.
7yar	K	L	B	N.A.	N.A.	N.A.	CA trace only
7yc5	I	F	B;C	N.A.	N.A.	N.A.	N.A.
7yck	C	D	A	N.A.	BLI	N.A.	KD not determined due to avidity effects
7ycl	H	L	D	N.A.	BLI	N.A.	KD not determined due to avidity effects
7ycn	E	F	A	N.A.	BLI	N.A.	KD not determined due to avidity effects
7ycy	F	G	A	N.A.	N.A.	N.A.	N.A.
7ycz	F	G	A	N.A.	N.A.	N.A.	N.A.
7yd0	D	E	A	N.A.	N.A.	N.A.	N.A.
7yd1	A	B	C	N.A.	N.A.	N.A.	N.A.
7ydi	H	L	E	0.8	BLI	298	N.A.
7yds	B	C	A	N.A.	N.A.	N.A.	N.A.
7ye9	H	L	A	0.8	BLI	298	N.A.
7yeg	H	L	A	0.8	BLI	298	N.A.
7yfc	C	N.A.	A;B	N.A.	N.A.	N.A.	N.A.
7yfc	N	N.A.	A;B	N.A.	N.A.	N.A.	N.A.
7yfd	C	N.A.	A;B	N.A.	N.A.	N.A.	N.A.
7yfd	N	N.A.	A;B	N.A.	N.A.	N.A.	N.A.
7yh6	H	L	A	0.0109	BLI	N.A.	N.A.
7yh7	V	U	A	0.0109	BLI	N.A.	N.A.
7yhk	F	H	A	8.1	SPR	N.A.	N.A.
7yit	D	N.A.	A	N.A.	N.A.	N.A.	N.A.
7yix	C	N.A.	A	N.A.	N.A.	N.A.	N.A.
7yk4	H	L	A	4.39	BLI	N.A.	N.A.
7ykj	A	D	C	0.558	SPR	N.A.	N.A.
7ym8	D	N.A.	A	N.A.	N.A.	N.A.	N.A.
7ymj	D	N.A.	A	N.A.	N.A.	N.A.	N.A.
7yms	F	E	A	0.35	BLI	N.A.	N.A.
7yow	H	L	R	4641	BLI	N.A.	N.A.
7yoy	E	I	C	0.39	SPR	303	N.A.
7yoy	F	J	C	0.42	SPR	303	N.A.
7yp1	D	G	A;B	1.93	SPR	303	N.A.
7yp2	H	L	A	6.83	SPR	303	N.A.
7yqx	I	G	A	1.1	SPR	N.A.	BA.2.75 Spike Trimer with S309 (state1)
7yqy	I	G	A	1.1	SPR	N.A.	BA.2.75 Spike Trimer with S309 (state2)
7yqz	I	G	A	1.1	SPR	N.A.	BA.2.75 Spike Trimer with S309 (state3)
7yr0	C	B	A	1.1	SPR	N.A.	BA.2.75 Spike Trimer with S309 (local)
7yr1	H	L	A	N.A.	N.A.	N.A.	BA.2.75 Spike Trimer with XG2v024
7yrf	F	E	C	7.34	BLI	N.A.	N.A.
7yrh	F	E	A	0.35	BLI	N.A.	N.A.
7yru	H	L	A	5.6	SPR	N.A.	N.A.
7ytn	H	L	C	9.4	BLI	N.A.	KD from DOI: 10.1080/19420862.2021.2021601
7yub	N	N.A.	R	N.A.	N.A.	N.A.	N.A.
7yud	N	N.A.	R	N.A.	N.A.	N.A.	N.A.
7yuf	N	N.A.	R	N.A.	N.A.	N.A.	N.A.
7yv1	H	L	A	N.A.	N.A.	N.A.	N.A.
7yv7	F	E	A	0.35	BLI	N.A.	N.A.
7yve	L	K	A	1.86	SPR	N.A.	N.A.
7yvf	C	A	B	0.752	SPR	N.A.	N.A.
7yvg	M	L	A	0.00171	SPR	N.A.	N.A.
7yvh	C	A	B	0.484	SPR	N.A.	N.A.
7yvi	J	H	A	0.602	SPR	N.A.	N.A.
7yvj	C	A	B	0.621	SPR	N.A.	N.A.
7yvk	N	O	A	0.000976	SPR	N.A.	N.A.
7yvl	A	C	B	0.045	SPR	N.A.	N.A.
7yvm	C	A	B	0.00781	SPR	N.A.	N.A.
7yvn	L	K	A	0.199	SPR	N.A.	N.A.
7yvo	I	H	A	0.00171	SPR	N.A.	N.A.
7yvo	M	L	A	1.86	SPR	N.A.	N.A.
7yvp	I	J	A	0.000976	SPR	N.A.	N.A.
7yvp	K	H	A	0.199	SPR	N.A.	N.A.
7yxu	H	L	A	N.A.	N.A.	N.A.	N.A.
7yz9	B	N.A.	A	N.A.	N.A.	N.A.	N.A.
7yzi	D	N.A.	A	N.A.	N.A.	N.A.	N.A.
7yzk	D	N.A.	A	N.A.	N.A.	N.A.	N.A.
7z0x	H	L	R	0.255	BLI	303	N.A.
7z0y	H	L	R	0.196	BLI	303	N.A.
7z12	B	C	A	12	ELISA	N.A.	N.A.
7z1a	B	N.A.	A	N.A.	N.A.	N.A.	N.A.
7z1a	F	N.A.	A	930	ITC	298	important KD data paper
7z1b	B	N.A.	A	N.A.	N.A.	N.A.	N.A.
7z1b	F	N.A.	A	60	ITC	298	KD = 9.25 nM by SPR
7z1c	B	N.A.	A	N.A.	N.A.	N.A.	N.A.
7z1c	F	N.A.	A	53	ITC	298	KD = 8.18 nM by SPR
7z1d	B	N.A.	A	57	ITC	298	KD = 8.20 nM by SPR
7z1e	B	N.A.	A	18	ITC	298	KD = 4.54 nM by SPR
7z1x	B	N.A.	A	0.64	SPR	298	N.A.
7z1x	C	N.A.	A	143	SPR	298	N.A.
7z2m	H	L	I	0.935	SPR	N.A.	Ab mutations
7z4t	H	L	I	N.A.	N.A.	N.A.	N.A.
7z6v	X	N.A.	A	820	ITC	298	N.A.
7z7x	D	N.A.	A	N.A.	N.A.	N.A.	N.A.
7z85	D	N.A.	A	N.A.	N.A.	N.A.	N.A.
7z86	X	N.A.	A	21	ITC	298	N.A.
7z9q	E	N.A.	A	N.A.	N.A.	N.A.	N.A.
7z9r	X	N.A.	A	21	ITC	298	N.A.
7zau	B	N.A.	A	25	ELISA	N.A.	N.A.
7zbu	H	L	A	N.A.	N.A.	N.A.	N.A.
7zce	G	N.A.	A	N.A.	N.A.	N.A.	N.A.
7zcf	E	N.A.	C	N.A.	N.A.	N.A.	N.A.
7zf3	A	B	E	1.3	SPR	298	N.A.
7zf3	H	L	E	N.A.	N.A.	N.A.	N.A.
7zf4	F	N.A.	E	N.A.	N.A.	N.A.	N.A.
7zf4	H	L	E	0.99	SPR	298	N.A.
7zf5	G	I	A	0.13	SPR	298	N.A.
7zf5	H	L	E	N.A.	N.A.	N.A.	N.A.
7zf8	H	L	E	N.A.	N.A.	N.A.	N.A.
7zf9	H	L	E	N.A.	N.A.	N.A.	N.A.
7zfa	H	L	A	0.8	SPR	298	N.A.
7zfa	Q	R	A	N.A.	N.A.	N.A.	N.A.
7zfb	A	B	E	N.A.	N.A.	N.A.	N.A.
7zfb	H	L	E	N.A.	N.A.	N.A.	N.A.
7zfb	M	N.A.	E	N.A.	N.A.	N.A.	N.A.
7zfc	A	B	E	N.A.	N.A.	N.A.	N.A.
7zfc	H	L	E	N.A.	N.A.	N.A.	N.A.
7zfc	M	N.A.	E	N.A.	N.A.	N.A.	N.A.
7zfd	H	L	E	N.A.	N.A.	N.A.	N.A.
7zfe	W	N.A.	A	N.A.	N.A.	N.A.	N.A.
7zfe	H	L	E	N.A.	N.A.	N.A.	N.A.
7zjl	h	g	A	N.A.	N.A.	N.A.	N.A.
7zk1	B	N.A.	A	90	BLI	N.A.	N.A.
7zk1	C	N.A.	A	760	BLI	N.A.	N.A.
7zkw	C	N.A.	A	N.A.	N.A.	N.A.	N.A.
7zkz	B	N.A.	A	90	BLI	N.A.	N.A.
7zkz	C	N.A.	A	189	BLI	N.A.	N.A.
7zlg	H	L	A	N.A.	N.A.	N.A.	N.A.
7zlh	H	L	A	N.A.	N.A.	N.A.	N.A.
7zli	H	L	A	N.A.	N.A.	N.A.	N.A.
7zlj	H	L	A	N.A.	N.A.	N.A.	N.A.
7zlk	S	T	C;E	5.55	BLI	N.A.	N.A.
7zlk	H	L	D	N.A.	N.A.	N.A.	N.A.
7zmk	E	F	A	N.A.	N.A.	N.A.	N.A.
7zml	F	N.A.	A;C	N.A.	N.A.	N.A.	N.A.
7zmm	E	N.A.	A;C	N.A.	N.A.	N.A.	N.A.
7zmn	C	N.A.	A	N.A.	N.A.	N.A.	N.A.
7zmo	K	N.A.	A	N.A.	N.A.	N.A.	N.A.
7zmp	C	N.A.	A	N.A.	N.A.	N.A.	N.A.
7zmq	K	N.A.	A	N.A.	N.A.	N.A.	N.A.
7zmr	K	N.A.	A	N.A.	N.A.	N.A.	N.A.
7zms	K	N.A.	A	N.A.	N.A.	N.A.	N.A.
7zmt	C	N.A.	A	N.A.	N.A.	N.A.	N.A.
7zmv	G	N.A.	A	N.A.	N.A.	N.A.	N.A.
7zox	B	N.A.	A	<0.01	BLI	298	N.A.
7zox	C	N.A.	A	0.004	BLI	298	N.A.
7zoz	H	L	A	4.68	BLI	N.A.	N.A.
7zqt	B	N.A.	A	N.A.	N.A.	N.A.	N.A.
7zqt	C	D	A	N.A.	N.A.	N.A.	N.A.
7zr7	H	L	B	N.A.	N.A.	N.A.	N.A.
7zr8	H	L	A	N.A.	N.A.	N.A.	N.A.
7zr9	H	L	A	N.A.	N.A.	N.A.	N.A.
7zra	G	N.A.	A;C	50	fluorescence polarization	303	N.A.
7zrc	H	L	C	N.A.	N.A.	N.A.	N.A.
7zw1	C	N.A.	B	N.A.	N.A.	N.A.	N.A.
7zwf	B	N.A.	A	N.A.	N.A.	N.A.	N.A.
7zwi	B	C	A	4.1	SPR	N.A.	N.A.
7zwm	B	C	A	4.1	SPR	N.A.	N.A.
7zwm	D	E	A	35.8	SPR	N.A.	N.A.
7zxf	B	C	A	1.34	SPR	N.A.	N.A.
7zxf	D	E	A	35.8	SPR	N.A.	N.A.
7zxg	B	C	A	35.8	SPR	N.A.	N.A.
7zxk	H	L	C	0.00386	BLI	N.A.	N.A.
7zxu	A	N.A.	E	N.A.	N.A.	N.A.	N.A.
7zxu	H	L	E	N.A.	N.A.	N.A.	N.A.
7zyi	H	L	A	60	ELISA	N.A.	N.A.
8a1e	B	C	A	0.06	SPR	277	N.A.
8a1e	D	E	A	1.6	SPR	277	N.A.
8a44	C	D	A	N.A.	N.A.	N.A.	N.A.
8a94	R	O	A	N.A.	N.A.	N.A.	N.A.
8a96	K	J	C	N.A.	N.A.	N.A.	N.A.
8a99	R	O	A	N.A.	N.A.	N.A.	N.A.
8acf	H	L	A	N.A.	N.A.	N.A.	N.A.
8aci	H	L	A	N.A.	N.A.	N.A.	N.A.
8ag1	H	L	A	4.39	BLI	N.A.	N.A.
8ahn	H	L	A	<0.001	BLI	N.A.	N.A.
8aok	B	N.A.	A	44	BLI	298	important KD data paper
8aom	V	N.A.	A	270	BLI	298	N.A.
8apy	C	N.A.	A	N.A.	N.A.	N.A.	N.A.
8as0	B	C	A;R	54	SPR	293	N.A.
8ath	H	L	A	12	BLI	N.A.	N.A.
8av9	H	L	A	N.A.	N.A.	N.A.	N.A.
8awm	H	L	A	N.A.	N.A.	N.A.	N.A.
8b17	B	N.A.	A	14.8	microscale thermophoresis	N.A.	N.A.
8b18	B	N.A.	A	14.8	microscale thermophoresis	N.A.	N.A.
8b19	B	N.A.	A	14.8	microscale thermophoresis	N.A.	N.A.
8b1a	B	N.A.	A	14.8	microscale thermophoresis	N.A.	N.A.
8b1b	B	N.A.	A	14.8	microscale thermophoresis	N.A.	N.A.
8b1c	B	N.A.	A	14.8	microscale thermophoresis	N.A.	N.A.
8b1d	B	N.A.	A	14.8	microscale thermophoresis	N.A.	N.A.
8b1e	B	N.A.	A	14.8	microscale thermophoresis	N.A.	N.A.
8b1f	B	N.A.	A	14.8	microscale thermophoresis	N.A.	N.A.
8b1g	B	N.A.	A	14.8	microscale thermophoresis	N.A.	N.A.
8b1h	B	N.A.	A	14.8	microscale thermophoresis	N.A.	N.A.
8b1i	B	N.A.	A	14.8	microscale thermophoresis	N.A.	N.A.
8b1j	B	N.A.	A	14.8	microscale thermophoresis	N.A.	N.A.
8b1k	B	N.A.	A	14.8	microscale thermophoresis	N.A.	N.A.
8b41	G	N.A.	A	N.A.	N.A.	N.A.	N.A.
8b7h	H	L	A	0.0528	SPR	298	N.A.
8b7w	H	N.A.	C	0.06	SPR	303	N.A.
8bb7	C	N.A.	A	37.5	BLI	298	N.A.
8bbn	E	F	R	N.A.	N.A.	N.A.	N.A.
8bbn	H	L	R	N.A.	N.A.	N.A.	N.A.
8bbo	H	L	R	N.A.	N.A.	N.A.	N.A.
8bcz	A	B	R	N.A.	N.A.	N.A.	N.A.
8bcz	C	D	R	N.A.	N.A.	N.A.	N.A.
8bcz	E	F	R	N.A.	N.A.	N.A.	N.A.
8bcz	H	L	R	N.A.	N.A.	N.A.	N.A.
8be1	A	B	C	4.78	BLI	N.A.	N.A.
8be2	N	N.A.	S	N.A.	N.A.	N.A.	N.A.
8bec	A	N.A.	B	N.A.	N.A.	N.A.	N.A.
8bev	B	N.A.	A	N.A.	N.A.	N.A.	N.A.
8bf4	A	N.A.	C	0.237	BLI	298	N.A.
8bf4	B	N.A.	C	37.5	BLI	298	N.A.
8bg1	A	B	C	N.A.	N.A.	N.A.	N.A.
8bg2	A	N.A.	B	N.A.	N.A.	N.A.	N.A.
8bg3	A	N.A.	B	N.A.	N.A.	N.A.	N.A.
8bg4	A	N.A.	B	N.A.	N.A.	N.A.	N.A.
8bg5	A	N.A.	B	N.A.	N.A.	N.A.	N.A.
8bg6	A	B	E	N.A.	N.A.	N.A.	N.A.
8bg8	H	L	A	N.A.	N.A.	N.A.	N.A.
8bgg	Y	N.A.	C	N.A.	N.A.	N.A.	N.A.
8bh5	C	N.A.	E	N.A.	N.A.	N.A.	N.A.
8bh5	H	L	E	N.A.	N.A.	N.A.	N.A.
8bk2	F	G	C	N.A.	N.A.	N.A.	N.A.
8blq	A	B	D	N.A.	N.A.	N.A.	N.A.
8blq	E	C	D	N.A.	N.A.	N.A.	N.A.
8bse	H	L	A	0.242	SPR	298	important KD data paper
8bsf	H	L	A	0.789	SPR	298	N.A.
8bvr	B	N.A.	A	75	BLI	N.A.	N.A.
8bvs	B	N.A.	A	75	BLI	N.A.	N.A.
8bvt	B	N.A.	A	75	BLI	N.A.	N.A.
8bw0	H	L	C	N.A.	N.A.	N.A.	N.A.
8bw7	B	N.A.	A	75	BLI	N.A.	N.A.
8byu	H	L	A	1.1	BLI	303	N.A.
8bzy	B	N.A.	A	500	SPR	293	N.A.
8c02	B	N.A.	A	500	SPR	293	N.A.
8c3k	B	N.A.	A	N.A.	N.A.	N.A.	N.A.
8c3l	B	N.A.	A	N.A.	N.A.	N.A.	N.A.
8c3v	H	L	R	N.A.	N.A.	N.A.	N.A.
8c3v	I	N.A.	R	N.A.	N.A.	N.A.	N.A.
8c5h	N	N.A.	S	0.7	microscale thermophoresis	293	N.A.
8c7m	H	L	A	N.A.	N.A.	N.A.	N.A.
8c89	H	L	C	0.04618	SPR	N.A.	N.A.
8c8p	H	N.A.	A	38.4	BLI	303	N.A.
8c9x	F	N.A.	A;B	0.2	SPR	298	N.A.
8cau	H	N.A.	C	0.2	SPR	298	N.A.
8cbd	E	F	R	N.A.	N.A.	N.A.	N.A.
8cbd	H	L	R;Y	N.A.	N.A.	N.A.	N.A.
8cbe	A	B	E	N.A.	N.A.	N.A.	N.A.
8cbe	H	L	E	N.A.	N.A.	N.A.	N.A.
8cbf	A	B	E	N.A.	N.A.	N.A.	N.A.
8cbf	H	L	E	N.A.	N.A.	N.A.	N.A.
8cd0	C	N.A.	A	N.A.	N.A.	N.A.	N.A.
8cdd	E	D	B	N.A.	N.A.	N.A.	N.A.
8cde	D	C	B	N.A.	N.A.	N.A.	N.A.
8ce4	F	N.A.	A;B	1	SPR	298	N.A.
8chs	D	N.A.	A	N.A.	N.A.	N.A.	N.A.
8ci1	F	N.A.	A;B	1	SPR	298	N.A.
8ci2	F	N.A.	A;B	0.2	SPR	298	N.A.
8cii	A	B	E	N.A.	N.A.	N.A.	N.A.
8cii	C	N.A.	E	N.A.	N.A.	N.A.	N.A.
8cii	H	L	E	N.A.	N.A.	N.A.	N.A.
8cim	H	L	C	N.A.	N.A.	N.A.	N.A.
8cin	H	L	A	N.A.	N.A.	N.A.	N.A.
8cma	H	L	E	N.A.	N.A.	N.A.	N.A.
8cml	A	N.A.	B	0.0077	SPR	N.A.	important KD data paper
8cml	C	N.A.	B	0.1199	SPR	N.A.	N.A.
8cni	A	N.A.	B	N.A.	N.A.	N.A.	N.A.
8coe	B	N.A.	C	N.A.	N.A.	N.A.	N.A.
8cr9	A	B	C	N.A.	N.A.	N.A.	N.A.
8crb	A	B	C	N.A.	N.A.	N.A.	N.A.
8ct6	H	L	A	2.95	BLI	303	important KD data paper
8cw9	J	B	A;E	54	BLI	298	N.A.
8cw9	H	L	F	N.A.	N.A.	N.A.	N.A.
8cwi	H	L	A	N.A.	N.A.	N.A.	N.A.
8cwj	J	K	G	N.A.	N.A.	N.A.	N.A.
8cwj	A	B	I	N.A.	N.A.	N.A.	N.A.
8cwk	A	B	C	N.A.	N.A.	N.A.	N.A.
8cwk	H	L	C	N.A.	N.A.	N.A.	N.A.
8cwu	B	N.A.	A	<10	ELISA	N.A.	Affinity <10 nM by ELISA
8cwv	B	N.A.	A	<0.001	SPR	N.A.	Affinity <10 nM by ELISA
8cwv	H	L	A	N.A.	N.A.	N.A.	N.A.
8cxc	A	N.A.	M	10	SPR	N.A.	N.A.
8cxc	H	L	M	64.4	SPR	298	N.A.
8cxi	h	l	B;C	N.A.	N.A.	N.A.	N.A.
8cxn	D	N.A.	A	<10	ELISA	N.A.	Affinity <10 nM by ELISA
8cxq	D	N.A.	A	<10	ELISA	N.A.	Affinity <10 nM by ELISA
8cxr	F	N.A.	B	N.A.	N.A.	N.A.	N.A.
8cy6	D	N.A.	A	<10	ELISA	N.A.	Affinity <10 nM by ELISA
8cy7	D	N.A.	A	<10	ELISA	N.A.	Affinity <10 nM by ELISA
8cy9	D	N.A.	A	<10	ELISA	N.A.	Affinity <10 nM by ELISA
8cya	E	N.A.	A	<10	ELISA	N.A.	Affinity <10 nM by ELISA
8cyb	D	N.A.	A	<10	ELISA	N.A.	Affinity <10 nM by ELISA
8cyc	D	N.A.	A	<10	ELISA	N.A.	Affinity <10 nM by ELISA
8cyd	F	N.A.	A	0.387	SPR	N.A.	Affinity <10 nM by ELISA
8cyh	H	L	M	64.4	SPR	298	N.A.
8cyj	A	N.A.	R	<10	ELISA	N.A.	Affinity <10 nM by ELISA
8cyj	B	N.A.	R	<10	ELISA	N.A.	Affinity <10 nM by ELISA
8cyj	C	N.A.	R	<10	ELISA	N.A.	Affinity <10 nM by ELISA
8cyj	D	N.A.	R	<10	ELISA	N.A.	Affinity <10 nM by ELISA
8cz5	H	L	A	10.8	ITC	298	N.A.
8cz8	C	N.A.	E	10	SPR	N.A.	N.A.
8cz8	D	N.A.	E	103	SPR	298	N.A.
8czz	M	N	A	N.A.	N.A.	N.A.	N.A.
8czz	C	D	A;B	N.A.	N.A.	N.A.	N.A.
8d0a	H	L	A	N.A.	N.A.	N.A.	N.A.
8d0y	D	E	B;G	N.A.	N.A.	N.A.	N.A.
8d0y	H	L	G	N.A.	N.A.	N.A.	N.A.
8d0z	H	L	A	5.7	BLI	N.A.	N.A.
8d1t	H	L	A	N.A.	N.A.	N.A.	N.A.
8d48	H	L	A	0.2	SPR	298	N.A.
8d4r	D	E	B;G	N.A.	N.A.	N.A.	N.A.
8d4r	H	L	G	N.A.	N.A.	N.A.	N.A.
8d50	D	E	B;G	N.A.	N.A.	N.A.	N.A.
8d50	H	L	G	N.A.	N.A.	N.A.	N.A.
8d7e	D	E	C	N.A.	N.A.	N.A.	N.A.
8d7e	F	G	C	N.A.	N.A.	N.A.	N.A.
8d8q	C	B	A	N.A.	N.A.	N.A.	N.A.
8d8q	H	L	A	N.A.	N.A.	N.A.	N.A.
8d8r	H	L	A	N.A.	N.A.	N.A.	N.A.
8d9y	B	A	I	N.A.	N.A.	N.A.	N.A.
8d9z	B	A	D	N.A.	N.A.	N.A.	N.A.
8da0	B	A	E	N.A.	N.A.	N.A.	N.A.
8da1	B	A	I	N.A.	N.A.	N.A.	N.A.
8dad	H	L	B	N.A.	N.A.	N.A.	N.A.
8dam	B	N.A.	A	N.A.	N.A.	N.A.	N.A.
8dam	C	N.A.	A	N.A.	N.A.	N.A.	N.A.
8db4	A	B	E	N.A.	N.A.	N.A.	N.A.
8db4	C	D	E	N.A.	N.A.	N.A.	N.A.
8dcc	H	L	E	N.A.	N.A.	N.A.	N.A.
8dce	H	N.A.	A	N.A.	N.A.	N.A.	N.A.
8dcy	A	B	C	1.7	SPR	N.A.	N.A.
8dd2	J	I	B	N.A.	N.A.	N.A.	N.A.
8ddk	A	B	C	N.A.	SPR	N.A.	N.A.
8de3	B	C	A	N.A.	N.A.	N.A.	N.A.
8de4	B	C	A	N.A.	N.A.	N.A.	N.A.
8der	H	L	A	N.A.	N.A.	N.A.	N.A.
8df1	H	L	A	3.21	BLI	N.A.	important KD data paper
8df5	A	B	R	N.A.	N.A.	N.A.	N.A.
8df5	H	L	R	N.A.	N.A.	N.A.	N.A.
8dfg	H	L	A	4.24	BLI	298	N.A.
8dfh	H	L	A	0.66	BLI	298	N.A.
8dfi	H	L	A	1.84	BLI	298	N.A.
8dfl	E	N.A.	A;B	N.A.	N.A.	N.A.	N.A.
8dg8	H	L	B	190	BLI	298	N.A.
8dg9	H	L	A	<0.001	BLI	298	N.A.
8di5	H	N.A.	C	N.A.	N.A.	N.A.	N.A.
8dim	B	C	A	N.A.	N.A.	N.A.	N.A.
8diu	H	I	A	N.A.	N.A.	N.A.	N.A.
8djg	C	D	E	N.A.	N.A.	N.A.	N.A.
8dk6	H	L	E	N.A.	N.A.	N.A.	N.A.
8dke	A	B	P	N.A.	N.A.	N.A.	N.A.
8dki	A	B	P	N.A.	N.A.	N.A.	N.A.
8dkm	A	B	P	N.A.	N.A.	N.A.	N.A.
8dkw	A	B	P	N.A.	N.A.	N.A.	N.A.
8dkx	A	B	P	N.A.	N.A.	N.A.	N.A.
8dl6	D	C	A	N.A.	N.A.	N.A.	N.A.
8dl7	D	C	A	10.6	BLI	303	N.A.
8dl8	D	C	A	10.6	BLI	303	N.A.
8dlr	H	L	A	N.A.	N.A.	N.A.	N.A.
8dls	H	L	A	N.A.	N.A.	N.A.	N.A.
8dlw	H	L	A;B	N.A.	N.A.	N.A.	N.A.
8dly	H	N.A.	C	N.A.	N.A.	N.A.	N.A.
8dm0	H	N.A.	C	N.A.	N.A.	N.A.	N.A.
8dm3	H	L	A	N.A.	N.A.	N.A.	N.A.
8dm4	H	L	A	N.A.	N.A.	N.A.	N.A.
8dmj	H	L	B	N.A.	N.A.	N.A.	N.A.
8dn6	C	D	A	60	ITC	277	N.A.
8dn7	A	B	C	N.A.	N.A.	N.A.	N.A.
8dnn	B	C	A	N.A.	N.A.	N.A.	N.A.
8dok	M	N	A	N.A.	N.A.	N.A.	N.A.
8dok	C	D	A;B	N.A.	N.A.	N.A.	N.A.
8dow	C	D	A	N.A.	N.A.	N.A.	N.A.
8dp0	B	N.A.	A	2.1	BLI	N.A.	N.A.
8dpl	A	B	D	0.00375	BLI	N.A.	N.A.
8dpl	C	N.A.	E;J	N.A.	N.A.	N.A.	N.A.
8dpm	D	E	A	0.00113	BLI	N.A.	N.A.
8dpm	C	N.A.	A;B;L	N.A.	N.A.	N.A.	N.A.
8dpz	F	G	B	N.A.	N.A.	N.A.	N.A.
8dqu	A	N.A.	C	N.A.	N.A.	N.A.	N.A.
8ds5	C	B	A	5.1	SPR	N.A.	N.A.
8dt3	H	L	C	1.09	BLI	291	N.A.
8dt8	D	N.A.	A	382	SPR	298	N.A.
8dt8	H	N.A.	A	391	SPR	298	N.A.
8dtk	C	B	A	N.A.	N.A.	N.A.	N.A.
8dto	C	D	A	N.A.	N.A.	N.A.	N.A.
8dun	H	L	G	N.A.	N.A.	N.A.	N.A.
8dw2	D	C	B	N.A.	N.A.	N.A.	N.A.
8dw2	H	L	B	N.A.	N.A.	N.A.	N.A.
8dw3	D	C	B	N.A.	N.A.	N.A.	N.A.
8dw3	H	L	B	N.A.	N.A.	N.A.	N.A.
8dw9	C	D	B	0.202	SPR	N.A.	N.A.
8dwa	H	L	A	0.188	SPR	N.A.	N.A.
8dww	H	L	N	N.A.	N.A.	N.A.	N.A.
8dwx	H	L	P	N.A.	N.A.	N.A.	N.A.
8dwy	H	L	P	N.A.	N.A.	N.A.	N.A.
8dxs	H	L	A	0.143	SPR	N.A.	N.A.
8dxt	H	L	R	0.2	BLI	298	N.A.
8dxu	A	B	R	0.31	BLI	298	N.A.
8dxu	H	L	R	N.A.	N.A.	N.A.	N.A.
8dy1	C	N.A.	A	N.A.	N.A.	N.A.	N.A.
8dy5	A	N.A.	C	N.A.	N.A.	N.A.	N.A.
8dyp	B	N.A.	A	N.A.	N.A.	N.A.	N.A.
8dzh	H	L	C	N.A.	N.A.	N.A.	important KD data paper
8dzi	H	L	C	N.A.	N.A.	N.A.	N.A.
8dzw	H	L	C	1.23	BLI	N.A.	N.A.
8e0e	B	N.A.	A	N.A.	N.A.	N.A.	N.A.
8e1g	H	L	A	0.161	SPR	298	KD for Ab-Spike;structure for Ab-RBD
8e1m	H	L	C	N.A.	N.A.	N.A.	N.A.
8e2u	H	L	A	N.A.	N.A.	N.A.	N.A.
8e6j	H	L	A	N.A.	N.A.	N.A.	N.A.
8e6k	H	L	A	N.A.	N.A.	N.A.	N.A.
8e7m	H	L	A	0.276	SPR	N.A.	N.A.
8e99	E	N.A.	B	N.A.	N.A.	N.A.	N.A.
8eay	H	L	A	N.A.	N.A.	N.A.	N.A.
8eb2	K	M	A	N.A.	N.A.	N.A.	N.A.
8ebp	H	L	A	N.A.	N.A.	N.A.	N.A.
8edf	H	L	A	0.412	SPR	N.A.	N.A.
8ee0	H	L	A	N.A.	N.A.	N.A.	N.A.
8ee1	B	C	A	5.7	ELISA	298	N.A.
8ee2	G	N.A.	E	N.A.	N.A.	N.A.	N.A.
8ee5	H	L	Z	N.A.	N.A.	N.A.	N.A.
8ee8	H	L	Z	N.A.	N.A.	N.A.	N.A.
8eed	H	L	A	N.A.	N.A.	N.A.	N.A.
8eee	H	L	E	N.A.	N.A.	N.A.	N.A.
8ejh	H	L	A	N.A.	N.A.	N.A.	N.A.
8eji	H	L	A	N.A.	N.A.	N.A.	N.A.
8ejj	H	L	c	0.5	BLI	303	N.A.
8ekd	E	F	G	N.A.	N.A.	N.A.	N.A.
8el2	H	L	A	0.55	ELISA	N.A.	KD estimated from figure
8elj	U	V	A	0.01648	ELISA	N.A.	N.A.
8eln	C	N.A.	A	N.A.	N.A.	N.A.	N.A.
8elo	B	N.A.	A	143	SPR	298	N.A.
8elo	H	L	A	N.A.	N.A.	N.A.	N.A.
8emy	G	N.A.	A	30.1	ITC	298	N.A.
8emz	B	N.A.	A	7.5	ITC	298	N.A.
8en0	D	N.A.	A	40.9	ITC	298	N.A.
8en1	C	N.A.	A;B	180	ITC	298	N.A.
8en2	D	N.A.	A	4.8	ITC	298	N.A.
8en3	C	N.A.	A;B	101	ITC	298	N.A.
8en4	C	N.A.	A;B	16	ITC	298	N.A.
8en5	E	N.A.	A;B	3.8	ITC	298	N.A.
8en6	C	N.A.	A	56.7	ITC	298	N.A.
8eoo	A	B	C	N.A.	N.A.	N.A.	N.A.
8eoo	H	L	C	1.1	BLI	303	N.A.
8epa	A	B	I	N.A.	N.A.	N.A.	N.A.
8epa	H	L	I	N.A.	N.A.	N.A.	N.A.
8eqf	H	L	A	0.125	BLI	293	N.A.
8erq	H	L	A	15.54	SPR	298	Geometric mean of two replicates
8err	H	L	A	15.54	SPR	298	Geometric mean of two replicates
8esv	H	L	A	N.A.	N.A.	N.A.	N.A.
8et0	C	N.A.	A	N.A.	N.A.	N.A.	N.A.
8evd	E	N.A.	G	N.A.	N.A.	N.A.	N.A.
8ew6	V	N.A.	W	2.4	SPR	291	N.A.
8eyg	E	N.A.	C	N.A.	N.A.	N.A.	N.A.
8eyh	D	N.A.	A	N.A.	N.A.	N.A.	N.A.
8ez3	H	L	A	8	BLI	N.A.	important KD data paper
8ez7	H	L	A	8	BLI	N.A.	N.A.
8ez8	H	L	A	4	BLI	N.A.	N.A.
8ezk	H	N.A.	A	0.37	BLI	N.A.	N.A.
8ezl	H	N.A.	A	68.6	BLI	N.A.	N.A.
8ezm	H	N.A.	A	8.71	BLI	N.A.	N.A.
8f0h	B	D	C	0.383	SPR	298	KD for Ab-Spike;structure for Ab-RBD
8f0h	H	L	C	0.161	SPR	298	KD for Ab-Spike;structure for Ab-RBD
8f0i	H	I	G	N.A.	N.A.	N.A.	N.A.
8f2j	H	L	E	N.A.	N.A.	N.A.	N.A.
8f2x	H	L	A	N.A.	N.A.	N.A.	N.A.
8f38	E	H	A	N.A.	N.A.	N.A.	N.A.
8f5i	H	L	B	0.6	SPR	N.A.	N.A.
8f5n	H	L	A	N.A.	N.A.	N.A.	N.A.
8f60	A	B	C	N.A.	N.A.	N.A.	N.A.
8f6e	D	C	A	N.A.	N.A.	N.A.	N.A.
8f6f	D	C	A	N.A.	N.A.	N.A.	N.A.
8f6h	D	C	A	N.A.	N.A.	N.A.	N.A.
8f6i	D	C	A	N.A.	N.A.	N.A.	N.A.
8f6j	D	C	A	N.A.	N.A.	N.A.	N.A.
8f6l	A	B	C	N.A.	N.A.	N.A.	N.A.
8f6o	A	B	C	N.A.	N.A.	N.A.	N.A.
8f6u	A	N.A.	C;D	N.A.	N.A.	N.A.	N.A.
8f6v	A	N.A.	C	N.A.	N.A.	N.A.	N.A.
8f6x	F	N.A.	A;B	N.A.	N.A.	N.A.	N.A.
8f8w	D	N.A.	A	142	SPR	N.A.	N.A.
8f8x	D	N.A.	A	142	SPR	N.A.	N.A.
8fah	H	L	A	N.A.	N.A.	N.A.	N.A.
8fcz	C	N.A.	A	117	SPR	293	N.A.
8fd0	C	N.A.	A	117	SPR	293	N.A.
8fd1	C	N.A.	A	N.A.	N.A.	N.A.	N.A.
8fdo	A	B	C	0.6	SPR	N.A.	N.A.
8fe3	H	L	B	N.A.	N.A.	N.A.	N.A.
8fe4	H	L	B	N.A.	N.A.	N.A.	N.A.
8ffe	H	L	A	N.A.	N.A.	N.A.	N.A.
8fgx	B	A	C	1.07	SPR	310	N.A.
8fhy	H	L	I	1.09	BLI	303	N.A.
8fi9	H	L	A	0.69	BLI	303	N.A.
8fsj	C	B	E	N.A.	N.A.	N.A.	N.A.
8fsj	H	L	E	N.A.	N.A.	N.A.	N.A.
8fxb	H	L	E	2	SPR	298	N.A.
8fxc	H	L	E	30	SPR	298	N.A.
8fxs	D	N.A.	A	N.A.	N.A.	N.A.	N.A.
8fxv	B	N.A.	A	N.A.	N.A.	N.A.	N.A.
8g0i	D	N.A.	A	N.A.	N.A.	N.A.	N.A.
8g0w	D	N.A.	B	N.A.	N.A.	N.A.	N.A.
8g30	H	L	O	0.92	SPR	298	N.A.
8g3m	E	F	G	4.08	SPR	298	N.A.
8g3n	E	F	G	4.08	SPR	298	N.A.
8g3o	C	I	B	16	SPR	298	N.A.
8g3p	H	L	E	16	SPR	298	N.A.
8g3q	I	D	E	27.3	SPR	298	N.A.
8g3r	C	B	G	234	SPR	298	N.A.
8g3v	A	L	G	15.1	SPR	298	N.A.
8g3z	H	L	C	N.A.	N.A.	N.A.	N.A.
8g40	A	L	G	15.1	SPR	298	N.A.
8g4o	H	L	A	0.5	N.A.	N.A.	N.A.
8g4p	A	B	E	0.00335	BLI	N.A.	N.A.
8g4p	C	D	E	0.0134	BLI	N.A.	N.A.
8g5a	H	L	A	N.A.	N.A.	N.A.	N.A.
8g5b	H	L	A	N.A.	N.A.	N.A.	N.A.
8g5b	I	M	A	N.A.	N.A.	N.A.	N.A.
8g5b	J	N	A	N.A.	N.A.	N.A.	N.A.
8g6i	C	B	A	N.A.	N.A.	N.A.	N.A.
8g6u	M	N	A	N.A.	N.A.	N.A.	N.A.
8g6u	C	D	A;B	N.A.	N.A.	N.A.	N.A.
8g70	E	N.A.	A	N.A.	N.A.	N.A.	N.A.
8g70	G	N.A.	A;B	N.A.	N.A.	N.A.	N.A.
8g70	M	N.A.	B	N.A.	N.A.	N.A.	N.A.
8g70	N	N.A.	D	N.A.	N.A.	N.A.	N.A.
8g72	A	N.A.	B	0.527	SPR	N.A.	N.A.
8g73	C	N.A.	B	4.55	SPR	N.A.	N.A.
8g74	C	N.A.	B	4.55	SPR	N.A.	N.A.
8g75	E	N.A.	A	0.184	SPR	N.A.	N.A.
8g76	E	N.A.	A	N.A.	N.A.	N.A.	N.A.
8g77	G	N.A.	A;B	N.A.	N.A.	N.A.	N.A.
8g78	J	N.A.	A	N.A.	N.A.	N.A.	N.A.
8g78	G	N.A.	A;B	N.A.	N.A.	N.A.	N.A.
8g7a	C	N.A.	B	N.A.	N.A.	N.A.	N.A.
8g7b	C	N.A.	B	N.A.	N.A.	N.A.	N.A.
8g7c	E	N.A.	A	N.A.	N.A.	N.A.	N.A.
8g8w	B	N.A.	A	N.A.	N.A.	N.A.	N.A.
8g8w	C	N.A.	A	N.A.	N.A.	N.A.	N.A.
8gat	M	N	A	N.A.	N.A.	N.A.	N.A.
8gau	H	L	A	8.14	BLI	303	important KD data paper
8gau	M	N	A	N.A.	N.A.	N.A.	N.A.
8gav	H	L	A	3.73	BLI	303	N.A.
8gb5	B	C	A	<0.1	BLI	N.A.	N.A.
8gb6	H	L	A	<0.1	BLI	N.A.	N.A.
8gb7	H	L	A	<0.1	BLI	N.A.	N.A.
8gb8	H	L	E	N.A.	N.A.	N.A.	N.A.
8gdr	H	J	E	N.A.	N.A.	N.A.	N.A.
8gf2	C	D	A	N.A.	N.A.	N.A.	N.A.
8gf2	H	L	A	0.0714	SPR	298	important KD data paper;CR3022 mutations
8gh4	H	L	E	3.3	BLI	N.A.	N.A.
8ghp	H	L	A	N.A.	N.A.	N.A.	N.A.
8ghr	C	N.A.	A	0.56	BLI	N.A.	N.A.
8gje	H	L	A	5.4	SPR	298	N.A.
8gkl	H	L	E	N.A.	N.A.	N.A.	N.A.
8gng	H	L	A	N.A.	N.A.	N.A.	N.A.
8gnh	H	L	B	0.27	SPR	N.A.	N.A.
8gni	C	N.A.	A	N.A.	N.A.	N.A.	N.A.
8gnj	C	N.A.	A	N.A.	N.A.	N.A.	N.A.
8gnk	H	L	A	N.A.	N.A.	N.A.	N.A.
8gou	I	J	A	1.59	SPR	N.A.	N.A.
8gp5	E	F	X	0.041	SPR	298	N.A.
8gpg	E	F	X	0.041	SPR	298	N.A.
8gpi	H	L	S;Y	530	SPR	298	N.A.
8gpj	H	L	U;Y	514	SPR	298	N.A.
8gpt	D	E	A	0.00149	SPR	298	N.A.
8gpu	H	L	A	0.00149	SPR	298	N.A.
8gpx	H	L	E	0.588	SPR	298	N.A.
8gpy	E	N.A.	A	1.59	SPR	N.A.	N.A.
8gq1	H	L	C	0.23	SPR	293	N.A.
8gq5	a	N.A.	A	N.A.	N.A.	N.A.	N.A.
8grr	H	L	2	N.A.	N.A.	N.A.	N.A.
8gs9	H	K	A	0.0026	SPR	N.A.	8GS9-RBD has N460+F486;regarded as WT RBD
8gsb	H	K	A	N.A.	N.A.	N.A.	N.A.
8gto	H	L	A	N.A.	N.A.	N.A.	interesting paper summarizing Abs
8gtp	H	L	A	N.A.	N.A.	N.A.	N.A.
8gtq	H	L	A	N.A.	N.A.	N.A.	N.A.
8gx9	I	L	A	N.A.	N.A.	N.A.	N.A.
8gx9	P	M	A	N.A.	N.A.	N.A.	N.A.
8gy5	H	L	P	N.A.	N.A.	N.A.	N.A.
8gye	E	F	A	N.A.	N.A.	N.A.	N.A.
8gz5	B	N.A.	A	0.37	BLI	303	N.A.
8gzz	E	D	A	0.0901	BLI	N.A.	important KD data paper
8h00	E	D	A	0.0376	BLI	N.A.	N.A.
8h01	E	D	A	0.0376	BLI	N.A.	N.A.
8h07	M	P	A	20.4	BLI	N.A.	N.A.
8h07	Q	R	A	56	BLI	N.A.	N.A.
8h08	L	P	A	4.31	BLI	N.A.	N.A.
8h08	Q	R	A	18.4	BLI	N.A.	N.A.
8h3x	A	N.A.	C	11.5	ITC	298	important KD data paper
8h3y	F	N.A.	A	0.828	ITC	298	N.A.
8h5t	B	N.A.	A	1.38	SPR	N.A.	N.A.
8h5u	B	N.A.	A	0.213	SPR	N.A.	N.A.
8h63	B	N.A.	A	0.696	SPR	N.A.	N.A.
8h64	B	N.A.	A	0.194	SPR	N.A.	N.A.
8h7l	F	I	A	N.A.	N.A.	N.A.	N.A.
8h7z	F	I	A	N.A.	N.A.	N.A.	N.A.
8h91	C	N.A.	A	N.A.	N.A.	N.A.	N.A.
8hbg	E	N.A.	C	N.A.	N.A.	N.A.	N.A.
8hbi	E	N.A.	A	N.A.	N.A.	N.A.	N.A.
8hbj	F	N.A.	A	N.A.	N.A.	N.A.	N.A.
8hbj	E	N.A.	C	N.A.	N.A.	N.A.	N.A.
8hbv	B	N.A.	A	N.A.	N.A.	N.A.	N.A.
8hbw	B	N.A.	A	N.A.	N.A.	N.A.	N.A.
8hc2	H	L	B	7.02	BLI	N.A.	important KD data paper
8hc3	H	L	B	7.02	BLI	N.A.	N.A.
8hc4	D	E	A	N.A.	N.A.	N.A.	N.A.
8hc4	H	L	B	7.02	BLI	N.A.	N.A.
8hc5	D	E	C	N.A.	N.A.	N.A.	N.A.
8hc5	H	L	C	7.02	BLI	N.A.	N.A.
8hc6	H	L	C	7.02	BLI	N.A.	N.A.
8hc7	H	L	C	7.02	BLI	N.A.	N.A.
8hc8	H	L	C	17.13	BLI	N.A.	N.A.
8hc9	H	L	C	17.13	BLI	N.A.	N.A.
8hca	H	L	C	13.12	BLI	N.A.	N.A.
8hcb	F	G	A	13.12	BLI	N.A.	N.A.
8heb	E	D	A	N.A.	N.A.	N.A.	N.A.
8hec	E	D	A	N.A.	N.A.	N.A.	N.A.
8hed	G	F	B	N.A.	N.A.	N.A.	N.A.
8hes	H	L	C	0.00542	BLI	N.A.	N.A.
8hgl	H	L	A	0.0208	BLI	N.A.	N.A.
8hgm	C	D	B	0.0208	BLI	N.A.	N.A.
8hhx	F	G	B	N.A.	BLI	N.A.	KD not determined due to avidity effects
8hhy	H	L	A	N.A.	BLI	N.A.	KD not determined due to avidity effects
8hhz	G	H	A	N.A.	BLI	N.A.	KD not determined due to avidity effects
8hii	H	L	A	N.A.	N.A.	N.A.	N.A.
8hij	H	L	A	N.A.	N.A.	N.A.	N.A.
8hik	H	L	A	N.A.	N.A.	N.A.	N.A.
8hit	A	B	C	0.206	SPR	298	N.A.
8hj5	C	N.A.	A;B	N.A.	N.A.	N.A.	N.A.
8hj5	E	N.A.	A;B	N.A.	N.A.	N.A.	N.A.
8hlb	B	C	A	5.6	SPR	298	KD for TR109;structure for Ab-Bp109-92;important KD data paper
8hlb	D	E	A	4	SPR	298	KD for TR92;structure for Ab-Bp109-92
8hn1	D	N.A.	A	N.A.	N.A.	N.A.	N.A.
8hn6	A	B	E;F	1.37	BLI	N.A.	N.A.
8hn7	B	A	E	5.29	BLI	N.A.	N.A.
8hnn	N	N.A.	R	N.A.	N.A.	N.A.	N.A.
8hp9	H	L	A	<0.001	BLI	N.A.	N.A.
8hp9	M	N	A	0.167	BLI	N.A.	N.A.
8hpf	H	L	A	<0.001	BLI	N.A.	N.A.
8hpf	M	N	A	0.167	BLI	N.A.	N.A.
8hpj	B	C	A	N.A.	N.A.	N.A.	N.A.
8hpk	H	L	A	N.A.	N.A.	N.A.	N.A.
8hpq	H	L	A	0.00547	BLI	N.A.	N.A.
8hpq	M	N	A	0.407	BLI	N.A.	N.A.
8hpu	H	L	A	0.00547	BLI	N.A.	N.A.
8hpu	M	N	A	0.407	BLI	N.A.	N.A.
8hpv	H	L	A	0.0435	BLI	N.A.	N.A.
8hpv	M	N	A	0.00543	BLI	N.A.	N.A.
8hq7	H	L	A	0.0435	BLI	N.A.	N.A.
8hq7	M	N	A	0.00543	BLI	N.A.	N.A.
8hr2	B	N.A.	A	5.07	BLI	N.A.	important KD data paper
8hr2	C	N.A.	A	1.76	BLI	N.A.	N.A.
8hrd	D	F	A	N.A.	N.A.	N.A.	N.A.
8hrd	O	P	A	N.A.	N.A.	N.A.	N.A.
8hs2	B	C	R	N.A.	N.A.	N.A.	N.A.
8hsc	S	N.A.	A;B	N.A.	N.A.	N.A.	N.A.
8hsc	F	E	R	N.A.	N.A.	N.A.	N.A.
8hws	D	E	A	7.4	SPR	298	important KD data paper
8hws	H	L	A	195.3	SPR	298	N.A.
8hws	I	J	A	13.5	SPR	298	N.A.
8hwt	D	E	A	17.9	SPR	298	N.A.
8hwt	H	L	A	4.6	SPR	298	N.A.
8i3s	H	L	A	0.0026	BLI	N.A.	N.A.
8i3u	H	L	A	0.0031	BLI	N.A.	N.A.
8i4e	C	N.A.	A	4.09	BLI	N.A.	N.A.
8i4f	C	N.A.	A	4.09	BLI	N.A.	N.A.
8i4g	C	N.A.	A	2.95	BLI	N.A.	N.A.
8i4h	B	N.A.	A	N.A.	N.A.	N.A.	N.A.
8i5h	H	L	R	3.5	BLI	N.A.	N.A.
8i5i	H	L	R	45	BLI	N.A.	N.A.
8i5l	D	N.A.	A	4.58	ELISA	310	N.A.
8idi	C	N.A.	B	N.A.	N.A.	N.A.	N.A.
8idm	A	N.A.	D	N.A.	N.A.	N.A.	N.A.
8idm	B	N.A.	D	N.A.	N.A.	N.A.	N.A.
8idn	H	L	A	0.107	SPR	N.A.	N.A.
8ido	C	N.A.	A	N.A.	N.A.	N.A.	N.A.
8iee	C	N.A.	A;B	N.A.	N.A.	N.A.	N.A.
8ifn	A	N.A.	B	N.A.	N.A.	N.A.	N.A.
8il3	B	A	C	2.55	SPR	N.A.	N.A.
8ilx	C	N.A.	A	13.7	ITC	298	KD = 30.6 nM by BLI
8im0	B	N.A.	A	199	ITC	298	KD = 36.8 nM by BLI
8im1	B	N.A.	A	289	ITC	298	KD = 12.9 nM by BLI
8ipc	H	L	A	N.A.	N.A.	N.A.	N.A.
8itf	N	N.A.	A;B	N.A.	N.A.	N.A.	N.A.
8itf	S	N.A.	A;B	N.A.	N.A.	N.A.	N.A.
8itu	E	D	A	0.0376	BLI	N.A.	N.A.
8iuk	E	N.A.	A;B	N.A.	N.A.	N.A.	N.A.
8iuk	N	N.A.	A;B	N.A.	N.A.	N.A.	N.A.
8ium	E	N.A.	A;B	N.A.	N.A.	N.A.	N.A.
8ium	N	N.A.	A;B	N.A.	N.A.	N.A.	N.A.
8iuy	B	C	A	N.A.	N.A.	N.A.	N.A.
8iuz	B	C	A	N.A.	N.A.	N.A.	N.A.
8iv0	B	C	A	N.A.	N.A.	N.A.	N.A.
8iv4	A	B	G	0.4	SPR	N.A.	N.A.
8iv4	H	L	G	0.004	SPR	N.A.	N.A.
8iv5	A	B	G	N.A.	N.A.	N.A.	N.A.
8iv5	H	L	G	0.4	SPR	N.A.	N.A.
8iv8	C	D	G	N.A.	N.A.	N.A.	N.A.
8iv8	H	L	G	0.004	SPR	N.A.	N.A.
8iva	C	E	G	0.7	SPR	N.A.	KD from DOI: 10.1016/j.celrep.2022.110862
8iva	H	L	G	0.004	SPR	N.A.	N.A.
8iw9	N	N.A.	A;B	N.A.	N.A.	N.A.	N.A.
8iw9	S	N.A.	A;B	N.A.	N.A.	N.A.	N.A.
8ix3	H	L	G	2.6	SPR	310	N.A.
8j1n	B	N.A.	A	N.A.	N.A.	N.A.	N.A.
8j1q	B	A	C	N.A.	N.A.	N.A.	N.A.
8j1t	H	K	F	10.8	BLI	303	N.A.
8j1v	H	K	A	10.8	BLI	303	N.A.
8j26	B	A	C	N.A.	N.A.	N.A.	N.A.
8j5j	E	N.A.	A	0.2	SPR	298	N.A.
8j7e	C	D	E	N.A.	N.A.	N.A.	N.A.
8j7t	E	C	A;B	N.A.	N.A.	N.A.	N.A.
8j7u	F	D	B	N.A.	N.A.	N.A.	N.A.
8j7v	E	C	A;B	N.A.	N.A.	N.A.	N.A.
8j7w	E	C	A	N.A.	N.A.	N.A.	N.A.
8j7x	E	C	A	N.A.	N.A.	N.A.	N.A.
8j7y	E	C	A;B	N.A.	N.A.	N.A.	N.A.
8j80	E	C	A	N.A.	N.A.	N.A.	N.A.
8j9k	D	B	C	N.A.	N.A.	N.A.	N.A.
8j9o	B	D	A	N.A.	N.A.	N.A.	N.A.
8ja5	H	L	A	N.A.	N.A.	N.A.	N.A.
8jel	A	B	E	0.21	SPR	298	N.A.
8jen	A	B	I	0.21	SPR	298	N.A.
8jeo	B	C	A	0.193	SPR	298	N.A.
8jg5	C	D	A;B	3.77	ELISA	310	N.A.
8jh7	H	L	D	N.A.	N.A.	N.A.	N.A.
8jhc	H	L	R	N.A.	N.A.	N.A.	N.A.
8jlw	H	L	A	0.0834	BLI	298	N.A.
8jlx	H	L	A	0.0324	BLI	298	N.A.
8jnk	I	M	A	N.A.	N.A.	N.A.	N.A.
8jnr	H	L	D	N.A.	N.A.	N.A.	N.A.
8jtw	B	N.A.	A	N.A.	N.A.	N.A.	N.A.
8jtx	B	N.A.	A	N.A.	N.A.	N.A.	N.A.
8jty	B	N.A.	A	N.A.	N.A.	N.A.	N.A.
8jyr	H	L	A	0.3	ELISA	303	N.A.
8k0c	E	F	A	N.A.	N.A.	N.A.	N.A.
8k0d	E	F	A	N.A.	N.A.	N.A.	N.A.
8k3c	C	D	B	3.6	BLI	303	N.A.
8k3k	D	N.A.	E	7.65	BLI	298	N.A.
8k45	E	N.A.	A	0.68	BLI	N.A.	N.A.
8k46	E	N.A.	A	0.001	BLI	N.A.	N.A.
8k47	I	N.A.	C	0.001	BLI	N.A.	N.A.
8k5g	H	L	A	N.A.	N.A.	N.A.	N.A.
8kae	N	N.A.	R	N.A.	N.A.	N.A.	N.A.
8khc	H	J	A	N.A.	N.A.	N.A.	N.A.
8khd	H	J	C	N.A.	N.A.	N.A.	N.A.
8odx	H	L	A	N.A.	N.A.	N.A.	N.A.
8oi2	B	N.A.	A	6.6	yeast surface display	293	N.A.
8ol9	B	A	H	N.A.	N.A.	N.A.	N.A.
8omu	B	N.A.	A	75	BLI	N.A.	N.A.
8omz	B	N.A.	A	N.A.	N.A.	N.A.	N.A.
8ont	B	N.A.	A	N.A.	N.A.	N.A.	N.A.
8oo1	B	N.A.	A	N.A.	N.A.	N.A.	N.A.
8opr	B	N.A.	A	1.9	BLI	N.A.	N.A.
8opr	C	N.A.	A	2.2	BLI	N.A.	N.A.
8oq3	C	N.A.	A;D	N.A.	N.A.	N.A.	N.A.
8oud	D	N.A.	A	360	ITC	298	N.A.
8oww	B	N.A.	A	N.A.	N.A.	N.A.	N.A.
8oxv	B	C	A	N.A.	N.A.	N.A.	N.A.
8oxw	B	C	A	N.A.	N.A.	N.A.	N.A.
8oxx	B	C	A	N.A.	N.A.	N.A.	N.A.
8oxy	B	C	A	N.A.	N.A.	N.A.	N.A.
8oz3	H	L	D	0.1	BLI	293	N.A.
8ozb	C	N.A.	E	0.5	BLI	298	N.A.
8p7w	C	N.A.	A	N.A.	N.A.	N.A.	N.A.
8p7w	D	G	A;B	N.A.	N.A.	N.A.	N.A.
8p8a	D	C	A;B	N.A.	N.A.	N.A.	N.A.
8p8a	Z	N.A.	A;B	N.A.	N.A.	N.A.	N.A.
8p8j	Z	N.A.	A	N.A.	N.A.	N.A.	N.A.
8p8j	D	C	A;B	N.A.	N.A.	N.A.	N.A.
8pe9	H	L	A	0.39	BLI	N.A.	N.A.
8pg0	H	L	A	N.A.	N.A.	N.A.	N.A.
8phw	H	L	A	N.A.	N.A.	N.A.	N.A.
8pih	B	N.A.	A	N.A.	N.A.	N.A.	N.A.
8pih	C	N.A.	A	N.A.	N.A.	N.A.	N.A.
8pij	B	N.A.	A	N.A.	N.A.	N.A.	N.A.
8piz	B	N.A.	A	N.A.	N.A.	N.A.	N.A.
8pjp	C	N.A.	A	N.A.	N.A.	N.A.	N.A.
8pkc	C	N.A.	A	N.A.	N.A.	N.A.	N.A.
8pnl	B	N.A.	A	N.A.	N.A.	N.A.	N.A.
8pnu	E	N.A.	A;B	N.A.	N.A.	N.A.	N.A.
8pnv	E	N.A.	A;B	N.A.	N.A.	N.A.	N.A.
8pq2	H	L	C	N.A.	N.A.	N.A.	N.A.
8pvb	O	N.A.	A	N.A.	N.A.	N.A.	N.A.
8pwh	B	A	E	0.89	mass photometry	N.A.	N.A.
8pwh	D	C	E	2.04	mass photometry	N.A.	N.A.
8pyr	D	N.A.	A	N.A.	N.A.	N.A.	N.A.
8q7s	B	N.A.	A	N.A.	N.A.	N.A.	N.A.
8q7s	C	N.A.	A	0.01	SPR	293	N.A.
8q93	B	N.A.	A	N.A.	N.A.	N.A.	N.A.
8q93	C	N.A.	A	0.02	SPR	293	N.A.
8q94	B	N.A.	A	N.A.	N.A.	N.A.	N.A.
8q94	C	N.A.	A	0.35	SPR	293	N.A.
8q95	B	N.A.	A	N.A.	N.A.	N.A.	N.A.
8q95	C	N.A.	A	0.04	SPR	293	N.A.
8qf4	E	N.A.	A	N.A.	N.A.	N.A.	N.A.
8qf5	A	N.A.	B	N.A.	N.A.	N.A.	N.A.
8qot	B	N.A.	A	56	grating coupled interferometry	N.A.	N.A.
8qpr	E	D	A	0.0787	BLI	303	N.A.
8qq0	E	D	A	0.316	BLI	303	N.A.
8qrf	A	B	E	N.A.	N.A.	N.A.	N.A.
8qrf	H	L	E	N.A.	N.A.	N.A.	N.A.
8qrg	A	N.A.	E	N.A.	N.A.	N.A.	N.A.
8qrg	H	L	E	N.A.	N.A.	N.A.	N.A.
8qtd	H	L	A	N.A.	N.A.	N.A.	N.A.
8qzr	H	L	C	N.A.	N.A.	N.A.	N.A.
8r1c	H	L	A	N.A.	N.A.	N.A.	N.A.
8r1d	H	L	A	N.A.	N.A.	N.A.	N.A.
8r4b	B	N.A.	A	4600	fluorescence anisotropy titration	298	N.A.
8r4b	C	N.A.	A	700	fluorescence anisotropy titration	298	N.A.
8r4c	C	N.A.	A	700	fluorescence anisotropy titration	298	N.A.
8r4d	B	N.A.	A	4600	fluorescence anisotropy titration	298	N.A.
8r4o	B	N.A.	A	280	SPR	N.A.	N.A.
8r4q	B	N.A.	A	280	SPR	N.A.	N.A.
8r4u	B	N.A.	A	280	SPR	N.A.	N.A.
8r80	H	L	R	N.A.	N.A.	N.A.	N.A.
8r8d	H	L	A;B	N.A.	N.A.	N.A.	N.A.
8r8k	H	L	A	N.A.	N.A.	N.A.	N.A.
8rcq	B	N.A.	A	N.A.	N.A.	N.A.	N.A.
8ruu	H	L	X;Y	N.A.	N.A.	N.A.	N.A.
8s9g	H	L	E	70	SPR	298	N.A.
8san	C	D	A	N.A.	N.A.	N.A.	N.A.
8saq	C	D	A	N.A.	N.A.	N.A.	N.A.
8sar	C	D	A	N.A.	N.A.	N.A.	N.A.
8sas	C	D	A	N.A.	N.A.	N.A.	N.A.
8sav	C	D	A	N.A.	N.A.	N.A.	N.A.
8saw	C	D	A	N.A.	N.A.	N.A.	N.A.
8sax	C	D	A	N.A.	N.A.	N.A.	N.A.
8say	C	D	A	N.A.	N.A.	N.A.	N.A.
8sb0	C	D	A	N.A.	N.A.	N.A.	N.A.
8sb1	C	D	A	N.A.	N.A.	N.A.	N.A.
8sb2	C	D	A	N.A.	N.A.	N.A.	N.A.
8sb3	C	D	A	N.A.	N.A.	N.A.	N.A.
8sb5	C	D	A	N.A.	N.A.	N.A.	N.A.
8sbb	B	N.A.	A	N.A.	N.A.	N.A.	N.A.
8scx	H	L	C	N.A.	N.A.	N.A.	N.A.
8sdf	H	L	Z	0.48	BLI	N.A.	N.A.
8sdg	G	I	C	0.42	BLI	N.A.	N.A.
8sgi	H	L	A	N.A.	N.A.	N.A.	N.A.
8sgj	H	L	A	N.A.	N.A.	N.A.	N.A.
8sgn	H	L	G	N.A.	N.A.	N.A.	N.A.
8sgo	J	I	B	N.A.	N.A.	N.A.	N.A.
8sgt	H	L	A	N.A.	N.A.	N.A.	N.A.
8si9	J	I	B	N.A.	N.A.	N.A.	N.A.
8sic	H	L	G	N.A.	N.A.	N.A.	N.A.
8sid	J	I	B	N.A.	N.A.	N.A.	N.A.
8siq	H	L	A	0.43	BLI	N.A.	N.A.
8siq	M	N	A	N.A.	N.A.	N.A.	N.A.
8sir	H	L	A	0.49	BLI	N.A.	N.A.
8sis	H	L	A	0.43	BLI	N.A.	N.A.
8sit	H	L	A	0.43	BLI	N.A.	N.A.
8sk5	B	N.A.	A	0.22	SPR	298	N.A.
8slb	H	L	A	1.5	SPR	N.A.	N.A.
8sm1	H	L	G	N.A.	N.A.	N.A.	N.A.
8smi	H	L	A	N.A.	N.A.	N.A.	N.A.
8smk	B	C	A	1	BLI	N.A.	N.A.
8sml	C	B	A	N.A.	BLI	N.A.	N.A.
8smm	H	L	A	N.A.	N.A.	N.A.	N.A.
8smn	H	L	A	N.A.	N.A.	N.A.	N.A.
8smp	H	L	A	N.A.	N.A.	N.A.	N.A.
8smt	H	L	E	N.A.	N.A.	N.A.	N.A.
8snc	B	N.A.	A	N.A.	N.A.	N.A.	N.A.
8snc	C	N.A.	A	N.A.	N.A.	N.A.	N.A.
8snd	B	N.A.	A	N.A.	N.A.	N.A.	N.A.
8snd	C	N.A.	A	N.A.	N.A.	N.A.	N.A.
8sne	B	N.A.	A	N.A.	N.A.	N.A.	N.A.
8sne	C	N.A.	A	N.A.	N.A.	N.A.	N.A.
8so3	H	L	D	N.A.	N.A.	N.A.	N.A.
8sos	D	N.A.	A	N.A.	N.A.	N.A.	N.A.
8sr0	H	L	D	N.A.	N.A.	N.A.	N.A.
8ssz	I	H	B	N.A.	N.A.	N.A.	N.A.
8st0	I	H	B	N.A.	N.A.	N.A.	N.A.
8st3	I	H	B	N.A.	N.A.	N.A.	N.A.
8st4	I	H	B	N.A.	N.A.	N.A.	N.A.
8suo	H	L	A	N.A.	N.A.	N.A.	N.A.
8suo	I	M	A	N.A.	N.A.	N.A.	N.A.
8sxi	C	D	A	N.A.	N.A.	N.A.	N.A.
8sxp	H	L	C	0.61	SPR	298	N.A.
8szy	A	B	T	N.A.	N.A.	N.A.	N.A.
8szy	H	L	T	0.11	SPR	N.A.	N.A.
8t03	C	D	A	N.A.	N.A.	N.A.	N.A.
8t04	C	D	A	N.A.	N.A.	N.A.	N.A.
8t06	C	D	A	N.A.	N.A.	N.A.	N.A.
8t07	C	D	A	N.A.	N.A.	N.A.	N.A.
8t4a	H	L	A	0.038	SPR	N.A.	N.A.
8t4a	C	D	A;B;I	N.A.	N.A.	N.A.	N.A.
8t5c	H	L	A;a	N.A.	N.A.	N.A.	N.A.
8t5c	D	N.A.	A;B;C	N.A.	N.A.	N.A.	N.A.
8t7a	D	E	a	4.2	SPR	N.A.	N.A.
8t7h	C	N.A.	A	N.A.	N.A.	N.A.	N.A.
8t8m	D	N.A.	A	N.A.	N.A.	N.A.	N.A.
8t9b	F	H	I;J	N.A.	N.A.	N.A.	N.A.
8t9z	H	L	A	1.2	SPR	298	N.A.
8tao	D	N.A.	A	N.A.	N.A.	N.A.	N.A.
8tbq	H	L	P	N.A.	N.A.	N.A.	N.A.
8tco	E	D	A;B	N.A.	N.A.	N.A.	N.A.
8tco	F	G	C	N.A.	N.A.	N.A.	N.A.
8tea	H	G	C	N.A.	N.A.	N.A.	N.A.
8tea	F	I	C;D	N.A.	N.A.	N.A.	N.A.
8tfh	H	L	B	0.25	ELISA	N.A.	N.A.
8tfl	H	L	B	1.1	ELISA	N.A.	N.A.
8tfn	H	L	B	1.8	SPR	N.A.	N.A.
8thn	A	B	C	N.A.	N.A.	N.A.	N.A.
8tlm	A	B	C	0.0284	scatchard analysis	N.A.	N.A.
8tma	H	L	A	36.89	SPR	N.A.	Geometric mean of two replicates
8tng	J	N.A.	A	N.A.	N.A.	N.A.	N.A.
8tnh	H	N.A.	A;C	N.A.	N.A.	N.A.	N.A.
8tnl	H	L	I	N.A.	N.A.	N.A.	N.A.
8tnn	H	G	C	0.15	BLI	303	Ab-gp42 KD = 0.54 nM
8tnt	E	D	A;B	2.05	BLI	303	Ab-gH/gL KD = 1.16 nM
8tnt	G	F	C	2.58	BLI	303	Ab-gp42 KD = 3.32 nM
8toa	H	L	C	N.A.	N.A.	N.A.	N.A.
8too	B	A	I	10.8	BLI	303	Ab-gH/gL/gp42 KD = 57.9 nM
8tp2	H	L	C	N.A.	N.A.	N.A.	N.A.
8tp3	H	L	C	N.A.	N.A.	N.A.	N.A.
8tp4	H	L	C	N.A.	N.A.	N.A.	N.A.
8tp5	H	L	A	N.A.	N.A.	N.A.	N.A.
8tp6	H	L	A	N.A.	N.A.	N.A.	N.A.
8tp7	H	L	C	N.A.	N.A.	N.A.	N.A.
8tp9	H	L	A;B	101	BLI	N.A.	N.A.
8tpa	H	L	A;B;C	0.297	BLI	N.A.	N.A.
8tq7	H	L	A	N.A.	N.A.	N.A.	N.A.
8tq8	H	L	A	N.A.	N.A.	N.A.	N.A.
8tqa	H	L	A	N.A.	N.A.	N.A.	N.A.
8tqi	I	J	A	N.A.	N.A.	N.A.	N.A.
8tqi	H	L	B	N.A.	N.A.	N.A.	N.A.
8tqk	H	L	A	N.A.	N.A.	N.A.	N.A.
8trs	A	G	D	N.A.	N.A.	N.A.	N.A.
8trt	B	C	D	N.A.	N.A.	N.A.	N.A.
8ttw	M	N	A	N.A.	N.A.	N.A.	N.A.
8ttw	C	D	A;B	N.A.	N.A.	N.A.	N.A.
8tui	H	L	A	2.8	BLI	298	KD = 3.5 nM by SPR
8tvh	F	D	A	1.3	BLI	303	N.A.
8tw3	A	N.A.	F	0.032	SPR	N.A.	N.A.
8tw3	B	N.A.	F;X	<0.165	SPR	N.A.	N.A.
8ty1	C	B	A	N.A.	N.A.	N.A.	N.A.
8tzu	E	N.A.	A	N.A.	N.A.	N.A.	N.A.
8tzu	G	N.A.	A	N.A.	N.A.	N.A.	N.A.
8u1c	H	L	A	N.A.	N.A.	N.A.	N.A.
8u1d	I	J	A	N.A.	N.A.	N.A.	N.A.
8u1q	H	L	A	N.A.	N.A.	N.A.	N.A.
8u1s	H	L	A	N.A.	N.A.	N.A.	N.A.
8u2c	D	C	A;B	N.A.	N.A.	N.A.	N.A.
8u4q	H	L	R	N.A.	N.A.	N.A.	N.A.
8u4r	H	L	R	N.A.	N.A.	N.A.	N.A.
8u4s	H	L	R	N.A.	N.A.	N.A.	N.A.
8udg	H	L	A	N.A.	N.A.	N.A.	N.A.
8uf7	B	A	C	N.A.	N.A.	N.A.	N.A.
8uky	H	L	C	10	SPR	298	N.A.
8uwa	H	G	A	19.2	BLI	298	N.A.
8v52	F	E	A	3.2	SPR	298	N.A.
8v7o	H	L	A	N.A.	N.A.	N.A.	N.A.
8vrs	D	N.A.	A	2	ITC	296	N.A.
8vyg	A	B	R	N.A.	N.A.	N.A.	N.A.
8vzn	B	C	A	N.A.	N.A.	N.A.	N.A.
8vzo	B	D	A	N.A.	N.A.	N.A.	N.A.
8w0v	H	L	C	N.A.	N.A.	N.A.	N.A.
8w0w	H	L	C	N.A.	N.A.	N.A.	N.A.
8w0x	H	L	C	N.A.	N.A.	N.A.	N.A.
8w0y	H	L	C	N.A.	N.A.	N.A.	N.A.
8w9j	H	L	C	70	SPR	298	N.A.
8wc6	N	N.A.	A;B	N.A.	N.A.	N.A.	N.A.
8wc6	S	N.A.	A;B	N.A.	N.A.	N.A.	N.A.
8wdt	C	B	A	N.A.	N.A.	N.A.	N.A.
8wej	H	L	B	N.A.	N.A.	N.A.	N.A.
8wnp	B	A	E;F	N.A.	N.A.	N.A.	N.A.
8wnu	B	A	E;F	N.A.	N.A.	N.A.	N.A.
8wo4	B	A	E;F	N.A.	N.A.	N.A.	N.A.
8wsq	A	B	F	N.A.	N.A.	N.A.	N.A.
8x0t	H	L	A	14.21	SPR	N.A.	N.A.
8x2l	H	L	B	N.A.	N.A.	N.A.	N.A.
8xc4	C	D	A;B	N.A.	N.A.	N.A.	N.A.
8xe9	A	B	C	N.A.	N.A.	N.A.	N.A.
8xi6	D	E	A	N.A.	N.A.	N.A.	N.A.
8y6h	C	B	A	N.A.	N.A.	N.A.	N.A.
8y6i	C	B	A	N.A.	N.A.	N.A.	N.A.
8yx1	H	L	C;R	0.69	SPR	N.A.	N.A.
8yx9	H	L	A	3.4	SPR	N.A.	N.A.
8zby	H	D	A	0.22	BLI	N.A.	N.A.
8zbz	E	D	A	0.059	BLI	N.A.	N.A.
8zc0	H	G	A	0.059	BLI	N.A.	N.A.
8zc1	E	C	B	0.059	BLI	N.A.	N.A.
8zc4	H	G	A	2.96	BLI	N.A.	N.A.
8zc5	F	D	A	2.96	BLI	N.A.	N.A.
9axf	H	N.A.	A;B	N.A.	N.A.	N.A.	N.A.
9axf	N	N.A.	A;B	N.A.	N.A.	N.A.	N.A.
