PDB_ID	PMID	DOI	Model_index	Asym_ID_type	H_chain_ID	L_chain_ID	Ag_chain_ID(s)	Ag_type(s)	Affinity_KD(nM)	Affinity_method	Affinity_temp(K)	Affinity_notes
5zxv	29996104	10.1016/j.celrep.2018.06.041	0	auth_asym_id	H	L	A	protein	57.6	SPR	N.A.	N.A.
5zxv	29996104	10.1016/j.celrep.2018.06.041	0	auth_asym_id	C	D	B	protein	57.6	SPR	N.A.	N.A.
6a0z	29925655	10.1128/JVI.00547-18	0	auth_asym_id	H	L	A	protein	53	SPR	N.A.	N.A.
6a3w	30355497	10.1016/j.celrep.2018.09.073	0	auth_asym_id	A	B	C	protein	2.3	SPR	298	N.A.
6a3w	30355497	10.1016/j.celrep.2018.09.073	0	auth_asym_id	D	E	C;F	protein;protein	2.3	SPR	298	N.A.
6a3w	30355497	10.1016/j.celrep.2018.09.073	0	auth_asym_id	G	H	I	protein	2.3	SPR	298	N.A.
6a3w	30355497	10.1016/j.celrep.2018.09.073	0	auth_asym_id	J	K	L	protein	2.3	SPR	298	N.A.
6a4k	30872685	10.1038/s41598-019-40937-4	0	auth_asym_id	H	L	A	protein	35.26	SPR	298	N.A.
6a4k	30872685	10.1038/s41598-019-40937-4	0	auth_asym_id	I	M	B	protein	35.26	SPR	298	N.A.
6a4k	30872685	10.1038/s41598-019-40937-4	0	auth_asym_id	J	N	C	protein	35.26	SPR	298	N.A.
6a4k	30872685	10.1038/s41598-019-40937-4	0	auth_asym_id	K	O	D	protein	35.26	SPR	298	N.A.
6a67	30154240	10.1074/jbc.RA118.004604	0	auth_asym_id	H	L	A	protein	1.004	SPR	310	N.A.
6a67	30154240	10.1074/jbc.RA118.004604	0	auth_asym_id	C	D	B	protein	1.004	SPR	310	N.A.
6a77	30595454	10.1016/j.str.2018.11.002	0	auth_asym_id	H	L	A	protein	N.A.	N.A.	N.A.	B5209B Fab-ROBO1 Ig5 complex
6a78	30595454	10.1016/j.str.2018.11.002	0	auth_asym_id	H	L	A;B	protein;protein	239	ITC	N.A.	B5209B scFv(WT)-ROBO1Ig5 complex
6a78	30595454	10.1016/j.str.2018.11.002	0	auth_asym_id	I	M	A;B	protein;protein	239	ITC	N.A.	B5209B scFv(WT)-ROBO1Ig5 complex
6a79	30595454	10.1016/j.str.2018.11.002	0	auth_asym_id	H	L	A;B	protein;protein	8.2	ITC	N.A.	B5209B scFv(P103HA)-ROBO1Ig5
6a79	30595454	10.1016/j.str.2018.11.002	0	auth_asym_id	I	M	A;B	protein;protein	8.2	ITC	N.A.	B5209B scFv(P103HA)-ROBO1Ig5
6a96	30140029	10.1038/s41422-018-0077-8	0	auth_asym_id	L	N.A.	B;C	protein;protein	N.A.	N.A.	N.A.	N.A.
6a96	30140029	10.1038/s41422-018-0077-8	0	auth_asym_id	K	N.A.	C;D	protein;protein	N.A.	N.A.	N.A.	N.A.
6a96	30140029	10.1038/s41422-018-0077-8	0	auth_asym_id	O	N.A.	D;E	protein;protein	N.A.	N.A.	N.A.	N.A.
6ad7	31409705	10.1073/pnas.1901822116	0	auth_asym_id	C	D	A	protein	N.A.	N.A.	N.A.	N.A.
6ad7	31409705	10.1073/pnas.1901822116	0	auth_asym_id	E	F	B	protein	N.A.	N.A.	N.A.	N.A.
6ad8	31409705	10.1073/pnas.1901822116	0	auth_asym_id	C	D	A	protein	N.A.	N.A.	N.A.	N.A.
6ad8	31409705	10.1073/pnas.1901822116	0	auth_asym_id	E	F	B	protein	N.A.	N.A.	N.A.	N.A.
6ada	31409705	10.1073/pnas.1901822116	0	auth_asym_id	C	D	A	protein	N.A.	N.A.	N.A.	N.A.
6ada	31409705	10.1073/pnas.1901822116	0	auth_asym_id	E	F	B	protein	N.A.	N.A.	N.A.	N.A.
6adb	31409705	10.1073/pnas.1901822116	0	auth_asym_id	C	D	A	protein	N.A.	N.A.	N.A.	N.A.
6adb	31409705	10.1073/pnas.1901822116	0	auth_asym_id	E	F	B	protein	N.A.	N.A.	N.A.	N.A.
6adc	31409705	10.1073/pnas.1901822116	0	auth_asym_id	C	D	A	protein	N.A.	N.A.	N.A.	N.A.
6adc	31409705	10.1073/pnas.1901822116	0	auth_asym_id	E	F	B	protein	N.A.	N.A.	N.A.	N.A.
6aj9	30397341	10.1038/s41564-018-0275-7	0	auth_asym_id	D	E	A	protein	N.A.	N.A.	N.A.	N.A.
6aj9	30397341	10.1038/s41564-018-0275-7	0	auth_asym_id	H	L	C	protein	N.A.	N.A.	N.A.	N.A.
6al0	30666745	10.1002/pro.3580	0	auth_asym_id	H	L	A	protein	N.A.	N.A.	N.A.	N.A.
6al1	30666745	10.1002/pro.3580	0	auth_asym_id	H	L	A	protein	N.A.	N.A.	N.A.	N.A.
6dbf	29976754	10.1074/jbc.RA118.003888	0	auth_asym_id	B	N.A.	A	protein	N.A.	N.A.	N.A.	N.A.
6dbg	29976754	10.1074/jbc.RA118.003888	0	auth_asym_id	C	N.A.	B	protein	N.A.	N.A.	N.A.	N.A.
6dc3	31306469	10.1371/journal.ppat.1007944	0	auth_asym_id	H	L	F	protein	34	SPR	N.A.	N.A.
6dc5	31306469	10.1371/journal.ppat.1007944	0	auth_asym_id	B	C	A	protein	0.12	SPR	N.A.	N.A.
6dc5	31306469	10.1371/journal.ppat.1007944	0	auth_asym_id	E	F	D	protein	0.12	SPR	N.A.	N.A.
6dc5	31306469	10.1371/journal.ppat.1007944	0	auth_asym_id	H	I	G	protein	0.12	SPR	N.A.	N.A.
6ddm	30307368	10.1080/19420862.2018.1532767	0	auth_asym_id	B	A	C	protein	0.42	ITC	298	N.A.
6ddr	30307368	10.1080/19420862.2018.1532767	0	auth_asym_id	B	A	C	protein	0.94	ITC	298	N.A.
6ddv	30307368	10.1080/19420862.2018.1532767	0	auth_asym_id	B	A	C	protein	5.78	ITC	298	N.A.
6de7	29902444	10.1016/j.chom.2018.05.002	0	auth_asym_id	D	E	B	protein	N.A.	N.A.	N.A.	N.A.
6de7	29902444	10.1016/j.chom.2018.05.002	0	auth_asym_id	H	L	G	protein	N.A.	N.A.	N.A.	N.A.
6dfg	31672916	10.1126/science.aax4380	0	auth_asym_id	H	L	A	protein	N.A.	N.A.	N.A.	N.A.
6dfg	31672916	10.1126/science.aax4380	0	auth_asym_id	G	J	C	protein	N.A.	N.A.	N.A.	N.A.
6dfg	31672916	10.1126/science.aax4380	0	auth_asym_id	I	K	D	protein	N.A.	N.A.	N.A.	N.A.
6dfh	31672916	10.1126/science.aax4380	0	auth_asym_id	H	L	A	protein	N.A.	N.A.	N.A.	N.A.
6dfh	31672916	10.1126/science.aax4380	0	auth_asym_id	G	J	C	protein	N.A.	N.A.	N.A.	N.A.
6dfh	31672916	10.1126/science.aax4380	0	auth_asym_id	I	K	D	protein	N.A.	N.A.	N.A.	N.A.
6dfi	30403995	10.1016/j.celrep.2018.10.031	0	auth_asym_id	H	L	E	protein	N.A.	N.A.	N.A.	N.A.
6dfj	30403995	10.1016/j.celrep.2018.10.031	0	auth_asym_id	H	L	E	protein	N.A.	N.A.	N.A.	N.A.
6djp	30061598	10.1038/s41594-018-0093-x	0	auth_asym_id	C	D	A	protein	N.A.	N.A.	N.A.	N.A.
6djp	30061598	10.1038/s41594-018-0093-x	0	auth_asym_id	E	F	B	protein	N.A.	N.A.	N.A.	N.A.
6dkj	30567927	10.1126/scitranslmed.aat3392	0	auth_asym_id	H	L	C	protein	0.061	kinetic exclusion assay	N.A.	N.A.
6dkj	30567927	10.1126/scitranslmed.aat3392	0	auth_asym_id	A	B	D	protein	0.061	kinetic exclusion assay	N.A.	N.A.
6do1	30639100	10.1016/j.cell.2018.12.006	0	auth_asym_id	C	N.A.	A	protein	N.A.	N.A.	N.A.	N.A.
6do1	30639100	10.1016/j.cell.2018.12.006	0	auth_asym_id	D	N.A.	B	protein	N.A.	N.A.	N.A.	N.A.
6dzv	31019304	10.1038/s41586-019-1135-1	0	auth_asym_id	B	C	A	protein	N.A.	N.A.	N.A.	N.A.
6dzz	31019304	10.1038/s41586-019-1135-1	0	auth_asym_id	B	C	A	protein	N.A.	N.A.	N.A.	N.A.
6e1k	30190435	10.1073/pnas.1805651115	0	auth_asym_id	F	E	A	protein	N.A.	N.A.	N.A.	N.A.
6e1k	30190435	10.1073/pnas.1805651115	0	auth_asym_id	D	C	B	protein	N.A.	N.A.	N.A.	N.A.
6e4x	31100267	10.1016/j.cell.2019.03.048	0	auth_asym_id	Z	Y	B	protein	N.A.	N.A.	N.A.	N.A.
6e56	31100267	10.1016/j.cell.2019.03.048	0	auth_asym_id	H	J	A	protein	N.A.	N.A.	N.A.	N.A.
6e56	31100267	10.1016/j.cell.2019.03.048	0	auth_asym_id	G	I	D	protein	N.A.	N.A.	N.A.	N.A.
6e5p	30471922	10.1016/j.str.2018.10.007	0	auth_asym_id	V	W	A	protein	N.A.	N.A.	N.A.	N.A.
6e5p	30471922	10.1016/j.str.2018.10.007	0	auth_asym_id	O	P	C	protein	N.A.	N.A.	N.A.	N.A.
6e5p	30471922	10.1016/j.str.2018.10.007	0	auth_asym_id	I	J	E	protein	N.A.	N.A.	N.A.	N.A.
6e62	30367064	10.1038/s41467-018-06742-9	0	auth_asym_id	B	C	A	protein	3.2	BLI	N.A.	N.A.
6e62	30367064	10.1038/s41467-018-06742-9	0	auth_asym_id	H	L	P	protein	3.2	BLI	N.A.	N.A.
6e63	30367064	10.1038/s41467-018-06742-9	0	auth_asym_id	B	C	A	protein	3.7	BLI	N.A.	N.A.
6e63	30367064	10.1038/s41467-018-06742-9	0	auth_asym_id	H	L	P	protein	3.7	BLI	N.A.	N.A.
6gjq	31201318	10.1038/s41467-019-10714-y	0	auth_asym_id	B	N.A.	A	protein	25	ITC	293	N.A.
6gjq	31201318	10.1038/s41467-019-10714-y	0	auth_asym_id	D	N.A.	C	protein	25	ITC	293	N.A.
6gjq	31201318	10.1038/s41467-019-10714-y	0	auth_asym_id	F	N.A.	E	protein	25	ITC	293	N.A.
6gjq	31201318	10.1038/s41467-019-10714-y	0	auth_asym_id	H	N.A.	G	protein	25	ITC	293	N.A.
6gjs	31201318	10.1038/s41467-019-10714-y	0	auth_asym_id	B	N.A.	A	protein	N.A.	N.A.	N.A.	N.A.
6gjs	31201318	10.1038/s41467-019-10714-y	0	auth_asym_id	C	N.A.	A	protein	37.9	ITC	293	N.A.
6gju	31201318	10.1038/s41467-019-10714-y	0	auth_asym_id	B	N.A.	A	protein	37.9	ITC	293	N.A.
6gju	31201318	10.1038/s41467-019-10714-y	0	auth_asym_id	C	N.A.	A	protein	54	ITC	293	N.A.
6gk4	31201318	10.1038/s41467-019-10714-y	0	auth_asym_id	B	N.A.	A	protein	N.A.	N.A.	N.A.	N.A.
6gk4	31201318	10.1038/s41467-019-10714-y	0	auth_asym_id	E	N.A.	D	protein	N.A.	N.A.	N.A.	N.A.
6gk4	31201318	10.1038/s41467-019-10714-y	0	auth_asym_id	C	N.A.	A	protein	39	ITC	293	N.A.
6gk4	31201318	10.1038/s41467-019-10714-y	0	auth_asym_id	F	N.A.	D	protein	39	ITC	293	N.A.
6gkd	31201318	10.1038/s41467-019-10714-y	0	auth_asym_id	B	N.A.	A	protein	N.A.	N.A.	N.A.	N.A.
6gkd	31201318	10.1038/s41467-019-10714-y	0	auth_asym_id	G	N.A.	F	protein	N.A.	N.A.	N.A.	N.A.
6gkd	31201318	10.1038/s41467-019-10714-y	0	auth_asym_id	J	N.A.	I	protein	N.A.	N.A.	N.A.	N.A.
6gkd	31201318	10.1038/s41467-019-10714-y	0	auth_asym_id	M	N.A.	L	protein	N.A.	N.A.	N.A.	N.A.
6gkd	31201318	10.1038/s41467-019-10714-y	0	auth_asym_id	P	N.A.	O	protein	N.A.	N.A.	N.A.	N.A.
6gkd	31201318	10.1038/s41467-019-10714-y	0	auth_asym_id	S	N.A.	R	protein	N.A.	N.A.	N.A.	N.A.
6gkd	31201318	10.1038/s41467-019-10714-y	0	auth_asym_id	C	N.A.	A;L	protein;protein	1100	ITC	293	N.A.
6gkd	31201318	10.1038/s41467-019-10714-y	0	auth_asym_id	Q	N.A.	A;O	protein;protein	1100	ITC	293	N.A.
6gkd	31201318	10.1038/s41467-019-10714-y	0	auth_asym_id	H	N.A.	F	protein	1100	ITC	293	N.A.
6gkd	31201318	10.1038/s41467-019-10714-y	0	auth_asym_id	T	N.A.	F;R	protein;protein	1100	ITC	293	N.A.
6gkd	31201318	10.1038/s41467-019-10714-y	0	auth_asym_id	K	N.A.	I;R	protein;protein	1100	ITC	293	N.A.
6gkd	31201318	10.1038/s41467-019-10714-y	0	auth_asym_id	N	N.A.	L;O	protein;protein	1100	ITC	293	N.A.
6gku	31123109	10.1126/science.aaw4295	0	auth_asym_id	H	L	A	protein	0.9	SPR	N.A.	N.A.
6glw	31123109	10.1126/science.aaw4295	0	auth_asym_id	H	L	A	protein	N.A.	N.A.	N.A.	N.A.
6glw	31123109	10.1126/science.aaw4295	0	auth_asym_id	C	D	B	protein	N.A.	N.A.	N.A.	N.A.
6glx	31123109	10.1126/science.aaw4295	0	auth_asym_id	H	L	A	protein	N.A.	N.A.	N.A.	N.A.
6glx	31123109	10.1126/science.aaw4295	0	auth_asym_id	C	D	B	protein	N.A.	N.A.	N.A.	N.A.
6gs1	30644743	10.1021/jacs.8b11343	0	auth_asym_id	H	N.A.	A	protein	N.A.	N.A.	N.A.	N.A.
6gs4	30644743	10.1021/jacs.8b11343	0	auth_asym_id	H	N.A.	A	protein	N.A.	N.A.	N.A.	N.A.
6gs7	30644743	10.1021/jacs.8b11343	0	auth_asym_id	H	N.A.	A	protein	N.A.	N.A.	N.A.	N.A.
6gv1	30275448	10.1038/s41467-018-06306-x	0	auth_asym_id	H	L	A	protein	N.A.	N.A.	N.A.	N.A.
6gwn	31858714	10.1111/jth.14716	0	auth_asym_id	B	N.A.	A	protein	N.A.	N.A.	N.A.	N.A.
6gwn	31858714	10.1111/jth.14716	0	auth_asym_id	C	N.A.	A	protein	N.A.	N.A.	N.A.	N.A.
6gwp	31858714	10.1111/jth.14716	0	auth_asym_id	B	N.A.	A	protein	N.A.	N.A.	N.A.	N.A.
6gwp	31858714	10.1111/jth.14716	0	auth_asym_id	C	N.A.	A	protein	N.A.	N.A.	N.A.	N.A.
6gwq	31858714	10.1111/jth.14716	0	auth_asym_id	B	N.A.	A	protein	N.A.	N.A.	N.A.	N.A.
6h02	30140054	10.1038/s41467-018-05967-y	0	auth_asym_id	B	N.A.	A	protein	N.A.	N.A.	N.A.	N.A.
6h15	30664649	10.1038/s41467-018-08172-z	0	auth_asym_id	C	N.A.	A	protein	N.A.	N.A.	N.A.	N.A.
6h15	30664649	10.1038/s41467-018-08172-z	0	auth_asym_id	D	N.A.	B	protein	N.A.	N.A.	N.A.	N.A.
6h16	30664649	10.1038/s41467-018-08172-z	0	auth_asym_id	B	N.A.	A	protein	N.A.	N.A.	N.A.	N.A.
6h1f	30625383	10.1016/j.bbadis.2019.01.010	0	auth_asym_id	A	N.A.	B	protein	N.A.	N.A.	N.A.	N.A.
6h2y	31442074	10.1096/fj.201900374R	0	auth_asym_id	H	L	D	protein	2.7	SPR	298	N.A.
6h3t	30787296	10.1038/s41467-019-08832-8	0	auth_asym_id	H	L	A;B	protein;protein	5.4	BLI	N.A.	N.A.
6h3t	30787296	10.1038/s41467-019-08832-8	0	auth_asym_id	I	M	A;B	protein;protein	5.4	BLI	N.A.	N.A.
6h3u	30787296	10.1038/s41467-019-08832-8	0	auth_asym_id	I	M	A	protein	36	BLI	N.A.	N.A.
6h3u	30787296	10.1038/s41467-019-08832-8	0	auth_asym_id	H	L	B	protein	36	BLI	N.A.	N.A.
6h5n	30237518	10.1038/s41467-018-06340-9	0	auth_asym_id	C	B	A	protein	N.A.	N.A.	N.A.	N.A.
6h5n	30237518	10.1038/s41467-018-06340-9	0	auth_asym_id	F	E	D	protein	N.A.	N.A.	N.A.	N.A.
6h6y	30602609	10.1128/JVI.02005-18	0	auth_asym_id	E	N.A.	A;B	protein;protein	0.163	ITC	308	N.A.
6h6y	30602609	10.1128/JVI.02005-18	0	auth_asym_id	F	N.A.	B	protein	0.163	ITC	308	N.A.
6h6y	30602609	10.1128/JVI.02005-18	0	auth_asym_id	G	N.A.	C	protein	0.163	ITC	308	N.A.
6h6y	30602609	10.1128/JVI.02005-18	0	auth_asym_id	H	N.A.	D	protein	0.163	ITC	308	N.A.
6h6z	30602609	10.1128/JVI.02005-18	0	auth_asym_id	C	N.A.	A;B	protein;protein	4.58	ITC	303	N.A.
6h6z	30602609	10.1128/JVI.02005-18	0	auth_asym_id	D	N.A.	A;B	protein;protein	4.58	ITC	303	N.A.
6h70	30602609	10.1128/JVI.02005-18	0	auth_asym_id	C	N.A.	A;B	protein;protein	N.A.	N.A.	N.A.	N.A.
6h70	30602609	10.1128/JVI.02005-18	0	auth_asym_id	D	N.A.	A;B	protein;protein	N.A.	N.A.	N.A.	N.A.
6h71	30602609	10.1128/JVI.02005-18	0	auth_asym_id	C	N.A.	A	protein	43.8	ITC	298	N.A.
6h71	30602609	10.1128/JVI.02005-18	0	auth_asym_id	D	N.A.	B	protein	43.8	ITC	298	N.A.
6h72	30602609	10.1128/JVI.02005-18	0	auth_asym_id	C	N.A.	A	protein	N.A.	N.A.	N.A.	N.A.
6h72	30602609	10.1128/JVI.02005-18	0	auth_asym_id	D	N.A.	B	protein	N.A.	N.A.	N.A.	N.A.
6h7j	31072904	10.1126/science.aau5595	0	auth_asym_id	C	N.A.	A	protein	N.A.	N.A.	N.A.	N.A.
6h7j	31072904	10.1126/science.aau5595	0	auth_asym_id	D	N.A.	B	protein	N.A.	N.A.	N.A.	N.A.
6h7l	31072904	10.1126/science.aau5595	0	auth_asym_id	C	N.A.	A	protein	N.A.	N.A.	N.A.	N.A.
6h7l	31072904	10.1126/science.aau5595	0	auth_asym_id	D	N.A.	B	protein	N.A.	N.A.	N.A.	N.A.
6h7m	31072904	10.1126/science.aau5595	0	auth_asym_id	C	N.A.	A	protein	N.A.	N.A.	N.A.	N.A.
6h7m	31072904	10.1126/science.aau5595	0	auth_asym_id	D	N.A.	B	protein	N.A.	N.A.	N.A.	N.A.
6h7n	N.A.	10.1101/436212	0	auth_asym_id	C	N.A.	A	protein	N.A.	N.A.	N.A.	N.A.
6h7n	N.A.	10.1101/436212	0	auth_asym_id	D	N.A.	B	protein	N.A.	N.A.	N.A.	N.A.
6h7o	31072904	10.1126/science.aau5595	0	auth_asym_id	C	N.A.	A	protein	N.A.	N.A.	N.A.	N.A.
6h7o	31072904	10.1126/science.aau5595	0	auth_asym_id	D	N.A.	B	protein	N.A.	N.A.	N.A.	N.A.
6hco	30405239	10.1038/s41586-018-0680-3	0	auth_asym_id	D	C	A;B	protein;protein	N.A.	N.A.	N.A.	N.A.
6hco	30405239	10.1038/s41586-018-0680-3	0	auth_asym_id	F	E	A;B	protein;protein	N.A.	N.A.	N.A.	N.A.
6her	31815959	10.1371/journal.ppat.1008139	0	auth_asym_id	B	N.A.	A	protein	40	SPR	298	N.A.
6hf1	30367560	10.1002/pro.3537	0	auth_asym_id	C	B	A	protein	N.A.	N.A.	N.A.	N.A.
6hga	32187518	10.1016/j.immuni.2020.02.004	0	auth_asym_id	H	L	B	protein	N.A.	N.A.	N.A.	N.A.
6hhc	31655039	10.1016/j.jmb.2019.09.008	0	auth_asym_id	H	L	A	protein	2.4	SPR	298	N.A.
6hhd	31815959	10.1371/journal.ppat.1008139	0	auth_asym_id	B	N.A.	A	protein	40	SPR	298	N.A.
6hhu	31308522	10.1038/s41564-019-0499-1	0	auth_asym_id	G	N.A.	A	protein	N.A.	N.A.	N.A.	N.A.
6hhu	31308522	10.1038/s41564-019-0499-1	0	auth_asym_id	H	N.A.	A	protein	N.A.	N.A.	N.A.	N.A.
6hig	31123083	10.1084/jem.20182359	0	auth_asym_id	H	L	B	protein	N.A.	N.A.	N.A.	N.A.
6hjx	31591563	10.1038/s41589-019-0369-4	0	auth_asym_id	G	N.A.	A;B	protein;protein	N.A.	N.A.	N.A.	N.A.
6hjx	31591563	10.1038/s41589-019-0369-4	0	auth_asym_id	F	N.A.	A;E	protein;protein	N.A.	N.A.	N.A.	N.A.
6hjx	31591563	10.1038/s41589-019-0369-4	0	auth_asym_id	H	N.A.	B;C	protein;protein	N.A.	N.A.	N.A.	N.A.
6hjx	31591563	10.1038/s41589-019-0369-4	0	auth_asym_id	I	N.A.	C;D	protein;protein	N.A.	N.A.	N.A.	N.A.
6hjx	31591563	10.1038/s41589-019-0369-4	0	auth_asym_id	J	N.A.	D;E	protein;protein	N.A.	N.A.	N.A.	N.A.
6hjy	31591563	10.1038/s41589-019-0369-4	0	auth_asym_id	F	N.A.	A;E	protein;protein	N.A.	N.A.	N.A.	N.A.
6hjy	31591563	10.1038/s41589-019-0369-4	0	auth_asym_id	J	N.A.	D;E	protein;protein	N.A.	N.A.	N.A.	N.A.
6hjy	31591563	10.1038/s41589-019-0369-4	0	auth_asym_id	G	N.A.	A;B	protein;protein	N.A.	N.A.	N.A.	N.A.
6hjy	31591563	10.1038/s41589-019-0369-4	0	auth_asym_id	H	N.A.	B;C	protein;protein	N.A.	N.A.	N.A.	N.A.
6hjy	31591563	10.1038/s41589-019-0369-4	0	auth_asym_id	I	N.A.	C;D	protein;protein	N.A.	N.A.	N.A.	N.A.
6hx4	N.A.	N.A.	0	auth_asym_id	I	M	A	protein	N.A.	N.A.	N.A.	N.A.
6hx4	N.A.	N.A.	0	auth_asym_id	H	L	B	protein	N.A.	N.A.	N.A.	N.A.
6hxw	31116985	10.1016/j.celrep.2019.04.091	0	auth_asym_id	H	L	A	protein	N.A.	N.A.	N.A.	N.A.
6hxw	31116985	10.1016/j.celrep.2019.04.091	0	auth_asym_id	C	D	B	protein	N.A.	N.A.	N.A.	N.A.
6i04	30898885	10.1073/pnas.1819085116	0	auth_asym_id	H	L	A	protein	0.2	BLI	298	N.A.
6i04	30898885	10.1073/pnas.1819085116	0	auth_asym_id	C	D	B	protein	0.2	BLI	298	N.A.
6i07	30898885	10.1073/pnas.1819085116	0	auth_asym_id	A	N.A.	C	protein	10	BLI	298	N.A.
6i07	30898885	10.1073/pnas.1819085116	0	auth_asym_id	B	N.A.	D	protein	10	BLI	298	N.A.
6i6j	30846601	10.1126/science.aaw2859	0	auth_asym_id	C	N.A.	A	protein	N.A.	N.A.	N.A.	N.A.
6i8g	31550533	10.1016/j.jsb.2019.09.007	0	auth_asym_id	B	N.A.	A	protein	N.A.	N.A.	N.A.	N.A.
6i8h	31550533	10.1016/j.jsb.2019.09.007	0	auth_asym_id	B	N.A.	A	protein	N.A.	N.A.	N.A.	N.A.
6i8s	30733557	10.1038/s41598-019-38842-x	0	auth_asym_id	E	I	A;D	protein;protein	0.006	SPR	N.A.	N.A.
6i8s	30733557	10.1038/s41598-019-38842-x	0	auth_asym_id	F	J	B	protein	0.006	SPR	N.A.	N.A.
6i8s	30733557	10.1038/s41598-019-38842-x	0	auth_asym_id	G	K	B;C	protein;protein	0.006	SPR	N.A.	N.A.
6i8s	30733557	10.1038/s41598-019-38842-x	0	auth_asym_id	H	L	D	protein	0.006	SPR	N.A.	N.A.
6i9i	30590046	10.1016/j.celrep.2018.12.001	0	auth_asym_id	A	B	C	protein	N.A.	N.A.	N.A.	N.A.
6i9i	30590046	10.1016/j.celrep.2018.12.001	0	auth_asym_id	H	L	D	protein	N.A.	N.A.	N.A.	N.A.
6iap	31155232	10.1016/j.cell.2019.04.041	0	auth_asym_id	E	D	A	protein	N.A.	N.A.	N.A.	N.A.
6iap	31155232	10.1016/j.cell.2019.04.041	0	auth_asym_id	H	L	A	protein	N.A.	N.A.	N.A.	N.A.
6ibb	31645725	10.1038/s41586-019-1663-8	0	auth_asym_id	B	N.A.	A	protein	N.A.	N.A.	N.A.	N.A.
6ibb	31645725	10.1038/s41586-019-1663-8	0	auth_asym_id	D	N.A.	C	protein	N.A.	N.A.	N.A.	N.A.
6ibl	32555462	10.1038/s41586-020-2419-1	0	auth_asym_id	C	N.A.	A	protein	N.A.	N.A.	N.A.	N.A.
6ibl	32555462	10.1038/s41586-020-2419-1	0	auth_asym_id	D	N.A.	B	protein	N.A.	N.A.	N.A.	N.A.
6icc	30666745	10.1002/pro.3580	0	auth_asym_id	H	L	A	protein	N.A.	N.A.	N.A.	N.A.
6icf	30666745	10.1002/pro.3580	0	auth_asym_id	H	L	A	protein	N.A.	N.A.	N.A.	N.A.
6idi	30471923	10.1016/j.str.2018.10.009	0	auth_asym_id	H	L	D	protein	N.A.	N.A.	N.A.	CA trace only;pH 8.0
6idi	30471923	10.1016/j.str.2018.10.009	0	auth_asym_id	I	J	E	protein	N.A.	N.A.	N.A.	CA trace only;pH 8.0
6idi	30471923	10.1016/j.str.2018.10.009	0	auth_asym_id	M	N	F	protein	N.A.	N.A.	N.A.	CA trace only;pH 8.0
6idk	30471923	10.1016/j.str.2018.10.009	0	auth_asym_id	H	L	D	protein	40.18	BLI	N.A.	CA trace only;pH 5.0
6idk	30471923	10.1016/j.str.2018.10.009	0	auth_asym_id	I	J	E	protein	40.18	BLI	N.A.	CA trace only;pH 5.0
6idk	30471923	10.1016/j.str.2018.10.009	0	auth_asym_id	M	N	F	protein	40.18	BLI	N.A.	CA trace only;pH 5.0
6idl	30471923	10.1016/j.str.2018.10.009	0	auth_asym_id	I	J	E	protein	40.18	BLI	N.A.	CA trace only;pH 5.0
6idl	30471923	10.1016/j.str.2018.10.009	0	auth_asym_id	M	N	F	protein	40.18	BLI	N.A.	CA trace only;pH 5.0
6iea	30936489	10.1038/s41564-019-0411-z	0	auth_asym_id	H	L	A	protein	295	SPR	298	N.A.
6ieb	30936489	10.1038/s41564-019-0411-z	0	auth_asym_id	H	L	A	protein	18.5	SPR	298	N.A.
6ieb	30936489	10.1038/s41564-019-0411-z	0	auth_asym_id	E	F	B	protein	18.5	SPR	298	N.A.
6iec	30936489	10.1038/s41564-019-0411-z	0	auth_asym_id	H	L	A	protein	743	SPR	298	N.A.
6iec	30936489	10.1038/s41564-019-0411-z	0	auth_asym_id	C	D	B	protein	743	SPR	298	N.A.
6iec	30936489	10.1038/s41564-019-0411-z	0	auth_asym_id	F	G	E	protein	743	SPR	298	N.A.
6iec	30936489	10.1038/s41564-019-0411-z	0	auth_asym_id	J	K	I	protein	743	SPR	298	N.A.
6iek	30936489	10.1038/s41564-019-0411-z	0	auth_asym_id	B	C	A	protein	47.7	SPR	298	N.A.
6iek	30936489	10.1038/s41564-019-0411-z	0	auth_asym_id	E	F	D	protein	47.7	SPR	298	N.A.
6ieq	31142746	10.1038/s41467-019-10262-5	0	auth_asym_id	D	E	G;B	protein;protein	N.A.	N.A.	N.A.	N.A.
6ieq	31142746	10.1038/s41467-019-10262-5	0	auth_asym_id	H	L	G	protein	N.A.	N.A.	N.A.	N.A.
6ii4	30478290	10.1038/s41564-018-0303-7	0	auth_asym_id	H	L	A	protein	16.6	SPR	298	N.A.
6ii4	30478290	10.1038/s41564-018-0303-7	0	auth_asym_id	E	F	C	protein	16.6	SPR	298	N.A.
6ii8	30478290	10.1038/s41564-018-0303-7	0	auth_asym_id	G	I	A	protein	386	SPR	298	N.A.
6ii8	30478290	10.1038/s41564-018-0303-7	0	auth_asym_id	H	L	C	protein	386	SPR	298	N.A.
6ii8	30478290	10.1038/s41564-018-0303-7	0	auth_asym_id	J	K	E	protein	386	SPR	298	N.A.
6ii9	30478290	10.1038/s41564-018-0303-7	0	auth_asym_id	H	L	A	protein	19.4	SPR	298	N.A.
6ii9	30478290	10.1038/s41564-018-0303-7	0	auth_asym_id	M	N	C	protein	19.4	SPR	298	N.A.
6ii9	30478290	10.1038/s41564-018-0303-7	0	auth_asym_id	P	Q	E	protein	19.4	SPR	298	N.A.
6ion	N.A.	10.7150/ijbs.39919	0	auth_asym_id	H	L	A	protein	N.A.	N.A.	N.A.	N.A.
6ir1	34562299	10.1002/pro.4194	0	auth_asym_id	B	N.A.	A	protein	22.5	ITC	293	N.A.
6ir2	34562299	10.1002/pro.4194	0	auth_asym_id	B	N.A.	A	protein	3.02	ITC	293	N.A.
6iut	30737282	10.1074/jbc.RA118.007008	0	auth_asym_id	H	L	A	protein	N.A.	N.A.	N.A.	N.A.
6iuv	30737282	10.1074/jbc.RA118.007008	0	auth_asym_id	H	L	A	protein	N.A.	N.A.	N.A.	N.A.
6iuv	30737282	10.1074/jbc.RA118.007008	0	auth_asym_id	C	D	B	protein	N.A.	N.A.	N.A.	N.A.
6ivz	30625326	10.1016/j.celrep.2018.12.065	0	auth_asym_id	H	L	A	protein	9.7	SPR	298	N.A.
6iw0	30625326	10.1016/j.celrep.2018.12.065	0	auth_asym_id	H	L	A	protein	13.5	SPR	298	N.A.
6iw2	30625326	10.1016/j.celrep.2018.12.065	0	auth_asym_id	B	C	A	protein	13.5	SPR	298	N.A.
6iw2	30625326	10.1016/j.celrep.2018.12.065	0	auth_asym_id	E	F	D	protein	13.5	SPR	298	N.A.
6iw2	30625326	10.1016/j.celrep.2018.12.065	0	auth_asym_id	H	I	G	protein	13.5	SPR	298	N.A.
6iw2	30625326	10.1016/j.celrep.2018.12.065	0	auth_asym_id	K	L	J	protein	13.5	SPR	298	N.A.
6iw2	30625326	10.1016/j.celrep.2018.12.065	0	auth_asym_id	N	O	M	protein	13.5	SPR	298	N.A.
6iw2	30625326	10.1016/j.celrep.2018.12.065	0	auth_asym_id	Q	R	P	protein	13.5	SPR	298	N.A.
6j11	31296843	10.1038/s41467-019-10897-4	0	auth_asym_id	H	L	A	protein	25	SPR	298	N.A.
6j11	31296843	10.1038/s41467-019-10897-4	0	auth_asym_id	F	G	B	protein	25	SPR	298	N.A.
6j11	31296843	10.1038/s41467-019-10897-4	0	auth_asym_id	D	E	C	protein	25	SPR	298	N.A.
6j14	30952089	10.1016/j.isci.2019.03.017	0	auth_asym_id	A	B	G	protein	1.54	SPR	298	N.A.
6j15	30952089	10.1016/j.isci.2019.03.017	0	auth_asym_id	A	B	C	protein	1.22	SPR	298	N.A.
6j15	30952089	10.1016/j.isci.2019.03.017	0	auth_asym_id	H	L	D	protein	1.22	SPR	298	N.A.
6j5d	30760569	10.1128/JVI.02132-18	0	auth_asym_id	H	L	A	protein	45.4	SPR	298	N.A.
6j5f	30760569	10.1128/JVI.02132-18	0	auth_asym_id	H	L	A	protein	390	SPR	298	N.A.
6j5g	30760569	10.1128/JVI.02132-18	0	auth_asym_id	H	L	A	protein	390	SPR	298	N.A.
6j6y	31350344	10.1158/1535-7163.MCT-18-0048	0	auth_asym_id	B	C	A	protein	0.36	ELISA	N.A.	N.A.
6j6y	31350344	10.1158/1535-7163.MCT-18-0048	0	auth_asym_id	E	F	D	protein	0.36	ELISA	N.A.	N.A.
6j71	31205018	10.1107/S2059798319006995	0	auth_asym_id	B	N.A.	A	protein	N.A.	N.A.	N.A.	N.A.
6jb2	31664051	10.1038/s41598-019-50722-y	0	auth_asym_id	A	N.A.	B	protein	635	SPR	298	N.A.
6jb5	31664051	10.1038/s41598-019-50722-y	0	auth_asym_id	A	N.A.	B	protein	635	SPR	298	N.A.
6jb8	31664051	10.1038/s41598-019-50722-y	0	auth_asym_id	A	N.A.	B	protein	0.13	SPR	298	N.A.
6jbt	30892132	10.1080/19420862.2019.1596513	0	auth_asym_id	H	L	F	protein	N.A.	N.A.	N.A.	N.A.
6jep	30893607	10.1016/j.celrep.2019.02.062	0	auth_asym_id	H	L	E	protein	1.06	SPR	298	N.A.
6jep	30893607	10.1016/j.celrep.2019.02.062	0	auth_asym_id	K	I	F	protein	1.06	SPR	298	N.A.
6jfh	30893607	10.1016/j.celrep.2019.02.062	0	auth_asym_id	K	I	A	protein	1.06	SPR	298	CA trace only
6jfh	30893607	10.1016/j.celrep.2019.02.062	0	auth_asym_id	M	N	C	protein	1.06	SPR	298	CA trace only
6jfh	30893607	10.1016/j.celrep.2019.02.062	0	auth_asym_id	H	L	E	protein	1.06	SPR	298	CA trace only
6jfi	30893607	10.1016/j.celrep.2019.02.062	0	auth_asym_id	K	I	A	protein	1.06	SPR	298	CA trace only
6jfi	30893607	10.1016/j.celrep.2019.02.062	0	auth_asym_id	H	L	E	protein	1.06	SPR	298	CA trace only
6jhq	31039149	10.1371/journal.pbio.3000229	0	auth_asym_id	D	E	C	protein	5.14	SPR	298	N.A.
6jhr	31039149	10.1371/journal.pbio.3000229	0	auth_asym_id	E	D	C	protein	2.19	SPR	298	N.A.
6jhs	31039149	10.1371/journal.pbio.3000229	0	auth_asym_id	E	D	C	protein	7.1	SPR	298	N.A.
6jht	31039149	10.1371/journal.pbio.3000229	0	auth_asym_id	E	D	C	protein	7.18	SPR	298	N.A.
6jjp	31667366	10.1038/s42003-019-0642-9	0	auth_asym_id	A	B	C	protein	3.55	SPR	N.A.	N.A.
6jjp	31667366	10.1038/s42003-019-0642-9	0	auth_asym_id	D	E	F	protein	3.55	SPR	N.A.	N.A.
6jsz	31021626	10.1021/acs.jmedchem.9b00309	0	auth_asym_id	D	N.A.	A	protein	N.A.	N.A.	N.A.	N.A.
6k0y	31780710	10.1038/s41598-019-54231-w	0	auth_asym_id	A	B	C	protein	40.3	SPR	N.A.	N.A.
6k3m	31371498	10.1073/pnas.1910080116	0	auth_asym_id	N.A.	A	H	protein	N.A.	N.A.	N.A.	N.A.
6k5a	31409705	10.1073/pnas.1901822116	0	auth_asym_id	C	D	A;B	protein;protein	N.A.	N.A.	N.A.	N.A.
6k5a	31409705	10.1073/pnas.1901822116	0	auth_asym_id	E	F	A;B	protein;protein	N.A.	N.A.	N.A.	N.A.
6k5d	31409705	10.1073/pnas.1901822116	0	auth_asym_id	C	D	A;B	protein;protein	N.A.	N.A.	N.A.	N.A.
6k5d	31409705	10.1073/pnas.1901822116	0	auth_asym_id	E	F	A;B	protein;protein	N.A.	N.A.	N.A.	N.A.
6k5f	31409705	10.1073/pnas.1901822116	0	auth_asym_id	C	D	A	protein	N.A.	N.A.	N.A.	N.A.
6k5f	31409705	10.1073/pnas.1901822116	0	auth_asym_id	E	F	B	protein	N.A.	N.A.	N.A.	N.A.
6k5i	31409705	10.1073/pnas.1901822116	0	auth_asym_id	C	D	A;B	protein;protein	N.A.	N.A.	N.A.	N.A.
6k5i	31409705	10.1073/pnas.1901822116	0	auth_asym_id	E	F	B	protein	N.A.	N.A.	N.A.	N.A.
6k64	31371498	10.1073/pnas.1910080116	0	auth_asym_id	N.A.	A	C	protein	N.A.	N.A.	N.A.	N.A.
6k64	31371498	10.1073/pnas.1910080116	0	auth_asym_id	N.A.	B	H	protein	N.A.	N.A.	N.A.	N.A.
6k65	31371498	10.1073/pnas.1910080116	0	auth_asym_id	H	L	A	protein	N.A.	N.A.	N.A.	N.A.
6k67	31371498	10.1073/pnas.1910080116	0	auth_asym_id	N.A.	A	B	protein	N.A.	N.A.	N.A.	N.A.
6k67	31371498	10.1073/pnas.1910080116	0	auth_asym_id	N.A.	C	D	protein	N.A.	N.A.	N.A.	N.A.
6k68	31371498	10.1073/pnas.1910080116	0	auth_asym_id	C	D	E	protein	N.A.	N.A.	N.A.	N.A.
6k68	31371498	10.1073/pnas.1910080116	0	auth_asym_id	A	B	H	protein	N.A.	N.A.	N.A.	N.A.
6k68	31371498	10.1073/pnas.1910080116	0	auth_asym_id	F	G	I	protein	N.A.	N.A.	N.A.	N.A.
6k68	31371498	10.1073/pnas.1910080116	0	auth_asym_id	J	K	L	protein	N.A.	N.A.	N.A.	N.A.
6k69	31371498	10.1073/pnas.1910080116	0	auth_asym_id	N.A.	A	B	protein	N.A.	N.A.	N.A.	N.A.
6k6a	31371498	10.1073/pnas.1910080116	0	auth_asym_id	N.A.	B	C	protein	N.A.	N.A.	N.A.	N.A.
6k6a	31371498	10.1073/pnas.1910080116	0	auth_asym_id	N.A.	A	D	protein	N.A.	N.A.	N.A.	N.A.
6k6b	31371498	10.1073/pnas.1910080116	0	auth_asym_id	N.A.	A	B	protein	N.A.	N.A.	N.A.	N.A.
6k7o	31213474	10.1158/2326-6066.CIR-19-0036	0	auth_asym_id	H	L	A	protein	2.9	BLI	N.A.	N.A.
6k7o	31213474	10.1158/2326-6066.CIR-19-0036	0	auth_asym_id	B	C	P	protein	2.9	BLI	N.A.	N.A.
6k7o	31213474	10.1158/2326-6066.CIR-19-0036	0	auth_asym_id	D	E	Q	protein	2.9	BLI	N.A.	N.A.
6k7o	31213474	10.1158/2326-6066.CIR-19-0036	0	auth_asym_id	F	G	R	protein	2.9	BLI	N.A.	N.A.
6kn9	31954129	10.1016/j.jmb.2020.01.012	0	auth_asym_id	D	N.A.	A	protein	6.1	BLI	298	N.A.
6kn9	31954129	10.1016/j.jmb.2020.01.012	0	auth_asym_id	E	N.A.	B	protein	6.1	BLI	298	N.A.
6kn9	31954129	10.1016/j.jmb.2020.01.012	0	auth_asym_id	F	N.A.	C	protein	6.1	BLI	298	N.A.
6knm	31998837	10.1126/sciadv.aax7379	0	auth_asym_id	A	N.A.	B	protein	0.083	SPR	N.A.	N.A.
6ko5	32814772	10.1038/s41467-020-17554-1	0	auth_asym_id	H	L	A	protein	N.A.	N.A.	N.A.	N.A.
6krz	32796916	10.1038/s42003-020-01160-4	0	auth_asym_id	D	E	A	protein	N.A.	N.A.	N.A.	N.A.
6krz	32796916	10.1038/s42003-020-01160-4	0	auth_asym_id	F	G	B	protein	N.A.	N.A.	N.A.	N.A.
6krz	32796916	10.1038/s42003-020-01160-4	0	auth_asym_id	H	I	C	protein	N.A.	N.A.	N.A.	N.A.
6ks0	32796916	10.1038/s42003-020-01160-4	0	auth_asym_id	H	L	A	protein	N.A.	N.A.	N.A.	N.A.
6ks1	32796916	10.1038/s42003-020-01160-4	0	auth_asym_id	H	L	A	protein	N.A.	N.A.	N.A.	N.A.
6ktr	32061104	10.1111/cas.14353	0	auth_asym_id	A	B	C	protein	N.A.	N.A.	N.A.	N.A.
6ktr	32061104	10.1111/cas.14353	0	auth_asym_id	F	G	D	protein	N.A.	N.A.	N.A.	N.A.
6kyz	32467165	10.1073/pnas.1918844117	0	auth_asym_id	B	C	A	protein	82.3	ITC	N.A.	N.A.
6kyz	32467165	10.1073/pnas.1918844117	0	auth_asym_id	E	F	D	protein	82.3	ITC	N.A.	N.A.
6kz0	32467165	10.1073/pnas.1918844117	0	auth_asym_id	B	C	A	protein	9.1	ITC	N.A.	N.A.
6kz0	32467165	10.1073/pnas.1918844117	0	auth_asym_id	E	F	D	protein	9.1	ITC	N.A.	N.A.
6kz0	32467165	10.1073/pnas.1918844117	0	auth_asym_id	H	I	G	protein	9.1	ITC	N.A.	N.A.
6kz0	32467165	10.1073/pnas.1918844117	0	auth_asym_id	K	L	J	protein	9.1	ITC	N.A.	N.A.
6l62	32075932	10.1128/JVI.01836-19	0	auth_asym_id	H	L	A	protein	N.A.	N.A.	N.A.	N.A.
6lbh	33905418	10.1371/journal.pbio.3001231	0	auth_asym_id	E	F	A	protein	216.1	ITC	298	N.A.
6lbh	33905418	10.1371/journal.pbio.3001231	0	auth_asym_id	C	D	B	protein	216.1	ITC	298	N.A.
6lgw	32004500	10.1016/j.chom.2019.12.012	0	auth_asym_id	A	N.A.	E	protein	35.3	SPR	298	N.A.
6lgw	32004500	10.1016/j.chom.2019.12.012	0	auth_asym_id	C	N.A.	F	protein	35.3	SPR	298	N.A.
6ln2	32152292	10.1038/s41467-020-14934-5	0	auth_asym_id	C	B	A	protein	N.A.	N.A.	N.A.	N.A.
6lr7	32277083	10.1038/s41598-020-62606-7	0	auth_asym_id	B	N.A.	A	protein	6.7	ITC	293	N.A.
6lxi	33024040	10.1128/mBio.02315-20	0	auth_asym_id	H	L	A	protein	543	SPR	298	N.A.
6lxi	33024040	10.1128/mBio.02315-20	0	auth_asym_id	C	D	B	protein	543	SPR	298	N.A.
6lxj	33024040	10.1128/mBio.02315-20	0	auth_asym_id	H	L	A	protein	946	SPR	298	N.A.
6lxj	33024040	10.1128/mBio.02315-20	0	auth_asym_id	E	F	B	protein	946	SPR	298	N.A.
6lxj	33024040	10.1128/mBio.02315-20	0	auth_asym_id	J	K	C	protein	946	SPR	298	N.A.
6lxj	33024040	10.1128/mBio.02315-20	0	auth_asym_id	M	N	D	protein	946	SPR	298	N.A.
6lxk	33024040	10.1128/mBio.02315-20	0	auth_asym_id	H	L	A	protein	401	SPR	298	N.A.
6lxk	33024040	10.1128/mBio.02315-20	0	auth_asym_id	J	K	C	protein	401	SPR	298	N.A.
6lxk	33024040	10.1128/mBio.02315-20	0	auth_asym_id	E	F	D	protein	401	SPR	298	N.A.
6lyn	33997697	10.1016/j.isci.2021.102417	0	auth_asym_id	A	B	C	protein	1.12	BLI	N.A.	N.A.
6lyn	33997697	10.1016/j.isci.2021.102417	0	auth_asym_id	H	L	D	protein	1.12	BLI	N.A.	N.A.
6lz2	33303987	10.1038/s42003-020-01478-z	0	auth_asym_id	B	N.A.	A	protein	N.A.	N.A.	N.A.	N.A.
6lz2	33303987	10.1038/s42003-020-01478-z	0	auth_asym_id	D	N.A.	C	protein	N.A.	N.A.	N.A.	N.A.
6lz9	N.A.	N.A.	0	auth_asym_id	H	L	B	protein	N.A.	N.A.	N.A.	N.A.
6m0f	33850134	10.1038/s41467-021-22385-9	0	auth_asym_id	H	L	A	protein	N.A.	N.A.	N.A.	N.A.
6m0z	33850134	10.1038/s41467-021-22385-9	0	auth_asym_id	H	L	A	protein	N.A.	N.A.	N.A.	N.A.
6m2r	33850134	10.1038/s41467-021-22385-9	0	auth_asym_id	H	L	A	protein	N.A.	N.A.	N.A.	N.A.
6m38	33850134	10.1038/s41467-021-22385-9	0	auth_asym_id	H	L	A	protein	N.A.	N.A.	N.A.	N.A.
6m3b	32532974	10.1038/s41467-020-16720-9	0	auth_asym_id	C	B	A	protein	13	SPR	298	N.A.
6m3c	32532974	10.1038/s41467-020-16720-9	0	auth_asym_id	H	L	A	protein	10	SPR	298	N.A.
6m3c	32532974	10.1038/s41467-020-16720-9	0	auth_asym_id	F	E	C	protein	10	SPR	298	N.A.
6m3c	32532974	10.1038/s41467-020-16720-9	0	auth_asym_id	K	J	G	protein	10	SPR	298	N.A.
6m3z	33850134	10.1038/s41467-021-22385-9	0	auth_asym_id	H	L	A	protein	N.A.	N.A.	N.A.	N.A.
6m47	33850134	10.1038/s41467-021-22385-9	0	auth_asym_id	H	L	A	protein	N.A.	N.A.	N.A.	N.A.
6m58	32284170	10.1016/j.bbrc.2020.03.133	0	auth_asym_id	H	L	A	protein	1	BLI	N.A.	N.A.
6m58	32284170	10.1016/j.bbrc.2020.03.133	0	auth_asym_id	C	D	B	protein	1	BLI	N.A.	N.A.
6mco	30770829	10.1038/s41467-019-08738-5	0	auth_asym_id	D	E	B	protein	N.A.	N.A.	N.A.	N.A.
6mco	30770829	10.1038/s41467-019-08738-5	0	auth_asym_id	H	L	G	protein	N.A.	N.A.	N.A.	N.A.
6mdt	30770829	10.1038/s41467-019-08738-5	0	auth_asym_id	D	E	B	protein	N.A.	N.A.	N.A.	N.A.
6mdt	30770829	10.1038/s41467-019-08738-5	0	auth_asym_id	H	L	G	protein	N.A.	N.A.	N.A.	N.A.
6meh	30439340	10.1016/j.chom.2018.10.009	0	auth_asym_id	H	L	C	protein	N.A.	N.A.	N.A.	N.A.
6mei	30439340	10.1016/j.chom.2018.10.009	0	auth_asym_id	H	L	C	protein	N.A.	N.A.	N.A.	N.A.
6mej	30439340	10.1016/j.chom.2018.10.009	0	auth_asym_id	A	B	C	protein	N.A.	N.A.	N.A.	N.A.
6mej	30439340	10.1016/j.chom.2018.10.009	0	auth_asym_id	H	L	C	protein	N.A.	N.A.	N.A.	N.A.
6mek	30439340	10.1016/j.chom.2018.10.009	0	auth_asym_id	I	G	A	protein	N.A.	N.A.	N.A.	N.A.
6mek	30439340	10.1016/j.chom.2018.10.009	0	auth_asym_id	F	E	C	protein	N.A.	N.A.	N.A.	N.A.
6mek	30439340	10.1016/j.chom.2018.10.009	0	auth_asym_id	B	D	A	protein	N.A.	N.A.	N.A.	N.A.
6mek	30439340	10.1016/j.chom.2018.10.009	0	auth_asym_id	H	L	C	protein	N.A.	N.A.	N.A.	N.A.
6mfp	31776278	10.1128/JVI.01120-19	0	auth_asym_id	C	D	A	protein	0.6	SPR	N.A.	N.A.
6mfp	31776278	10.1128/JVI.01120-19	0	auth_asym_id	H	L	G	protein	0.6	SPR	N.A.	N.A.
6mft	30403372	10.7554/eLife.37688	0	auth_asym_id	A	B	C	protein	43	BLI	302	N.A.
6mft	30403372	10.7554/eLife.37688	0	auth_asym_id	H	L	G	protein	43	BLI	302	N.A.
6mg7	32605979	10.1128/mBio.00208-20	0	auth_asym_id	H	L	G	protein	2.1	SPR	298	N.A.
6mhr	30410017	10.1038/s41467-018-07136-7	0	auth_asym_id	A	B	C	protein	22	SPR	298	N.A.
6mhr	30410017	10.1038/s41467-018-07136-7	0	auth_asym_id	D	E	F	protein	22	SPR	298	N.A.
6mi2	30410017	10.1038/s41467-018-07136-7	0	auth_asym_id	A	B	C	protein	69	SPR	298	N.A.
6mi2	30410017	10.1038/s41467-018-07136-7	0	auth_asym_id	D	E	F	protein	69	SPR	298	N.A.
6ml8	37117205	10.1038/s41598-023-33529-w	0	auth_asym_id	H	L	A	protein	N.A.	N.A.	N.A.	N.A.
6mlk	30289692	10.1021/acs.biochem.8b00886	0	auth_asym_id	H	L	A	protein	13	ELISA	295	N.A.
6mlm	30716060	10.1371/journal.pbio.3000139	0	auth_asym_id	E	I	A	protein	0.1	SPR	N.A.	N.A.
6mlm	30716060	10.1371/journal.pbio.3000139	0	auth_asym_id	F	G	B	protein	0.1	SPR	N.A.	N.A.
6mlm	30716060	10.1371/journal.pbio.3000139	0	auth_asym_id	K	L	H	protein	0.1	SPR	N.A.	N.A.
6mn7	31097697	10.1038/s41467-019-09481-7	0	auth_asym_id	G	N.A.	A	protein	46500	BLI	N.A.	N.A.
6mn7	31097697	10.1038/s41467-019-09481-7	0	auth_asym_id	I	N.A.	C	protein	46500	BLI	N.A.	N.A.
6mn7	31097697	10.1038/s41467-019-09481-7	0	auth_asym_id	H	N.A.	D	protein	46500	BLI	N.A.	N.A.
6mpg	31348886	10.1016/j.cell.2019.06.030	0	auth_asym_id	5	6	2	protein	N.A.	N.A.	N.A.	N.A.
6mpg	31348886	10.1016/j.cell.2019.06.030	0	auth_asym_id	M	N	C	protein	N.A.	N.A.	N.A.	N.A.
6mpg	31348886	10.1016/j.cell.2019.06.030	0	auth_asym_id	m	n	V	protein	N.A.	N.A.	N.A.	N.A.
6mpg	31348886	10.1016/j.cell.2019.06.030	0	auth_asym_id	8	7	2	protein	N.A.	N.A.	N.A.	N.A.
6mpg	31348886	10.1016/j.cell.2019.06.030	0	auth_asym_id	Q	R	C	protein	N.A.	N.A.	N.A.	N.A.
6mpg	31348886	10.1016/j.cell.2019.06.030	0	auth_asym_id	q	r	V	protein	N.A.	N.A.	N.A.	N.A.
6mpg	31348886	10.1016/j.cell.2019.06.030	0	auth_asym_id	3	4	A;2	protein;protein	42.4	SPR	298	N.A.
6mpg	31348886	10.1016/j.cell.2019.06.030	0	auth_asym_id	X	Y	D;C	protein;protein	42.4	SPR	298	N.A.
6mpg	31348886	10.1016/j.cell.2019.06.030	0	auth_asym_id	W	B	U;V	protein;protein	42.4	SPR	298	N.A.
6mph	31348886	10.1016/j.cell.2019.06.030	0	auth_asym_id	X	Z	A	protein	N.A.	N.A.	N.A.	N.A.
6mph	31348886	10.1016/j.cell.2019.06.030	0	auth_asym_id	Y	a	B	protein	N.A.	N.A.	N.A.	N.A.
6mph	31348886	10.1016/j.cell.2019.06.030	0	auth_asym_id	M	N	C	protein	N.A.	N.A.	N.A.	N.A.
6mph	31348886	10.1016/j.cell.2019.06.030	0	auth_asym_id	f	h	A	protein	N.A.	N.A.	N.A.	N.A.
6mph	31348886	10.1016/j.cell.2019.06.030	0	auth_asym_id	g	i	B	protein	N.A.	N.A.	N.A.	N.A.
6mph	31348886	10.1016/j.cell.2019.06.030	0	auth_asym_id	Q	R	C	protein	N.A.	N.A.	N.A.	N.A.
6mph	31348886	10.1016/j.cell.2019.06.030	0	auth_asym_id	1	2	6;A	protein;protein	0.135	SPR	298	N.A.
6mph	31348886	10.1016/j.cell.2019.06.030	0	auth_asym_id	H	L	D;C	protein;protein	0.135	SPR	298	N.A.
6mph	31348886	10.1016/j.cell.2019.06.030	0	auth_asym_id	3	4	E;B	protein;protein	0.135	SPR	298	N.A.
6mtj	30604750	10.1038/s41467-018-07851-1	0	auth_asym_id	D	E	B	protein	N.A.	N.A.	N.A.	N.A.
6mtj	30604750	10.1038/s41467-018-07851-1	0	auth_asym_id	H	L	G	protein	N.A.	N.A.	N.A.	N.A.
6mtn	30604750	10.1038/s41467-018-07851-1	0	auth_asym_id	D	E	B	protein	N.A.	N.A.	N.A.	N.A.
6mtn	30604750	10.1038/s41467-018-07851-1	0	auth_asym_id	H	L	G	protein	N.A.	N.A.	N.A.	N.A.
6mto	30876875	10.1016/j.immuni.2019.02.008	0	auth_asym_id	H	L	T	protein	0.39	BLI	N.A.	N.A.
6mtq	30876875	10.1016/j.immuni.2019.02.008	0	auth_asym_id	H	L	T	protein	N.A.	N.A.	N.A.	N.A.
6mu6	30604750	10.1038/s41467-018-07851-1	0	auth_asym_id	D	E	B	protein	N.A.	N.A.	N.A.	N.A.
6mu6	30604750	10.1038/s41467-018-07851-1	0	auth_asym_id	H	L	G	protein	N.A.	N.A.	N.A.	N.A.
6mu7	30604750	10.1038/s41467-018-07851-1	0	auth_asym_id	D	E	B	protein	N.A.	N.A.	N.A.	N.A.
6mu7	30604750	10.1038/s41467-018-07851-1	0	auth_asym_id	H	L	G	protein	N.A.	N.A.	N.A.	N.A.
6mu8	30604750	10.1038/s41467-018-07851-1	0	auth_asym_id	D	E	B	protein	N.A.	N.A.	N.A.	N.A.
6mu8	30604750	10.1038/s41467-018-07851-1	0	auth_asym_id	H	L	G	protein	N.A.	N.A.	N.A.	N.A.
6muf	30604750	10.1038/s41467-018-07851-1	0	auth_asym_id	D	E	B;G	protein;protein	N.A.	N.A.	N.A.	N.A.
6muf	30604750	10.1038/s41467-018-07851-1	0	auth_asym_id	H	L	G	protein	N.A.	N.A.	N.A.	N.A.
6mug	30604750	10.1038/s41467-018-07851-1	0	auth_asym_id	D	E	B	protein	N.A.	N.A.	N.A.	N.A.
6mug	30604750	10.1038/s41467-018-07851-1	0	auth_asym_id	H	L	G	protein	N.A.	N.A.	N.A.	N.A.
6mui	30540945	10.1016/j.celrep.2018.11.067	0	auth_asym_id	C	D	B	protein	N.A.	N.A.	N.A.	N.A.
6mui	30540945	10.1016/j.celrep.2018.11.067	0	auth_asym_id	G	H	F	protein	N.A.	N.A.	N.A.	N.A.
6mui	30540945	10.1016/j.celrep.2018.11.067	0	auth_asym_id	K	L	J	protein	N.A.	N.A.	N.A.	N.A.
6mui	30540945	10.1016/j.celrep.2018.11.067	0	auth_asym_id	O	P	N	protein	N.A.	N.A.	N.A.	N.A.
6mvl	31645726	10.1038/s41586-019-1674-5	0	auth_asym_id	H	L	A	protein	N.A.	N.A.	N.A.	N.A.
6mw9	30540945	10.1016/j.celrep.2018.11.067	0	auth_asym_id	C	D	B	protein	N.A.	N.A.	N.A.	N.A.
6mw9	30540945	10.1016/j.celrep.2018.11.067	0	auth_asym_id	G	H	F	protein	N.A.	N.A.	N.A.	N.A.
6mw9	30540945	10.1016/j.celrep.2018.11.067	0	auth_asym_id	K	L	J	protein	N.A.	N.A.	N.A.	N.A.
6mw9	30540945	10.1016/j.celrep.2018.11.067	0	auth_asym_id	O	P	N	protein	N.A.	N.A.	N.A.	N.A.
6mwc	30540945	10.1016/j.celrep.2018.11.067	0	auth_asym_id	C	D	B	protein	N.A.	N.A.	N.A.	N.A.
6mwc	30540945	10.1016/j.celrep.2018.11.067	0	auth_asym_id	G	H	F	protein	N.A.	N.A.	N.A.	N.A.
6mwc	30540945	10.1016/j.celrep.2018.11.067	0	auth_asym_id	K	L	J	protein	N.A.	N.A.	N.A.	N.A.
6mwc	30540945	10.1016/j.celrep.2018.11.067	0	auth_asym_id	O	P	N	protein	N.A.	N.A.	N.A.	N.A.
6mwv	30540945	10.1016/j.celrep.2018.11.067	0	auth_asym_id	C	D	B	protein	N.A.	N.A.	N.A.	N.A.
6mwv	30540945	10.1016/j.celrep.2018.11.067	0	auth_asym_id	G	H	F	protein	N.A.	N.A.	N.A.	N.A.
6mwv	30540945	10.1016/j.celrep.2018.11.067	0	auth_asym_id	K	L	J	protein	N.A.	N.A.	N.A.	N.A.
6mwv	30540945	10.1016/j.celrep.2018.11.067	0	auth_asym_id	O	P	N	protein	N.A.	N.A.	N.A.	N.A.
6mwx	30540945	10.1016/j.celrep.2018.11.067	0	auth_asym_id	C	D	B	protein	N.A.	N.A.	N.A.	N.A.
6mwx	30540945	10.1016/j.celrep.2018.11.067	0	auth_asym_id	G	H	F	protein	N.A.	N.A.	N.A.	N.A.
6mwx	30540945	10.1016/j.celrep.2018.11.067	0	auth_asym_id	K	L	J	protein	N.A.	N.A.	N.A.	N.A.
6mwx	30540945	10.1016/j.celrep.2018.11.067	0	auth_asym_id	O	P	N	protein	N.A.	N.A.	N.A.	N.A.
6mxt	30327561	10.1038/s41589-018-0145-x	0	auth_asym_id	N	N.A.	A	protein	N.A.	N.A.	N.A.	N.A.
6myy	30403372	10.7554/eLife.37688	0	auth_asym_id	H	L	A	protein	2300	BLI	302	N.A.
6myy	30403372	10.7554/eLife.37688	0	auth_asym_id	D	C	B	protein	2300	BLI	302	N.A.
6myy	30403372	10.7554/eLife.37688	0	auth_asym_id	G	F	E	protein	2300	BLI	302	N.A.
6mzj	30403372	10.7554/eLife.37688	0	auth_asym_id	H	L	A	protein	43	BLI	302	N.A.
6mzj	30403372	10.7554/eLife.37688	0	auth_asym_id	D	C	B	protein	43	BLI	302	N.A.
6n1v	31348886	10.1016/j.cell.2019.06.030	0	auth_asym_id	f	h	A	protein	N.A.	N.A.	N.A.	N.A.
6n1v	31348886	10.1016/j.cell.2019.06.030	0	auth_asym_id	g	i	B	protein	N.A.	N.A.	N.A.	N.A.
6n1v	31348886	10.1016/j.cell.2019.06.030	0	auth_asym_id	Q	R	C	protein	N.A.	N.A.	N.A.	N.A.
6n1v	31348886	10.1016/j.cell.2019.06.030	0	auth_asym_id	X	Z	A	protein	N.A.	N.A.	N.A.	N.A.
6n1v	31348886	10.1016/j.cell.2019.06.030	0	auth_asym_id	Y	a	B	protein	N.A.	N.A.	N.A.	N.A.
6n1v	31348886	10.1016/j.cell.2019.06.030	0	auth_asym_id	M	N	C	protein	N.A.	N.A.	N.A.	N.A.
6n1v	31348886	10.1016/j.cell.2019.06.030	0	auth_asym_id	1	2	A;E	protein;protein	9.75	SPR	298	N.A.
6n1v	31348886	10.1016/j.cell.2019.06.030	0	auth_asym_id	3	4	B;F	protein;protein	9.75	SPR	298	N.A.
6n1v	31348886	10.1016/j.cell.2019.06.030	0	auth_asym_id	H	L	C;D	protein;protein	9.75	SPR	298	N.A.
6n1w	31348886	10.1016/j.cell.2019.06.030	0	auth_asym_id	m	n	2	protein	N.A.	N.A.	N.A.	N.A.
6n1w	31348886	10.1016/j.cell.2019.06.030	0	auth_asym_id	5	6	C	protein	N.A.	N.A.	N.A.	N.A.
6n1w	31348886	10.1016/j.cell.2019.06.030	0	auth_asym_id	M	N	c	protein	N.A.	N.A.	N.A.	N.A.
6n1w	31348886	10.1016/j.cell.2019.06.030	0	auth_asym_id	q	r	2	protein	N.A.	N.A.	N.A.	N.A.
6n1w	31348886	10.1016/j.cell.2019.06.030	0	auth_asym_id	8	7	C	protein	N.A.	N.A.	N.A.	N.A.
6n1w	31348886	10.1016/j.cell.2019.06.030	0	auth_asym_id	Q	R	c	protein	N.A.	N.A.	N.A.	N.A.
6n1w	31348886	10.1016/j.cell.2019.06.030	0	auth_asym_id	3	4	2;A	protein;protein	0.185	SPR	298	N.A.
6n1w	31348886	10.1016/j.cell.2019.06.030	0	auth_asym_id	H	L	C;D	protein;protein	0.185	SPR	298	N.A.
6n1w	31348886	10.1016/j.cell.2019.06.030	0	auth_asym_id	h	l	c;d	protein;protein	0.185	SPR	298	N.A.
6n48	31249059	10.1126/science.aaw8981	0	auth_asym_id	B	N.A.	A	protein	N.A.	N.A.	N.A.	Ab as stabilizer
6n4y	30675062	10.1038/s41586-019-0881-4	0	auth_asym_id	F	N.A.	A	protein	N.A.	N.A.	N.A.	N.A.
6n4y	30675062	10.1038/s41586-019-0881-4	0	auth_asym_id	E	N.A.	B	protein	N.A.	N.A.	N.A.	N.A.
6n4y	30675062	10.1038/s41586-019-0881-4	0	auth_asym_id	H	N.A.	C	protein	N.A.	N.A.	N.A.	N.A.
6n4y	30675062	10.1038/s41586-019-0881-4	0	auth_asym_id	G	N.A.	D	protein	N.A.	N.A.	N.A.	N.A.
6n50	30675062	10.1038/s41586-019-0881-4	0	auth_asym_id	E	N.A.	A	protein	N.A.	N.A.	N.A.	N.A.
6n51	30675062	10.1038/s41586-019-0881-4	0	auth_asym_id	C	N.A.	A	protein	N.A.	N.A.	N.A.	N.A.
6n51	30675062	10.1038/s41586-019-0881-4	0	auth_asym_id	D	N.A.	B	protein	N.A.	N.A.	N.A.	N.A.
6n5b	31104946	10.1016/j.chom.2019.04.003	0	auth_asym_id	H	L	B	protein	7.1	ELISA	N.A.	N.A.
6n5d	31104946	10.1016/j.chom.2019.04.003	0	auth_asym_id	C	D	A	protein	N.A.	N.A.	N.A.	N.A.
6n5d	31104946	10.1016/j.chom.2019.04.003	0	auth_asym_id	E	F	B	protein	N.A.	N.A.	N.A.	N.A.
6n5d	31104946	10.1016/j.chom.2019.04.003	0	auth_asym_id	L	N	K	protein	N.A.	N.A.	N.A.	N.A.
6n5e	31104946	10.1016/j.chom.2019.04.003	0	auth_asym_id	E	D	A	protein	0.6	ELISA	N.A.	N.A.
6n5e	31104946	10.1016/j.chom.2019.04.003	0	auth_asym_id	G	F	B	protein	0.6	ELISA	N.A.	N.A.
6n5e	31104946	10.1016/j.chom.2019.04.003	0	auth_asym_id	H	I	C	protein	0.6	ELISA	N.A.	N.A.
6n6b	31406333	10.1038/s41564-019-0522-6	0	auth_asym_id	K	L	A	protein	N.A.	N.A.	N.A.	N.A.
6n81	31216462	10.1016/j.immuni.2019.05.007	0	auth_asym_id	C	D	A;B	protein;protein	N.A.	N.A.	N.A.	N.A.
6n81	31216462	10.1016/j.immuni.2019.05.007	0	auth_asym_id	H	L	A;B	protein;protein	N.A.	N.A.	N.A.	N.A.
6n8d	31216462	10.1016/j.immuni.2019.05.007	0	auth_asym_id	D	B	A	protein	N.A.	N.A.	N.A.	N.A.
6n8d	31216462	10.1016/j.immuni.2019.05.007	0	auth_asym_id	F	E	C	protein	N.A.	N.A.	N.A.	N.A.
6nb3	30712865	10.1016/j.cell.2018.12.028	0	auth_asym_id	D	E	A	protein	N.A.	N.A.	N.A.	N.A.
6nb3	30712865	10.1016/j.cell.2018.12.028	0	auth_asym_id	H	L	C	protein	N.A.	N.A.	N.A.	N.A.
6nb4	30712865	10.1016/j.cell.2018.12.028	0	auth_asym_id	H	L	A	protein	N.A.	N.A.	N.A.	N.A.
6nb6	30712865	10.1016/j.cell.2018.12.028	0	auth_asym_id	H	L	A;C	protein;protein	0.059	BLI	303	N.A.
6nb6	30712865	10.1016/j.cell.2018.12.028	0	auth_asym_id	I	M	B	protein	0.059	BLI	303	N.A.
6nb7	30712865	10.1016/j.cell.2018.12.028	0	auth_asym_id	H	L	A	protein	0.059	BLI	303	N.A.
6nb7	30712865	10.1016/j.cell.2018.12.028	0	auth_asym_id	D	E	B	protein	0.059	BLI	303	N.A.
6nb7	30712865	10.1016/j.cell.2018.12.028	0	auth_asym_id	G	I	C	protein	0.059	BLI	303	N.A.
6nf2	31348886	10.1016/j.cell.2019.06.030	0	auth_asym_id	J	K	A	protein	N.A.	N.A.	N.A.	N.A.
6nf2	31348886	10.1016/j.cell.2019.06.030	0	auth_asym_id	E	F	G	protein	N.A.	N.A.	N.A.	N.A.
6nf2	31348886	10.1016/j.cell.2019.06.030	0	auth_asym_id	S	T	Q	protein	N.A.	N.A.	N.A.	N.A.
6nf2	31348886	10.1016/j.cell.2019.06.030	0	auth_asym_id	N	M	A	protein	N.A.	N.A.	N.A.	N.A.
6nf2	31348886	10.1016/j.cell.2019.06.030	0	auth_asym_id	C	D	G	protein	N.A.	N.A.	N.A.	N.A.
6nf2	31348886	10.1016/j.cell.2019.06.030	0	auth_asym_id	V	U	Q	protein	N.A.	N.A.	N.A.	N.A.
6nf2	31348886	10.1016/j.cell.2019.06.030	0	auth_asym_id	O	P	A;I	protein;protein	3.48	SPR	298	N.A.
6nf2	31348886	10.1016/j.cell.2019.06.030	0	auth_asym_id	H	L	G;B	protein;protein	3.48	SPR	298	N.A.
6nf2	31348886	10.1016/j.cell.2019.06.030	0	auth_asym_id	W	X	Q;R	protein;protein	3.48	SPR	298	N.A.
6nf5	31672916	10.1126/science.aax4380	0	auth_asym_id	H	L	A	protein	N.A.	N.A.	N.A.	N.A.
6nf5	31672916	10.1126/science.aax4380	0	auth_asym_id	E	F	C	protein	N.A.	N.A.	N.A.	N.A.
6nf5	31672916	10.1126/science.aax4380	0	auth_asym_id	O	P	J	protein	N.A.	N.A.	N.A.	N.A.
6nf5	31672916	10.1126/science.aax4380	0	auth_asym_id	G	I	A;D	protein;protein	N.A.	N.A.	N.A.	N.A.
6nf5	31672916	10.1126/science.aax4380	0	auth_asym_id	Q	R	C;M	protein;protein	N.A.	N.A.	N.A.	N.A.
6nf5	31672916	10.1126/science.aax4380	0	auth_asym_id	K	N	J;B	protein;protein	N.A.	N.A.	N.A.	N.A.
6nfc	31672916	10.1126/science.aax4380	0	auth_asym_id	H	L	A	protein	N.A.	N.A.	N.A.	N.A.
6nfc	31672916	10.1126/science.aax4380	0	auth_asym_id	K	N	B	protein	N.A.	N.A.	N.A.	N.A.
6nfc	31672916	10.1126/science.aax4380	0	auth_asym_id	J	M	G	protein	N.A.	N.A.	N.A.	N.A.
6nfc	31672916	10.1126/science.aax4380	0	auth_asym_id	C	D	G;I	protein;protein	N.A.	N.A.	N.A.	N.A.
6nfj	30944224	10.1073/pnas.1822055116	0	auth_asym_id	B	N.A.	A	protein	N.A.	N.A.	N.A.	N.A.
6nfj	30944224	10.1073/pnas.1822055116	0	auth_asym_id	E	N.A.	D	protein	N.A.	N.A.	N.A.	N.A.
6nfu	31387976	10.1073/pnas.1901888116	0	auth_asym_id	A	B	C	protein	N.A.	N.A.	N.A.	N.A.
6nfv	31387976	10.1073/pnas.1901888116	0	auth_asym_id	A	B	C	protein	N.A.	N.A.	N.A.	N.A.
6ni2	31740855	10.1038/s41594-019-0330-y	0	auth_asym_id	A	N.A.	B	protein	N.A.	N.A.	N.A.	N.A.
6ni2	31740855	10.1038/s41594-019-0330-y	0	auth_asym_id	H	L	B	protein	N.A.	N.A.	N.A.	N.A.
6nip	32015557	10.1038/s41591-019-0746-2	0	auth_asym_id	A	B	E	protein	N.A.	N.A.	N.A.	N.A.
6nip	32015557	10.1038/s41591-019-0746-2	0	auth_asym_id	H	L	Z	protein	N.A.	N.A.	N.A.	N.A.
6niu	32015557	10.1038/s41591-019-0746-2	0	auth_asym_id	I	J	A	protein	4.8	BLI	N.A.	N.A.
6niu	32015557	10.1038/s41591-019-0746-2	0	auth_asym_id	F	G	B	protein	4.8	BLI	N.A.	N.A.
6niu	32015557	10.1038/s41591-019-0746-2	0	auth_asym_id	M	N	E	protein	4.8	BLI	N.A.	N.A.
6niu	32015557	10.1038/s41591-019-0746-2	0	auth_asym_id	H	L	Z	protein	4.8	BLI	N.A.	N.A.
6njl	30975770	10.1126/science.aaw8250	0	auth_asym_id	L	N.A.	A	protein	N.A.	N.A.	N.A.	N.A.
6njl	30975770	10.1126/science.aaw8250	0	auth_asym_id	I	N.A.	C	protein	N.A.	N.A.	N.A.	N.A.
6njl	30975770	10.1126/science.aaw8250	0	auth_asym_id	N	M	B	protein	N.A.	N.A.	N.A.	N.A.
6njl	30975770	10.1126/science.aaw8250	0	auth_asym_id	K	J	D	protein	N.A.	N.A.	N.A.	N.A.
6njm	30975770	10.1126/science.aaw8250	0	auth_asym_id	L	K	B	protein	N.A.	N.A.	N.A.	N.A.
6njm	30975770	10.1126/science.aaw8250	0	auth_asym_id	P	O	D	protein	N.A.	N.A.	N.A.	N.A.
6njn	30975770	10.1126/science.aaw8250	0	auth_asym_id	I	N.A.	A	protein	N.A.	N.A.	N.A.	N.A.
6njn	30975770	10.1126/science.aaw8250	0	auth_asym_id	K	J	B	protein	N.A.	N.A.	N.A.	N.A.
6njn	30975770	10.1126/science.aaw8250	0	auth_asym_id	O	N	D	protein	N.A.	N.A.	N.A.	N.A.
6nm6	30760721	10.1038/s41467-019-08658-4	0	auth_asym_id	D	E	B;G	protein;protein	N.A.	N.A.	N.A.	N.A.
6nm6	30760721	10.1038/s41467-019-08658-4	0	auth_asym_id	H	L	G	protein	N.A.	N.A.	N.A.	N.A.
6nm6	30760721	10.1038/s41467-019-08658-4	0	auth_asym_id	U	V	G	protein	N.A.	N.A.	N.A.	N.A.
6nmr	31257988	10.1080/19420862.2019.1624123	0	auth_asym_id	A	B	E	protein	0.183	SPR	N.A.	important KD data paper
6nmr	31257988	10.1080/19420862.2019.1624123	0	auth_asym_id	F	G	I	protein	0.183	SPR	N.A.	important KD data paper
6nmr	31257988	10.1080/19420862.2019.1624123	0	auth_asym_id	J	K	M	protein	0.183	SPR	N.A.	important KD data paper
6nmr	31257988	10.1080/19420862.2019.1624123	0	auth_asym_id	H	L	S	protein	0.183	SPR	N.A.	important KD data paper
6nms	31257988	10.1080/19420862.2019.1624123	0	auth_asym_id	B	A	C	protein	0.458	SPR	N.A.	N.A.
6nms	31257988	10.1080/19420862.2019.1624123	0	auth_asym_id	H	L	S	protein	0.458	SPR	N.A.	N.A.
6nmt	31257988	10.1080/19420862.2019.1624123	0	auth_asym_id	B	A	C	protein	0.162	SPR	N.A.	N.A.
6nmu	31257988	10.1080/19420862.2019.1624123	0	auth_asym_id	B	A	C	protein	0.426	SPR	N.A.	N.A.
6nmu	31257988	10.1080/19420862.2019.1624123	0	auth_asym_id	H	L	S	protein	0.426	SPR	N.A.	N.A.
6nmv	31257988	10.1080/19420862.2019.1624123	0	auth_asym_id	H	L	S	protein	0.123	SPR	N.A.	N.A.
6nn3	30787153	10.1128/JVI.01732-18	0	auth_asym_id	H	L	A	protein	N.A.	N.A.	N.A.	N.A.
6nnf	30760721	10.1038/s41467-019-08658-4	0	auth_asym_id	D	E	B	protein	N.A.	N.A.	N.A.	N.A.
6nnf	30760721	10.1038/s41467-019-08658-4	0	auth_asym_id	H	L	G	protein	N.A.	N.A.	N.A.	N.A.
6nnf	30760721	10.1038/s41467-019-08658-4	0	auth_asym_id	U	V	G	protein	N.A.	N.A.	N.A.	N.A.
6nnj	30760721	10.1038/s41467-019-08658-4	0	auth_asym_id	D	E	B;G	protein;protein	N.A.	N.A.	N.A.	N.A.
6nnj	30760721	10.1038/s41467-019-08658-4	0	auth_asym_id	H	L	G	protein	N.A.	N.A.	N.A.	N.A.
6nnj	30760721	10.1038/s41467-019-08658-4	0	auth_asym_id	U	V	G	protein	N.A.	N.A.	N.A.	N.A.
6nyq	N.A.	N.A.	0	auth_asym_id	H	L	C	protein	N.A.	N.A.	N.A.	N.A.
6o39	30894493	10.1073/pnas.1817246116	0	auth_asym_id	B	A	C	protein	1.7	BLI	298	N.A.
6o3a	30894493	10.1073/pnas.1817246116	0	auth_asym_id	B	A	E	protein	5.2	BLI	298	N.A.
6o3b	30894493	10.1073/pnas.1817246116	0	auth_asym_id	B	A	C	protein	4.5	BLI	298	N.A.
6o3b	30894493	10.1073/pnas.1817246116	0	auth_asym_id	G	E	H	protein	4.5	BLI	298	N.A.
6o3c	31263273	10.1038/s41586-019-1355-4	0	auth_asym_id	B	N.A.	A	protein	117	SPR	298	N.A.
6o3g	31772165	10.1038/s41467-019-12973-1	0	auth_asym_id	E	F	G	peptide	9.9	BLI	N.A.	N.A.
6o3g	31772165	10.1038/s41467-019-12973-1	0	auth_asym_id	A	B	I	peptide	9.9	BLI	N.A.	N.A.
6o3g	31772165	10.1038/s41467-019-12973-1	0	auth_asym_id	C	D	Q	peptide	9.9	BLI	N.A.	N.A.
6o3g	31772165	10.1038/s41467-019-12973-1	0	auth_asym_id	H	L	S	peptide	9.9	BLI	N.A.	N.A.
6o3j	31772165	10.1038/s41467-019-12973-1	0	auth_asym_id	H	L	G	peptide	9.9	BLI	N.A.	N.A.
6o3j	31772165	10.1038/s41467-019-12973-1	0	auth_asym_id	A	B	I	peptide	9.9	BLI	N.A.	N.A.
6o3l	31772165	10.1038/s41467-019-12973-1	0	auth_asym_id	H	L	D	peptide	7.5	BLI	N.A.	N.A.
6o3l	31772165	10.1038/s41467-019-12973-1	0	auth_asym_id	A	B	E	peptide	7.5	BLI	N.A.	N.A.
6o42	31772165	10.1038/s41467-019-12973-1	0	auth_asym_id	H	L	G	peptide	64.4	BLI	N.A.	N.A.
6o42	31772165	10.1038/s41467-019-12973-1	0	auth_asym_id	B	A	I	peptide	64.4	BLI	N.A.	N.A.
6o8d	N.A.	N.A.	0	auth_asym_id	H	L	C	protein	N.A.	N.A.	N.A.	N.A.
6o9h	31905038	10.1080/19420862.2019.1710047	0	auth_asym_id	A	B	C	protein	0.144	kinetic exclusion assay	N.A.	N.A.
6o9h	31905038	10.1080/19420862.2019.1710047	0	auth_asym_id	H	L	D	protein	0.144	kinetic exclusion assay	N.A.	N.A.
6o9i	31905038	10.1080/19420862.2019.1710047	0	auth_asym_id	A	B	C	protein	0.144	kinetic exclusion assay	N.A.	N.A.
6o9i	31905038	10.1080/19420862.2019.1710047	0	auth_asym_id	D	E	C	protein	0.068	kinetic exclusion assay	N.A.	N.A.
6oan	31133752	10.1038/s41564-019-0461-2	0	auth_asym_id	B	N.A.	A	protein	3.4	BLI	298	N.A.
6oan	31133752	10.1038/s41564-019-0461-2	0	auth_asym_id	D	N.A.	C	protein	3.4	BLI	298	N.A.
6oao	31133752	10.1038/s41564-019-0461-2	0	auth_asym_id	B	N.A.	A	protein	4.02	BLI	298	N.A.
6oao	31133752	10.1038/s41564-019-0461-2	0	auth_asym_id	F	N.A.	A;E	protein;protein	4.02	BLI	298	N.A.
6oao	31133752	10.1038/s41564-019-0461-2	0	auth_asym_id	D	N.A.	C	protein	4.02	BLI	298	N.A.
6oao	31133752	10.1038/s41564-019-0461-2	0	auth_asym_id	H	N.A.	G;I	protein;protein	4.02	BLI	298	N.A.
6oao	31133752	10.1038/s41564-019-0461-2	0	auth_asym_id	J	N.A.	I	protein	4.02	BLI	298	N.A.
6oao	31133752	10.1038/s41564-019-0461-2	0	auth_asym_id	L	N.A.	K	protein	4.02	BLI	298	N.A.
6obc	31931008	10.1016/j.jmb.2020.01.006	0	auth_asym_id	B	N.A.	A	protein	0.31	SPR	N.A.	important KD data paper
6obe	31931008	10.1016/j.jmb.2020.01.006	0	auth_asym_id	B	N.A.	A	protein	4.01	SPR	N.A.	N.A.
6obg	31931008	10.1016/j.jmb.2020.01.006	0	auth_asym_id	C	N.A.	A	protein	0.42	SPR	N.A.	N.A.
6obg	31931008	10.1016/j.jmb.2020.01.006	0	auth_asym_id	D	N.A.	A;B	protein;protein	0.42	SPR	N.A.	N.A.
6obm	31931008	10.1016/j.jmb.2020.01.006	0	auth_asym_id	B	N.A.	A	protein	4.2	SPR	N.A.	N.A.
6obo	31931008	10.1016/j.jmb.2020.01.006	0	auth_asym_id	C	N.A.	A	protein	10.9	SPR	N.A.	N.A.
6obo	31931008	10.1016/j.jmb.2020.01.006	0	auth_asym_id	D	N.A.	B	protein	10.9	SPR	N.A.	N.A.
6oc3	31100268	10.1016/j.cell.2019.04.011	0	auth_asym_id	C	D	E	protein	2	BLI	N.A.	N.A.
6oc3	31100268	10.1016/j.cell.2019.04.011	0	auth_asym_id	A	B	E;F	protein;protein	2	BLI	N.A.	N.A.
6oca	31931008	10.1016/j.jmb.2020.01.006	0	auth_asym_id	C	N.A.	A	protein	0.28	SPR	N.A.	N.A.
6oca	31931008	10.1016/j.jmb.2020.01.006	0	auth_asym_id	D	N.A.	B	protein	0.28	SPR	N.A.	N.A.
6ocb	31100268	10.1016/j.cell.2019.04.011	0	auth_asym_id	H	L	A	protein	1	BLI	N.A.	N.A.
6ocd	31931008	10.1016/j.jmb.2020.01.006	0	auth_asym_id	B	N.A.	A	protein	9.51	SPR	N.A.	N.A.
6ocd	31931008	10.1016/j.jmb.2020.01.006	0	auth_asym_id	D	N.A.	C	protein	9.51	SPR	N.A.	N.A.
6oe4	31068578	10.1038/s41467-019-09807-5	0	auth_asym_id	B	C	A	protein	0.19	SPR	N.A.	N.A.
6oe4	31068578	10.1038/s41467-019-09807-5	0	auth_asym_id	E	F	D	protein	0.19	SPR	N.A.	N.A.
6oe5	31068578	10.1038/s41467-019-09807-5	0	auth_asym_id	B	C	A	protein	N.A.	N.A.	N.A.	N.A.
6oe5	31068578	10.1038/s41467-019-09807-5	0	auth_asym_id	H	L	A	protein	0.19	SPR	N.A.	N.A.
6oej	32605979	10.1128/mBio.00208-20	0	auth_asym_id	B	C	A	protein	0.25	SPR	298	N.A.
6oej	32605979	10.1128/mBio.00208-20	0	auth_asym_id	H	L	G	protein	0.25	SPR	298	N.A.
6ofi	32605979	10.1128/mBio.00208-20	0	auth_asym_id	H	L	G	protein	1.9	SPR	298	N.A.
6oge	31042744	10.1371/journal.pone.0216095	0	auth_asym_id	C	B	A	protein	N.A.	N.A.	N.A.	N.A.
6oge	31042744	10.1371/journal.pone.0216095	0	auth_asym_id	E	D	A	protein	N.A.	N.A.	N.A.	N.A.
6ogx	31156033	10.1080/19420862.2019.1625662	0	auth_asym_id	C	D	G	protein	0.45	SPR	N.A.	N.A.
6ogx	31156033	10.1080/19420862.2019.1625662	0	auth_asym_id	H	L	G	protein	2.5	SPR	N.A.	N.A.
6ohg	32709983	10.1038/s42003-020-01123-9	0	auth_asym_id	C	B	A	protein	23.83	ITC	298	N.A.
6okm	31156033	10.1080/19420862.2019.1625662	0	auth_asym_id	H	L	R	protein	2.5	SPR	N.A.	N.A.
6okn	31156033	10.1080/19420862.2019.1625662	0	auth_asym_id	C	D	E	protein	0.45	SPR	N.A.	N.A.
6okn	31156033	10.1080/19420862.2019.1625662	0	auth_asym_id	A	B	R	protein	0.45	SPR	N.A.	N.A.
6okp	31126879	10.1016/j.immuni.2019.04.014	0	auth_asym_id	O	P	E	protein	N.A.	N.A.	N.A.	N.A.
6okp	31126879	10.1016/j.immuni.2019.04.014	0	auth_asym_id	Q	R	F	protein	N.A.	N.A.	N.A.	N.A.
6okp	31126879	10.1016/j.immuni.2019.04.014	0	auth_asym_id	K	L	E	protein	N.A.	N.A.	N.A.	N.A.
6oor	31296659	10.1074/jbc.RA119.009403	0	auth_asym_id	H	L	A	protein	12.4	SPR	298	N.A.
6opa	32518821	10.1126/sciadv.aba0468	0	auth_asym_id	F	I	B	protein	N.A.	N.A.	N.A.	N.A.
6opa	32518821	10.1126/sciadv.aba0468	0	auth_asym_id	K	J	G	protein	N.A.	N.A.	N.A.	N.A.
6opa	32518821	10.1126/sciadv.aba0468	0	auth_asym_id	S	R	G	protein	N.A.	N.A.	N.A.	N.A.
6opo	33238117	10.1016/j.celrep.2020.108428	0	auth_asym_id	H	L	A	protein	N.A.	N.A.	N.A.	N.A.
6opo	33238117	10.1016/j.celrep.2020.108428	0	auth_asym_id	I	E	D	protein	N.A.	N.A.	N.A.	N.A.
6opo	33238117	10.1016/j.celrep.2020.108428	0	auth_asym_id	O	K	J	protein	N.A.	N.A.	N.A.	N.A.
6opp	33238117	10.1016/j.celrep.2020.108428	0	auth_asym_id	H	L	A	protein	N.A.	N.A.	N.A.	N.A.
6opp	33238117	10.1016/j.celrep.2020.108428	0	auth_asym_id	G	I	D	protein	N.A.	N.A.	N.A.	N.A.
6opp	33238117	10.1016/j.celrep.2020.108428	0	auth_asym_id	N	O	J	protein	N.A.	N.A.	N.A.	N.A.
6opq	33238117	10.1016/j.celrep.2020.108428	0	auth_asym_id	H	L	A	protein	N.A.	N.A.	N.A.	N.A.
6opq	33238117	10.1016/j.celrep.2020.108428	0	auth_asym_id	K	N	D	protein	N.A.	N.A.	N.A.	N.A.
6opq	33238117	10.1016/j.celrep.2020.108428	0	auth_asym_id	M	O	E	protein	N.A.	N.A.	N.A.	N.A.
6oq5	31308519	10.1038/s41594-019-0268-0	0	auth_asym_id	D	N.A.	A	protein	N.A.	N.A.	N.A.	N.A.
6oq5	31308519	10.1038/s41594-019-0268-0	0	auth_asym_id	F	N.A.	A	protein	N.A.	N.A.	N.A.	N.A.
6oq6	31308519	10.1038/s41594-019-0268-0	0	auth_asym_id	D	N.A.	A	protein	N.A.	N.A.	N.A.	N.A.
6oq8	31308519	10.1038/s41594-019-0268-0	0	auth_asym_id	D	N.A.	A	protein	N.A.	N.A.	N.A.	N.A.
6oq8	31308519	10.1038/s41594-019-0268-0	0	auth_asym_id	C	N.A.	B	protein	N.A.	N.A.	N.A.	N.A.
6orn	31142836	10.1038/s41586-019-1250-z	0	auth_asym_id	A	B	G	protein	N.A.	N.A.	N.A.	N.A.
6orn	31142836	10.1038/s41586-019-1250-z	0	auth_asym_id	F	I	K	protein	N.A.	N.A.	N.A.	N.A.
6orn	31142836	10.1038/s41586-019-1250-z	0	auth_asym_id	O	P	R	protein	N.A.	N.A.	N.A.	N.A.
6oro	31142836	10.1038/s41586-019-1250-z	0	auth_asym_id	D	E	B	protein	630	SPR	303	N.A.
6oro	31142836	10.1038/s41586-019-1250-z	0	auth_asym_id	H	L	G	protein	630	SPR	303	N.A.
6oro	31142836	10.1038/s41586-019-1250-z	0	auth_asym_id	J	K	I	protein	630	SPR	303	N.A.
6orp	31142836	10.1038/s41586-019-1250-z	0	auth_asym_id	D	E	B	protein	400	SPR	303	N.A.
6orp	31142836	10.1038/s41586-019-1250-z	0	auth_asym_id	H	L	G	protein	400	SPR	303	N.A.
6orp	31142836	10.1038/s41586-019-1250-z	0	auth_asym_id	J	K	I	protein	400	SPR	303	N.A.
6orq	31142836	10.1038/s41586-019-1250-z	0	auth_asym_id	D	E	B	protein	30	SPR	303	N.A.
6orq	31142836	10.1038/s41586-019-1250-z	0	auth_asym_id	H	L	G	protein	30	SPR	303	N.A.
6orq	31142836	10.1038/s41586-019-1250-z	0	auth_asym_id	J	K	I	protein	30	SPR	303	N.A.
6os0	32079768	10.1126/science.aay9813	0	auth_asym_id	D	N.A.	A	protein	N.A.	N.A.	N.A.	Ab as stabilizer
6os1	32079768	10.1126/science.aay9813	0	auth_asym_id	D	N.A.	A	protein	N.A.	N.A.	N.A.	Ab as stabilizer
6os2	32079768	10.1126/science.aay9813	0	auth_asym_id	D	N.A.	A	protein	N.A.	N.A.	N.A.	Ab as stabilizer
6osh	32193207	10.1074/jbc.RA120.012791	0	auth_asym_id	H	L	K	protein	7	SPR	N.A.	N.A.
6osv	32193207	10.1074/jbc.RA120.012791	0	auth_asym_id	H	L	K	protein	3.8	SPR	N.A.	N.A.
6osy	31348886	10.1016/j.cell.2019.06.030	0	auth_asym_id	5	6	2	protein	N.A.	N.A.	N.A.	N.A.
6osy	31348886	10.1016/j.cell.2019.06.030	0	auth_asym_id	C	D	B	protein	N.A.	N.A.	N.A.	N.A.
6osy	31348886	10.1016/j.cell.2019.06.030	0	auth_asym_id	M	N	K	protein	N.A.	N.A.	N.A.	N.A.
6osy	31348886	10.1016/j.cell.2019.06.030	0	auth_asym_id	H	L	2;A	protein;protein	1.25	SPR	298	N.A.
6osy	31348886	10.1016/j.cell.2019.06.030	0	auth_asym_id	I	J	B;G	protein;protein	1.25	SPR	298	N.A.
6osy	31348886	10.1016/j.cell.2019.06.030	0	auth_asym_id	R	S	K;Q	protein;protein	1.25	SPR	298	N.A.
6osy	31348886	10.1016/j.cell.2019.06.030	0	auth_asym_id	8	7	2	protein	N.A.	N.A.	N.A.	N.A.
6osy	31348886	10.1016/j.cell.2019.06.030	0	auth_asym_id	F	E	B	protein	N.A.	N.A.	N.A.	N.A.
6osy	31348886	10.1016/j.cell.2019.06.030	0	auth_asym_id	P	O	K	protein	N.A.	N.A.	N.A.	N.A.
6ot1	31348886	10.1016/j.cell.2019.06.030	0	auth_asym_id	H	L	B;D	protein;protein	N.A.	N.A.	N.A.	N.A.
6ot1	31348886	10.1016/j.cell.2019.06.030	0	auth_asym_id	A	C	B;O	protein;protein	N.A.	N.A.	N.A.	N.A.
6ot1	31348886	10.1016/j.cell.2019.06.030	0	auth_asym_id	M	N	D;O	protein;protein	N.A.	N.A.	N.A.	N.A.
6ot1	31348886	10.1016/j.cell.2019.06.030	0	auth_asym_id	F	I	E	protein	N.A.	N.A.	N.A.	N.A.
6ot1	31348886	10.1016/j.cell.2019.06.030	0	auth_asym_id	m	n	G	protein	N.A.	N.A.	N.A.	N.A.
6ot1	31348886	10.1016/j.cell.2019.06.030	0	auth_asym_id	Q	R	P	protein	N.A.	N.A.	N.A.	N.A.
6ot1	31348886	10.1016/j.cell.2019.06.030	0	auth_asym_id	J	K	E	protein	2.72	SPR	298	N.A.
6ot1	31348886	10.1016/j.cell.2019.06.030	0	auth_asym_id	q	r	G	protein	2.72	SPR	298	N.A.
6ot1	31348886	10.1016/j.cell.2019.06.030	0	auth_asym_id	S	T	P	protein	2.72	SPR	298	N.A.
6otc	31120240	10.1021/acsinfecdis.9b00091	0	auth_asym_id	H	L	A	protein	4.9	ITC	N.A.	N.A.
6oy4	31554696	10.4049/jimmunol.1900580	0	auth_asym_id	D	C	A	protein	N.A.	N.A.	N.A.	N.A.
6oyh	31266949	10.1038/s41467-019-10957-9	0	auth_asym_id	E	N.A.	A	protein	N.A.	N.A.	N.A.	N.A.
6oyh	31266949	10.1038/s41467-019-10957-9	0	auth_asym_id	F	N.A.	B	protein	N.A.	N.A.	N.A.	N.A.
6oyh	31266949	10.1038/s41467-019-10957-9	0	auth_asym_id	G	N.A.	C	protein	N.A.	N.A.	N.A.	N.A.
6oyh	31266949	10.1038/s41467-019-10957-9	0	auth_asym_id	H	N.A.	D	protein	N.A.	N.A.	N.A.	N.A.
6oyz	31266949	10.1038/s41467-019-10957-9	0	auth_asym_id	E	N.A.	A	protein	N.A.	N.A.	N.A.	N.A.
6oyz	31266949	10.1038/s41467-019-10957-9	0	auth_asym_id	F	N.A.	B	protein	N.A.	N.A.	N.A.	N.A.
6oyz	31266949	10.1038/s41467-019-10957-9	0	auth_asym_id	G	N.A.	C	protein	N.A.	N.A.	N.A.	N.A.
6oyz	31266949	10.1038/s41467-019-10957-9	0	auth_asym_id	H	N.A.	D	protein	N.A.	N.A.	N.A.	N.A.
6oz2	34281393	10.1128/mBio.01274-21	0	auth_asym_id	H	L	G	protein	N.A.	N.A.	N.A.	N.A.
6oz3	N.A.	N.A.	0	auth_asym_id	H	L	G	protein	N.A.	N.A.	N.A.	N.A.
6oz4	34281393	10.1128/mBio.01274-21	0	auth_asym_id	H	L	G	protein	N.A.	N.A.	N.A.	N.A.
6oz6	31266949	10.1038/s41467-019-10957-9	0	auth_asym_id	E	N.A.	A	protein	N.A.	N.A.	N.A.	N.A.
6oz6	31266949	10.1038/s41467-019-10957-9	0	auth_asym_id	F	N.A.	B	protein	N.A.	N.A.	N.A.	N.A.
6oz6	31266949	10.1038/s41467-019-10957-9	0	auth_asym_id	G	N.A.	C	protein	N.A.	N.A.	N.A.	N.A.
6oz6	31266949	10.1038/s41467-019-10957-9	0	auth_asym_id	H	N.A.	D	protein	N.A.	N.A.	N.A.	N.A.
6oz9	32023489	10.1016/j.immuni.2020.01.001	0	auth_asym_id	H	L	A;B	protein;protein	2.12	BLI	N.A.	N.A.
6p3r	N.A.	N.A.	0	auth_asym_id	C	D	E	protein	N.A.	N.A.	N.A.	N.A.
6p3r	N.A.	N.A.	0	auth_asym_id	A	B	L	protein	N.A.	N.A.	N.A.	N.A.
6p3s	N.A.	N.A.	0	auth_asym_id	C	D	E	protein	N.A.	N.A.	N.A.	N.A.
6p3s	N.A.	N.A.	0	auth_asym_id	F	G	H;O	protein;protein	N.A.	N.A.	N.A.	N.A.
6p3s	N.A.	N.A.	0	auth_asym_id	I	J	K	protein	N.A.	N.A.	N.A.	N.A.
6p3s	N.A.	N.A.	0	auth_asym_id	A	B	L	protein	N.A.	N.A.	N.A.	N.A.
6p3s	N.A.	N.A.	0	auth_asym_id	M	N	O	protein	N.A.	N.A.	N.A.	N.A.
6p3s	N.A.	N.A.	0	auth_asym_id	P	Q	R	protein	N.A.	N.A.	N.A.	N.A.
6p3s	N.A.	N.A.	0	auth_asym_id	S	T	U	protein	N.A.	N.A.	N.A.	N.A.
6p3s	N.A.	N.A.	0	auth_asym_id	V	W	X	protein	N.A.	N.A.	N.A.	N.A.
6p4a	32855302	10.1073/pnas.2005102117	0	auth_asym_id	H	L	C	protein	0.736	BLI	298	important KD data paper
6p4b	32855302	10.1073/pnas.2005102117	0	auth_asym_id	H	L	C	protein	0.976	BLI	298	N.A.
6p4b	32855302	10.1073/pnas.2005102117	0	auth_asym_id	B	A	D	protein	0.976	BLI	298	N.A.
6p50	31439943	10.1038/s41375-019-0531-8	0	auth_asym_id	H	L	C	protein	1	SPR	N.A.	N.A.
6p62	31732167	10.1016/j.immuni.2019.10.008	0	auth_asym_id	H	L	A	protein	N.A.	N.A.	N.A.	N.A.
6p62	31732167	10.1016/j.immuni.2019.10.008	0	auth_asym_id	C	D	B	protein	N.A.	N.A.	N.A.	N.A.
6p62	31732167	10.1016/j.immuni.2019.10.008	0	auth_asym_id	F	G	E	protein	N.A.	N.A.	N.A.	N.A.
6p65	31732167	10.1016/j.immuni.2019.10.008	0	auth_asym_id	H	L	A;B	protein;protein	N.A.	N.A.	N.A.	N.A.
6p65	31732167	10.1016/j.immuni.2019.10.008	0	auth_asym_id	F	G	A;E	protein;protein	N.A.	N.A.	N.A.	N.A.
6p65	31732167	10.1016/j.immuni.2019.10.008	0	auth_asym_id	C	D	B;E	protein;protein	N.A.	N.A.	N.A.	N.A.
6p67	31439943	10.1038/s41375-019-0531-8	0	auth_asym_id	C	D	J	protein	8.7	SPR	N.A.	N.A.
6p67	31439943	10.1038/s41375-019-0531-8	0	auth_asym_id	A	B	K	protein	8.7	SPR	N.A.	N.A.
6p8m	31801073	10.1016/j.celrep.2019.10.071	0	auth_asym_id	H	L	C	protein	113	BLI	N.A.	N.A.
6p8n	31801073	10.1016/j.celrep.2019.10.071	0	auth_asym_id	B	D	A;C	protein;protein	0.502	BLI	N.A.	N.A.
6p8n	31801073	10.1016/j.celrep.2019.10.071	0	auth_asym_id	H	L	C	protein	0.502	BLI	N.A.	N.A.
6p9h	31641091	10.1128/mBio.02473-19	0	auth_asym_id	H	L	A	protein	N.A.	N.A.	N.A.	N.A.
6p9h	31641091	10.1128/mBio.02473-19	0	auth_asym_id	C	D	B	protein	N.A.	N.A.	N.A.	N.A.
6pa0	31387976	10.1073/pnas.1901888116	0	auth_asym_id	A	B	C	protein	N.A.	N.A.	N.A.	N.A.
6pci	32023489	10.1016/j.immuni.2020.01.001	0	auth_asym_id	H	K	A	protein	0.041	BLI	N.A.	N.A.
6pci	32023489	10.1016/j.immuni.2020.01.001	0	auth_asym_id	I	L	B	protein	0.041	BLI	N.A.	N.A.
6pci	32023489	10.1016/j.immuni.2020.01.001	0	auth_asym_id	J	M	C	protein	0.041	BLI	N.A.	N.A.
6pci	32023489	10.1016/j.immuni.2020.01.001	0	auth_asym_id	N	Q	A;D	protein;protein	2.12	BLI	N.A.	N.A.
6pci	32023489	10.1016/j.immuni.2020.01.001	0	auth_asym_id	O	R	B;E	protein;protein	2.12	BLI	N.A.	N.A.
6pci	32023489	10.1016/j.immuni.2020.01.001	0	auth_asym_id	P	S	C;F	protein;protein	2.12	BLI	N.A.	N.A.
6pcu	31403468	10.1172/JCI128382	0	auth_asym_id	B	N.A.	A;D	protein;protein	N.A.	N.A.	N.A.	N.A.
6pcu	31403468	10.1172/JCI128382	0	auth_asym_id	E	N.A.	A;D	protein;protein	N.A.	N.A.	N.A.	N.A.
6pcu	31403468	10.1172/JCI128382	0	auth_asym_id	H	N.A.	G	protein	N.A.	N.A.	N.A.	N.A.
6pdx	31826999	10.1128/JVI.01035-19	0	auth_asym_id	H	L	A	protein	0.00974	BLI	298	N.A.
6pdx	31826999	10.1128/JVI.01035-19	0	auth_asym_id	M	N	B	protein	0.00974	BLI	298	N.A.
6pdx	31826999	10.1128/JVI.01035-19	0	auth_asym_id	O	P	C	protein	0.00974	BLI	298	N.A.
6pe8	31382872	10.1186/s12860-019-0213-4	0	auth_asym_id	H	L	T	protein	N.A.	N.A.	N.A.	N.A.
6pe8	31382872	10.1186/s12860-019-0213-4	0	auth_asym_id	A	B	U	protein	N.A.	N.A.	N.A.	N.A.
6pe9	31382872	10.1186/s12860-019-0213-4	0	auth_asym_id	C	D	G	protein	N.A.	N.A.	N.A.	N.A.
6pe9	31382872	10.1186/s12860-019-0213-4	0	auth_asym_id	K	M	J	protein	N.A.	N.A.	N.A.	N.A.
6pe9	31382872	10.1186/s12860-019-0213-4	0	auth_asym_id	E	F	U	protein	N.A.	N.A.	N.A.	N.A.
6pe9	31382872	10.1186/s12860-019-0213-4	0	auth_asym_id	H	L	V	protein	N.A.	N.A.	N.A.	N.A.
6phb	31551421	10.1038/s41467-019-11980-6	0	auth_asym_id	B	A	E;I	protein;protein	19.2	BLI	298	important KD data paper
6phb	31551421	10.1038/s41467-019-11980-6	0	auth_asym_id	D	C	E;I	protein;protein	19.2	BLI	298	important KD data paper
6phc	31551421	10.1038/s41467-019-11980-6	0	auth_asym_id	C	D	E	protein	4.6	BLI	298	N.A.
6phc	31551421	10.1038/s41467-019-11980-6	0	auth_asym_id	A	B	I	protein	4.6	BLI	298	N.A.
6phd	31551421	10.1038/s41467-019-11980-6	0	auth_asym_id	H	L	C	protein	2.5	BLI	298	N.A.
6phf	31551421	10.1038/s41467-019-11980-6	0	auth_asym_id	C	D	E	protein	4.6	BLI	298	N.A.
6phf	31551421	10.1038/s41467-019-11980-6	0	auth_asym_id	A	B	G	protein	4.6	BLI	298	N.A.
6pi7	31288074	10.1016/j.ymeth.2019.07.002	0	auth_asym_id	C	B	A	protein	N.A.	N.A.	N.A.	N.A.
6pi7	31288074	10.1016/j.ymeth.2019.07.002	0	auth_asym_id	F	E	D	protein	N.A.	N.A.	N.A.	N.A.
6pis	31674909	10.7554/eLife.50403	0	auth_asym_id	I	M	A;B	protein;protein	N.A.	N.A.	N.A.	N.A.
6pis	31674909	10.7554/eLife.50403	0	auth_asym_id	H	L	B	protein	N.A.	N.A.	N.A.	N.A.
6plk	31757867	10.1084/jem.20191792	0	auth_asym_id	H	L	E	protein	1.15	BLI	N.A.	KD = 2.24 nM at pH 5.5
6plk	31757867	10.1084/jem.20191792	0	auth_asym_id	I	M	F	protein	1.15	BLI	N.A.	KD = 2.24 nM at pH 5.5
6ppg	31779513	10.1080/19420862.2019.1692764	0	auth_asym_id	H	L	F	protein	N.A.	N.A.	N.A.	N.A.
6ppg	31779513	10.1080/19420862.2019.1692764	0	auth_asym_id	B	A	F;G	protein;protein	N.A.	N.A.	N.A.	N.A.
6pxh	31553909	10.1016/j.celrep.2019.08.052	0	auth_asym_id	C	D	A	protein	28	SPR	298	N.A.
6pxh	31553909	10.1016/j.celrep.2019.08.052	0	auth_asym_id	H	L	B	protein	28	SPR	298	N.A.
6pz8	31553909	10.1016/j.celrep.2019.08.052	0	auth_asym_id	H	L	B	protein	N.A.	N.A.	N.A.	N.A.
6pz8	31553909	10.1016/j.celrep.2019.08.052	0	auth_asym_id	D	K	F	protein	N.A.	N.A.	N.A.	N.A.
6pz8	31553909	10.1016/j.celrep.2019.08.052	0	auth_asym_id	C	G	J	protein	N.A.	N.A.	N.A.	N.A.
6pze	31757767	10.1016/j.chom.2019.10.002	0	auth_asym_id	H	L	A	protein	N.A.	N.A.	N.A.	N.A.
6pzf	31757767	10.1016/j.chom.2019.10.002	0	auth_asym_id	H	L	A	protein	N.A.	N.A.	N.A.	N.A.
6pzf	31757767	10.1016/j.chom.2019.10.002	0	auth_asym_id	F	E	B	protein	N.A.	N.A.	N.A.	N.A.
6pzw	31757767	10.1016/j.chom.2019.10.002	0	auth_asym_id	H	L	A;B	protein;protein	N.A.	N.A.	N.A.	N.A.
6pzw	31757767	10.1016/j.chom.2019.10.002	0	auth_asym_id	K	I	A;D	protein;protein	N.A.	N.A.	N.A.	N.A.
6pzw	31757767	10.1016/j.chom.2019.10.002	0	auth_asym_id	J	G	B;C	protein;protein	N.A.	N.A.	N.A.	N.A.
6pzw	31757767	10.1016/j.chom.2019.10.002	0	auth_asym_id	F	E	C;D	protein;protein	N.A.	N.A.	N.A.	N.A.
6pzy	31757767	10.1016/j.chom.2019.10.002	0	auth_asym_id	C	D	A	protein	N.A.	N.A.	N.A.	N.A.
6pzy	31757767	10.1016/j.chom.2019.10.002	0	auth_asym_id	G	J	B	protein	N.A.	N.A.	N.A.	N.A.
6pzy	31757767	10.1016/j.chom.2019.10.002	0	auth_asym_id	H	K	E	protein	N.A.	N.A.	N.A.	N.A.
6pzy	31757767	10.1016/j.chom.2019.10.002	0	auth_asym_id	I	L	F	protein	N.A.	N.A.	N.A.	N.A.
6pzz	31757767	10.1016/j.chom.2019.10.002	0	auth_asym_id	H	L	A	protein	N.A.	N.A.	N.A.	N.A.
6pzz	31757767	10.1016/j.chom.2019.10.002	0	auth_asym_id	F	E	B	protein	N.A.	N.A.	N.A.	N.A.
6pzz	31757767	10.1016/j.chom.2019.10.002	0	auth_asym_id	I	G	C	protein	N.A.	N.A.	N.A.	N.A.
6pzz	31757767	10.1016/j.chom.2019.10.002	0	auth_asym_id	K	J	D	protein	N.A.	N.A.	N.A.	N.A.
6q0e	31843892	10.1073/pnas.1915620116	0	auth_asym_id	H	L	A	protein	1700	BLI	N.A.	N.A.
6q0h	31843892	10.1073/pnas.1915620116	0	auth_asym_id	H	L	A	protein	1800	BLI	N.A.	Ab conformation I-7-0
6q0i	31843892	10.1073/pnas.1915620116	0	auth_asym_id	H	L	A	protein	1800	BLI	N.A.	Ab conformation I-7-6
6q0l	31843892	10.1073/pnas.1915620116	0	auth_asym_id	H	L	A	protein	1800	BLI	N.A.	Ab conformation I-7-1
6q0o	31843892	10.1073/pnas.1915620116	0	auth_asym_id	Z	B	A	protein	400	BLI	N.A.	N.A.
6q18	31843892	10.1073/pnas.1915620116	0	auth_asym_id	H	L	A	protein	600	BLI	N.A.	N.A.
6q1z	31649200	10.1126/science.aay0678	0	auth_asym_id	H	L	A	protein	2.76	BLI	299	N.A.
6q1z	31649200	10.1126/science.aay0678	0	auth_asym_id	D	C	B	protein	2.76	BLI	299	N.A.
6q20	31649200	10.1126/science.aay0678	0	auth_asym_id	H	L	A	protein	2.58	BLI	299	N.A.
6q23	31649200	10.1126/science.aay0678	0	auth_asym_id	H	L	A	protein	2.24	BLI	299	N.A.
6q23	31649200	10.1126/science.aay0678	0	auth_asym_id	J	K	B	protein	2.24	BLI	299	N.A.
6q23	31649200	10.1126/science.aay0678	0	auth_asym_id	E	F	C	protein	2.24	BLI	299	N.A.
6q23	31649200	10.1126/science.aay0678	0	auth_asym_id	G	I	D	protein	2.24	BLI	299	N.A.
6q6z	31550533	10.1016/j.jsb.2019.09.007	0	auth_asym_id	B	N.A.	A	protein	N.A.	N.A.	N.A.	N.A.
6qb3	31692474	10.1107/S2059798319014116	0	auth_asym_id	X	N.A.	A	protein	2380	ITC	N.A.	N.A.
6qb4	31692474	10.1107/S2059798319014116	0	auth_asym_id	X	N.A.	A	protein	2380	ITC	N.A.	N.A.
6qb6	31692474	10.1107/S2059798319014116	0	auth_asym_id	H	L	A	protein	1140	ITC	N.A.	N.A.
6qee	30765569	10.1126/science.aav7102	0	auth_asym_id	C	B	A	protein	N.A.	N.A.	N.A.	N.A.
6qex	30765569	10.1126/science.aav7102	0	auth_asym_id	C	B	A	protein	N.A.	N.A.	N.A.	N.A.
6qfa	33408403	10.1038/s41592-020-01001-6	0	auth_asym_id	K	N.A.	A;B	protein;protein	N.A.	N.A.	N.A.	N.A.
6qfa	33408403	10.1038/s41592-020-01001-6	0	auth_asym_id	O	N.A.	A;E	protein;protein	N.A.	N.A.	N.A.	N.A.
6qfa	33408403	10.1038/s41592-020-01001-6	0	auth_asym_id	L	N.A.	B;C	protein;protein	N.A.	N.A.	N.A.	N.A.
6qfa	33408403	10.1038/s41592-020-01001-6	0	auth_asym_id	M	N.A.	C;D	protein;protein	N.A.	N.A.	N.A.	N.A.
6qfa	33408403	10.1038/s41592-020-01001-6	0	auth_asym_id	N	N.A.	D;E	protein;protein	N.A.	N.A.	N.A.	N.A.
6qfc	31692474	10.1107/S2059798319014116	0	auth_asym_id	B	N.A.	A	protein	2380	ITC	N.A.	N.A.
6qgw	31073665	10.1007/s10858-019-00250-8	0	auth_asym_id	B	N.A.	A	protein	5.5	SPR	298	N.A.
6qgx	31073665	10.1007/s10858-019-00250-8	0	auth_asym_id	B	N.A.	A	protein	1.8	SPR	298	N.A.
6qgy	31073665	10.1007/s10858-019-00250-8	0	auth_asym_id	B	N.A.	A	protein	1.3	SPR	298	N.A.
6qgy	31073665	10.1007/s10858-019-00250-8	0	auth_asym_id	D	N.A.	A;C	protein;protein	1.3	SPR	298	N.A.
6qig	31439947	10.1038/s41467-019-11474-5	0	auth_asym_id	H	L	A	protein	N.A.	N.A.	N.A.	N.A.
6qup	32732998	10.1038/s41467-020-17568-9	0	auth_asym_id	B	N.A.	A	protein	N.A.	N.A.	N.A.	N.A.
6qv2	31113958	10.1038/s41467-019-09892-6	0	auth_asym_id	E	N.A.	B	protein	0.8	SPR	298	N.A.
6qv2	31113958	10.1038/s41467-019-09892-6	0	auth_asym_id	F	N.A.	D	protein	0.8	SPR	298	N.A.
6qx4	31308522	10.1038/s41564-019-0499-1	0	auth_asym_id	C	N.A.	A	protein	N.A.	N.A.	N.A.	N.A.
6qx4	31308522	10.1038/s41564-019-0499-1	0	auth_asym_id	E	N.A.	B	protein	N.A.	N.A.	N.A.	N.A.
6qx4	31308522	10.1038/s41564-019-0499-1	0	auth_asym_id	D	N.A.	A	protein	N.A.	N.A.	N.A.	N.A.
6qx4	31308522	10.1038/s41564-019-0499-1	0	auth_asym_id	H	N.A.	B	protein	N.A.	N.A.	N.A.	N.A.
6r0x	31436532	10.7554/eLife.46840	0	auth_asym_id	A	B	E	protein	N.A.	N.A.	N.A.	N.A.
6r0x	31436532	10.7554/eLife.46840	0	auth_asym_id	C	D	F	protein	N.A.	N.A.	N.A.	N.A.
6r2s	31133755	10.1038/s41564-019-0462-1	0	auth_asym_id	B	A	C	protein	0.02	SPR	298	important KD data paper
6r7t	N.A.	N.A.	0	auth_asym_id	A	N.A.	B	protein	N.A.	N.A.	N.A.	N.A.
6r8x	30692123	10.1182/blood-2018-10-880849	0	auth_asym_id	C	B	A	protein	4.7	solution equilibrium titration	N.A.	N.A.
6raf	31316210	10.1038/s41586-019-1391-0	0	auth_asym_id	C	N.A.	B	protein	N.A.	N.A.	N.A.	N.A.
6rag	31316210	10.1038/s41586-019-1391-0	0	auth_asym_id	C	N.A.	B	protein	N.A.	N.A.	N.A.	N.A.
6rah	31316210	10.1038/s41586-019-1391-0	0	auth_asym_id	C	N.A.	B	protein	N.A.	N.A.	N.A.	N.A.
6rai	31316210	10.1038/s41586-019-1391-0	0	auth_asym_id	C	N.A.	B	protein	N.A.	N.A.	N.A.	N.A.
6raj	31316210	10.1038/s41586-019-1391-0	0	auth_asym_id	C	N.A.	B	protein	N.A.	N.A.	N.A.	N.A.
6rak	31316210	10.1038/s41586-019-1391-0	0	auth_asym_id	C	N.A.	B	protein	N.A.	N.A.	N.A.	N.A.
6ral	31316210	10.1038/s41586-019-1391-0	0	auth_asym_id	C	N.A.	B	protein	N.A.	N.A.	N.A.	N.A.
6ram	31316210	10.1038/s41586-019-1391-0	0	auth_asym_id	C	N.A.	B	protein	N.A.	N.A.	N.A.	N.A.
6ran	31316210	10.1038/s41586-019-1391-0	0	auth_asym_id	C	N.A.	B	protein	N.A.	N.A.	N.A.	N.A.
6rcu	31204103	10.1016/j.cell.2019.05.025	0	auth_asym_id	B	C	A	protein	0.636	BLI	N.A.	N.A.
6rcu	31204103	10.1016/j.cell.2019.05.025	0	auth_asym_id	E	D	A	protein	0.428	BLI	N.A.	N.A.
6rcv	31204103	10.1016/j.cell.2019.05.025	0	auth_asym_id	E	D	A	protein	0.428	BLI	N.A.	N.A.
6rcv	31204103	10.1016/j.cell.2019.05.025	0	auth_asym_id	J	I	F	protein	0.428	BLI	N.A.	N.A.
6rcv	31204103	10.1016/j.cell.2019.05.025	0	auth_asym_id	C	B	A	protein	0.0103	BLI	N.A.	N.A.
6rcv	31204103	10.1016/j.cell.2019.05.025	0	auth_asym_id	H	G	F	protein	0.0103	BLI	N.A.	N.A.
6rlo	N.A.	N.A.	0	auth_asym_id	A	B	I	protein	N.A.	N.A.	N.A.	N.A.
6rlo	N.A.	N.A.	0	auth_asym_id	C	D	J	protein	N.A.	N.A.	N.A.	N.A.
6rlo	N.A.	N.A.	0	auth_asym_id	E	F	K	protein	N.A.	N.A.	N.A.	N.A.
6rlo	N.A.	N.A.	0	auth_asym_id	G	H	L	protein	N.A.	N.A.	N.A.	N.A.
6rnk	31645725	10.1038/s41586-019-1663-8	0	auth_asym_id	B	N.A.	A	protein	N.A.	N.A.	N.A.	N.A.
6rp8	N.A.	N.A.	0	auth_asym_id	H	L	C	protein	N.A.	N.A.	N.A.	N.A.
6rp8	N.A.	N.A.	0	auth_asym_id	h	l	c	protein	N.A.	N.A.	N.A.	N.A.
6rpj	N.A.	N.A.	0	auth_asym_id	B	N.A.	A	protein	N.A.	N.A.	N.A.	N.A.
6rpj	N.A.	N.A.	0	auth_asym_id	D	N.A.	C;E	protein;protein	N.A.	N.A.	N.A.	N.A.
6rpj	N.A.	N.A.	0	auth_asym_id	F	N.A.	C;E	protein;protein	N.A.	N.A.	N.A.	N.A.
6rpj	N.A.	N.A.	0	auth_asym_id	H	N.A.	G	protein	N.A.	N.A.	N.A.	N.A.
6rps	31682835	10.1016/j.jmb.2019.10.022	0	auth_asym_id	H	L	A	protein	3.4	flow cytometry	N.A.	N.A.
6rps	31682835	10.1016/j.jmb.2019.10.022	0	auth_asym_id	N	M	B	protein	3.4	flow cytometry	N.A.	N.A.
6rqm	N.A.	N.A.	0	auth_asym_id	B	N.A.	A	protein	N.A.	N.A.	N.A.	N.A.
6rtw	31548691	10.1038/s41589-019-0370-y	0	auth_asym_id	B	N.A.	A	protein	N.A.	N.A.	N.A.	N.A.
6rty	31548691	10.1038/s41589-019-0370-y	0	auth_asym_id	B	N.A.	A	protein	N.A.	N.A.	N.A.	N.A.
6rvc	31548691	10.1038/s41589-019-0370-y	0	auth_asym_id	D	N.A.	A	protein	N.A.	N.A.	N.A.	N.A.
6rvc	31548691	10.1038/s41589-019-0370-y	0	auth_asym_id	E	N.A.	B	protein	N.A.	N.A.	N.A.	N.A.
6rvc	31548691	10.1038/s41589-019-0370-y	0	auth_asym_id	F	N.A.	C	protein	N.A.	N.A.	N.A.	N.A.
6s3d	32409444	10.1126/science.aay5051	0	auth_asym_id	C	D	M	protein	<0.05	SPR	N.A.	N.A.
6s3d	32409444	10.1126/science.aay5051	0	auth_asym_id	A	B	N	protein	<0.05	SPR	N.A.	N.A.
6s3d	32409444	10.1126/science.aay5051	0	auth_asym_id	E	F	O	protein	<0.05	SPR	N.A.	N.A.
6s3d	32409444	10.1126/science.aay5051	0	auth_asym_id	H	L	P	protein	<0.05	SPR	N.A.	N.A.
6s3t	32355038	10.1107/S2059798320003903	0	auth_asym_id	N	M	A	protein	29	SPR	N.A.	N.A.
6s3t	32355038	10.1107/S2059798320003903	0	auth_asym_id	R	Q	B	protein	29	SPR	N.A.	N.A.
6s3t	32355038	10.1107/S2059798320003903	0	auth_asym_id	D	C	S	protein	29	SPR	N.A.	N.A.
6s3t	32355038	10.1107/S2059798320003903	0	auth_asym_id	E	I	T	protein	29	SPR	N.A.	N.A.
6s8d	32059794	10.1016/j.chom.2020.01.007	0	auth_asym_id	H	L	A	protein	N.A.	N.A.	N.A.	N.A.
6s8d	32059794	10.1016/j.chom.2020.01.007	0	auth_asym_id	P	O	C	protein	N.A.	N.A.	N.A.	N.A.
6s8d	32059794	10.1016/j.chom.2020.01.007	0	auth_asym_id	Y	U	E	protein	N.A.	N.A.	N.A.	N.A.
6s8i	32059794	10.1016/j.chom.2020.01.007	0	auth_asym_id	H	L	A	protein	N.A.	N.A.	N.A.	N.A.
6s8i	32059794	10.1016/j.chom.2020.01.007	0	auth_asym_id	P	O	C	protein	N.A.	N.A.	N.A.	N.A.
6s8i	32059794	10.1016/j.chom.2020.01.007	0	auth_asym_id	Y	U	E	protein	N.A.	N.A.	N.A.	N.A.
6s8j	32059794	10.1016/j.chom.2020.01.007	0	auth_asym_id	H	L	A	protein	N.A.	N.A.	N.A.	N.A.
6s8j	32059794	10.1016/j.chom.2020.01.007	0	auth_asym_id	P	O	C	protein	N.A.	N.A.	N.A.	N.A.
6s8j	32059794	10.1016/j.chom.2020.01.007	0	auth_asym_id	Y	U	E	protein	N.A.	N.A.	N.A.	N.A.
6sc5	31813847	10.1016/j.chembiol.2019.11.007	0	auth_asym_id	B	N.A.	A	protein	2.9	BLI	298	N.A.
6sc5	31813847	10.1016/j.chembiol.2019.11.007	0	auth_asym_id	C	N.A.	A	protein	2.9	BLI	298	N.A.
6sc6	31813847	10.1016/j.chembiol.2019.11.007	0	auth_asym_id	B	N.A.	A	protein	2.9	BLI	298	apo form without ligand
6sc6	31813847	10.1016/j.chembiol.2019.11.007	0	auth_asym_id	C	N.A.	A	protein	2.9	BLI	298	apo form without ligand
6sc7	31813847	10.1016/j.chembiol.2019.11.007	0	auth_asym_id	B	N.A.	A	protein	2.9	BLI	298	N.A.
6sc7	31813847	10.1016/j.chembiol.2019.11.007	0	auth_asym_id	C	N.A.	A	protein	2.9	BLI	298	N.A.
6sc8	31813847	10.1016/j.chembiol.2019.11.007	0	auth_asym_id	B	N.A.	A	protein	2.9	BLI	298	N.A.
6sc8	31813847	10.1016/j.chembiol.2019.11.007	0	auth_asym_id	C	N.A.	A	protein	2.9	BLI	298	N.A.
6sc9	31813847	10.1016/j.chembiol.2019.11.007	0	auth_asym_id	B	N.A.	A	protein	2.9	BLI	298	N.A.
6sc9	31813847	10.1016/j.chembiol.2019.11.007	0	auth_asym_id	C	N.A.	A	protein	2.9	BLI	298	N.A.
6sge	31522999	10.1016/j.chembiol.2019.08.009	0	auth_asym_id	B	N.A.	A;C	protein;protein	30.8	SPR	277	N.A.
6sge	31522999	10.1016/j.chembiol.2019.08.009	0	auth_asym_id	D	N.A.	A;C	protein;protein	30.8	SPR	277	N.A.
6snh	32103179	10.1038/s41586-020-2044-z	0	auth_asym_id	H	L	X	protein	N.A.	N.A.	N.A.	N.A.
6sni	32103179	10.1038/s41586-020-2044-z	0	auth_asym_id	H	L	X	protein	N.A.	N.A.	N.A.	N.A.
6ss2	32880207	10.1080/19420862.2020.1801230	0	label_asym_id	B	C	A	protein	0.173	ITC	293	N.A.
6ss4	32880207	10.1080/19420862.2020.1801230	0	label_asym_id	B	C	A	protein	0.288	ITC	293	N.A.
6ss6	32616569	10.1073/pnas.1919565117	0	label_asym_id	D	G	A	protein	N.A.	N.A.	N.A.	N.A.
6ss6	32616569	10.1073/pnas.1919565117	0	label_asym_id	E	H	B	protein	N.A.	N.A.	N.A.	N.A.
6ss6	32616569	10.1073/pnas.1919565117	0	label_asym_id	F	I	C	protein	N.A.	N.A.	N.A.	N.A.
6ssi	31990273	10.7554/eLife.51511	0	auth_asym_id	F	N.A.	A	protein	N.A.	N.A.	N.A.	N.A.
6ssi	31990273	10.7554/eLife.51511	0	auth_asym_id	G	N.A.	B	protein	N.A.	N.A.	N.A.	N.A.
6ssi	31990273	10.7554/eLife.51511	0	auth_asym_id	H	N.A.	C	protein	N.A.	N.A.	N.A.	N.A.
6ssi	31990273	10.7554/eLife.51511	0	auth_asym_id	I	N.A.	D	protein	N.A.	N.A.	N.A.	N.A.
6ssi	31990273	10.7554/eLife.51511	0	auth_asym_id	J	N.A.	E	protein	N.A.	N.A.	N.A.	N.A.
6suz	32728168	10.1038/s42003-020-01126-6	0	auth_asym_id	H	L	A	protein	N.A.	N.A.	N.A.	N.A.
6sv2	32728168	10.1038/s42003-020-01126-6	0	auth_asym_id	H	L	A	protein	N.A.	N.A.	N.A.	N.A.
6svl	31772377	10.1038/s41467-019-13343-7	0	auth_asym_id	A	B	C	protein	N.A.	N.A.	N.A.	N.A.
6svl	31772377	10.1038/s41467-019-13343-7	0	auth_asym_id	D	E	F	protein	N.A.	N.A.	N.A.	N.A.
6svl	31772377	10.1038/s41467-019-13343-7	0	auth_asym_id	G	I	J	protein	N.A.	N.A.	N.A.	N.A.
6svl	31772377	10.1038/s41467-019-13343-7	0	auth_asym_id	K	M	N	protein	N.A.	N.A.	N.A.	N.A.
6svl	31772377	10.1038/s41467-019-13343-7	0	auth_asym_id	H	L	Q	protein	N.A.	N.A.	N.A.	N.A.
6svl	31772377	10.1038/s41467-019-13343-7	0	auth_asym_id	O	P	R	protein	N.A.	N.A.	N.A.	N.A.
6t3f	31767754	10.1073/pnas.1912503116	0	auth_asym_id	H	L	F	protein	N.A.	N.A.	N.A.	N.A.
6t3j	32847982	10.1158/1535-7163.MCT-20-0044	0	auth_asym_id	A	B	E	protein	N.A.	N.A.	N.A.	N.A.
6t3j	32847982	10.1158/1535-7163.MCT-20-0044	0	auth_asym_id	F	G	J	protein	N.A.	N.A.	N.A.	N.A.
6t3j	32847982	10.1158/1535-7163.MCT-20-0044	0	auth_asym_id	C	D	E	protein	N.A.	N.A.	N.A.	N.A.
6t3j	32847982	10.1158/1535-7163.MCT-20-0044	0	auth_asym_id	H	I	J	protein	N.A.	N.A.	N.A.	N.A.
6t9d	33514724	10.1038/s41467-021-20949-3	0	label_asym_id	A	B	C;D	protein;protein	0.00323	kinetic exclusion assay	N.A.	N.A.
6t9d	33514724	10.1038/s41467-021-20949-3	0	label_asym_id	E	F	C;D	protein;protein	0.00323	kinetic exclusion assay	N.A.	N.A.
6t9e	33514724	10.1038/s41467-021-20949-3	0	label_asym_id	A	B	C	protein	0.00402	kinetic exclusion assay	N.A.	N.A.
6t9e	33514724	10.1038/s41467-021-20949-3	0	label_asym_id	E	F	D	protein	0.00402	kinetic exclusion assay	N.A.	N.A.
6tej	32296173	10.1038/s41586-020-2136-9	0	auth_asym_id	C	N.A.	B	protein	150	SPR	N.A.	N.A.
6tou	32001700	10.1038/s41467-020-14398-7	0	auth_asym_id	A	N.A.	G	protein	N.A.	N.A.	N.A.	N.A.
6txz	32313722	10.1080/2162402X.2020.1744921	0	auth_asym_id	H	L	A	protein	2.3	SPR	N.A.	N.A.
6txz	32313722	10.1080/2162402X.2020.1744921	0	auth_asym_id	I	M	B	protein	2.3	SPR	N.A.	N.A.
6txz	32313722	10.1080/2162402X.2020.1744921	0	auth_asym_id	J	N	C	protein	2.3	SPR	N.A.	N.A.
6txz	32313722	10.1080/2162402X.2020.1744921	0	auth_asym_id	K	O	D	protein	2.3	SPR	N.A.	N.A.
6tyb	31586542	10.1016/j.immuni.2019.09.007	0	auth_asym_id	H	L	G	protein	N.A.	N.A.	N.A.	N.A.
6tyl	32103024	10.1038/s41467-020-14943-4	0	auth_asym_id	C	N.A.	A	protein	N.A.	N.A.	N.A.	N.A.
6tyl	32103024	10.1038/s41467-020-14943-4	0	auth_asym_id	H	N.A.	F	protein	N.A.	N.A.	N.A.	N.A.
6tyl	32103024	10.1038/s41467-020-14943-4	0	auth_asym_id	E	N.A.	A	protein	N.A.	N.A.	N.A.	N.A.
6tyl	32103024	10.1038/s41467-020-14943-4	0	auth_asym_id	J	N.A.	F	protein	N.A.	N.A.	N.A.	N.A.
6tyl	32103024	10.1038/s41467-020-14943-4	0	auth_asym_id	D	N.A.	A	protein	N.A.	N.A.	N.A.	N.A.
6tyl	32103024	10.1038/s41467-020-14943-4	0	auth_asym_id	I	N.A.	F	protein	N.A.	N.A.	N.A.	N.A.
6tys	31570878	10.1038/s41594-019-0308-9	0	auth_asym_id	H	L	A	protein	10	BLI	303	N.A.
6tys	31570878	10.1038/s41594-019-0308-9	0	auth_asym_id	C	D	B	protein	10	BLI	303	N.A.
6tys	31570878	10.1038/s41594-019-0308-9	0	auth_asym_id	F	G	E	protein	10	BLI	303	N.A.
6u02	31757767	10.1016/j.chom.2019.10.002	0	auth_asym_id	H	L	A	protein	N.A.	N.A.	N.A.	N.A.
6u02	31757767	10.1016/j.chom.2019.10.002	0	auth_asym_id	D	C	B	protein	N.A.	N.A.	N.A.	N.A.
6u02	31757767	10.1016/j.chom.2019.10.002	0	auth_asym_id	G	F	E	protein	N.A.	N.A.	N.A.	N.A.
6u02	31757767	10.1016/j.chom.2019.10.002	0	auth_asym_id	K	I	J	protein	N.A.	N.A.	N.A.	N.A.
6u0l	31792452	10.1038/s41594-019-0344-5	0	auth_asym_id	H	L	A	protein	N.A.	N.A.	N.A.	N.A.
6u0l	31792452	10.1038/s41594-019-0344-5	0	auth_asym_id	I	J	B	protein	N.A.	N.A.	N.A.	N.A.
6u0l	31792452	10.1038/s41594-019-0344-5	0	auth_asym_id	P	Q	C	protein	N.A.	N.A.	N.A.	N.A.
6u0n	31792452	10.1038/s41594-019-0344-5	0	auth_asym_id	H	L	A	protein	N.A.	N.A.	N.A.	N.A.
6u0n	31792452	10.1038/s41594-019-0344-5	0	auth_asym_id	I	J	B	protein	N.A.	N.A.	N.A.	N.A.
6u0n	31792452	10.1038/s41594-019-0344-5	0	auth_asym_id	P	Q	C	protein	N.A.	N.A.	N.A.	N.A.
6u12	31981247	10.1002/pro.3831	0	auth_asym_id	B	N.A.	A	protein	0.15	SPR	300	N.A.
6u2f	31962046	10.1021/acschembio.9b00899	0	auth_asym_id	H	L	A	protein	N.A.	N.A.	N.A.	N.A.
6u36	31653597	10.1016/j.chembiol.2019.10.002	0	auth_asym_id	H	L	B	protein	N.A.	N.A.	N.A.	N.A.
6u38	31653597	10.1016/j.chembiol.2019.10.002	0	auth_asym_id	H	L	B	protein	N.A.	N.A.	N.A.	N.A.
6u3i	31962046	10.1021/acschembio.9b00899	0	auth_asym_id	H	L	A	protein	N.A.	N.A.	N.A.	N.A.
6u51	31626803	10.1016/j.jmb.2019.10.005	0	auth_asym_id	A	N.A.	B;D	protein;protein	N.A.	N.A.	N.A.	N.A.
6u51	31626803	10.1016/j.jmb.2019.10.005	0	auth_asym_id	C	N.A.	B;D	protein;protein	N.A.	N.A.	N.A.	N.A.
6u52	31626803	10.1016/j.jmb.2019.10.005	0	auth_asym_id	A	N.A.	B;D	protein;protein	N.A.	N.A.	N.A.	N.A.
6u52	31626803	10.1016/j.jmb.2019.10.005	0	auth_asym_id	C	N.A.	B;D	protein;protein	N.A.	N.A.	N.A.	N.A.
6u54	31626803	10.1016/j.jmb.2019.10.005	0	auth_asym_id	A	N.A.	B	protein	N.A.	N.A.	N.A.	N.A.
6u55	31626803	10.1016/j.jmb.2019.10.005	0	auth_asym_id	A	N.A.	B	protein	N.A.	N.A.	N.A.	N.A.
6u59	31941772	10.1128/JVI.01861-19	0	auth_asym_id	H	L	A	protein	N.A.	N.A.	N.A.	N.A.
6u59	31941772	10.1128/JVI.01861-19	0	auth_asym_id	F	E	C	protein	N.A.	N.A.	N.A.	N.A.
6u59	31941772	10.1128/JVI.01861-19	0	auth_asym_id	K	J	G	protein	N.A.	N.A.	N.A.	N.A.
6u6u	32239732	10.1002/pro.3862	0	auth_asym_id	H	L	R	protein	N.A.	N.A.	N.A.	N.A.
6u9s	32338599	10.7554/eLife.52337	0	auth_asym_id	A	B	C	protein	N.A.	N.A.	N.A.	N.A.
6u9s	32338599	10.7554/eLife.52337	0	auth_asym_id	D	E	F	protein	N.A.	N.A.	N.A.	N.A.
6uc6	N.A.	10.1016/j.celrep.2020.01.107	0	auth_asym_id	C	N.A.	A	protein	N.A.	N.A.	N.A.	N.A.
6uc6	N.A.	10.1016/j.celrep.2020.01.107	0	auth_asym_id	D	N.A.	B	protein	N.A.	N.A.	N.A.	N.A.
6uda	31527908	10.1371/journal.ppat.1008026	0	auth_asym_id	C	D	A	protein	9	SPR	N.A.	N.A.
6uda	31527908	10.1371/journal.ppat.1008026	0	auth_asym_id	G	H	E	protein	9	SPR	N.A.	N.A.
6uda	31527908	10.1371/journal.ppat.1008026	0	auth_asym_id	K	L	I	protein	9	SPR	N.A.	N.A.
6udj	32004464	10.1016/j.cell.2020.01.010	0	auth_asym_id	Q	B	G	protein	N.A.	N.A.	N.A.	N.A.
6udj	32004464	10.1016/j.cell.2020.01.010	0	auth_asym_id	K	L	J	protein	N.A.	N.A.	N.A.	N.A.
6udj	32004464	10.1016/j.cell.2020.01.010	0	auth_asym_id	A	R	P	protein	N.A.	N.A.	N.A.	N.A.
6udj	32004464	10.1016/j.cell.2020.01.010	0	auth_asym_id	N	O	G;J	protein;protein	N.A.	N.A.	N.A.	N.A.
6udj	32004464	10.1016/j.cell.2020.01.010	0	auth_asym_id	D	E	G;P	protein;protein	N.A.	N.A.	N.A.	N.A.
6udj	32004464	10.1016/j.cell.2020.01.010	0	auth_asym_id	H	I	J;P	protein;protein	N.A.	N.A.	N.A.	N.A.
6udk	32004464	10.1016/j.cell.2020.01.010	0	auth_asym_id	A	B	G	protein	N.A.	N.A.	N.A.	N.A.
6udk	32004464	10.1016/j.cell.2020.01.010	0	auth_asym_id	F	I	K	protein	N.A.	N.A.	N.A.	N.A.
6udk	32004464	10.1016/j.cell.2020.01.010	0	auth_asym_id	O	P	R	protein	N.A.	N.A.	N.A.	N.A.
6udk	32004464	10.1016/j.cell.2020.01.010	0	auth_asym_id	H	L	G;K	protein;protein	N.A.	N.A.	N.A.	N.A.
6udk	32004464	10.1016/j.cell.2020.01.010	0	auth_asym_id	D	E	G;R	protein;protein	N.A.	N.A.	N.A.	N.A.
6udk	32004464	10.1016/j.cell.2020.01.010	0	auth_asym_id	M	N	K;R	protein;protein	N.A.	N.A.	N.A.	N.A.
6uft	N.A.	10.1016/j.celrep.2020.01.107	0	auth_asym_id	B	N.A.	A	protein	N.A.	N.A.	N.A.	N.A.
6uht	N.A.	10.1016/j.celrep.2020.01.107	0	auth_asym_id	C	N.A.	A	protein	N.A.	N.A.	N.A.	N.A.
6uht	N.A.	10.1016/j.celrep.2020.01.107	0	auth_asym_id	D	N.A.	B	protein	N.A.	N.A.	N.A.	N.A.
6ui1	N.A.	10.1016/j.celrep.2020.01.107	0	auth_asym_id	B	N.A.	A	protein	N.A.	N.A.	N.A.	N.A.
6ui1	N.A.	10.1016/j.celrep.2020.01.107	0	auth_asym_id	C	N.A.	A	protein	N.A.	N.A.	N.A.	N.A.
6ui1	N.A.	10.1016/j.celrep.2020.01.107	0	auth_asym_id	D	N.A.	A	protein	N.A.	N.A.	N.A.	N.A.
6uig	32749241	10.1172/JCI136032	0	auth_asym_id	B	C	A	protein	N.A.	N.A.	N.A.	N.A.
6uig	32749241	10.1172/JCI136032	0	auth_asym_id	H	L	G	protein	N.A.	N.A.	N.A.	N.A.
6ukj	31776516	10.1038/s41586-019-1795-x	0	auth_asym_id	H	L	A	protein	N.A.	N.A.	N.A.	N.A.
6ukt	32103024	10.1038/s41467-020-14943-4	0	auth_asym_id	C	N.A.	A	protein	N.A.	N.A.	N.A.	N.A.
6ukt	32103024	10.1038/s41467-020-14943-4	0	auth_asym_id	D	N.A.	A	protein	N.A.	N.A.	N.A.	N.A.
6ukt	32103024	10.1038/s41467-020-14943-4	0	auth_asym_id	E	N.A.	A	protein	N.A.	N.A.	N.A.	N.A.
6ukt	32103024	10.1038/s41467-020-14943-4	0	auth_asym_id	F	N.A.	B	protein	N.A.	N.A.	N.A.	N.A.
6ul4	N.A.	10.1016/j.celrep.2020.01.107	0	auth_asym_id	B	N.A.	A	protein	N.A.	N.A.	N.A.	N.A.
6ul6	N.A.	10.1016/j.celrep.2020.01.107	0	auth_asym_id	C	N.A.	A	protein	N.A.	N.A.	N.A.	N.A.
6um5	31806786	10.1126/science.aay7199	0	auth_asym_id	C	D	A	protein	532	SPR	N.A.	N.A.
6um5	31806786	10.1126/science.aay7199	0	auth_asym_id	G	H	E	protein	532	SPR	N.A.	N.A.
6um5	31806786	10.1126/science.aay7199	0	auth_asym_id	K	L	I	protein	532	SPR	N.A.	N.A.
6um6	31806786	10.1126/science.aay7199	0	auth_asym_id	C	D	A	protein	N.A.	N.A.	N.A.	N.A.
6um6	31806786	10.1126/science.aay7199	0	auth_asym_id	G	H	E	protein	N.A.	N.A.	N.A.	N.A.
6um6	31806786	10.1126/science.aay7199	0	auth_asym_id	K	L	I	protein	N.A.	N.A.	N.A.	N.A.
6um7	31806786	10.1126/science.aay7199	0	auth_asym_id	J	K	A	protein	N.A.	N.A.	N.A.	N.A.
6um7	31806786	10.1126/science.aay7199	0	auth_asym_id	F	G	E	protein	N.A.	N.A.	N.A.	N.A.
6um7	31806786	10.1126/science.aay7199	0	auth_asym_id	B	C	I	protein	N.A.	N.A.	N.A.	N.A.
6umx	32075906	10.1074/jbc.RA119.012293	0	auth_asym_id	H	L	A	protein	1.51	BLI	N.A.	N.A.
6umx	32075906	10.1074/jbc.RA119.012293	0	auth_asym_id	h	l	B	protein	1.51	BLI	N.A.	N.A.
6uqr	31913280	10.1038/s41467-019-13815-w	0	auth_asym_id	A	N.A.	B	protein	0.035	SPR	N.A.	N.A.
6uqr	31913280	10.1038/s41467-019-13815-w	0	auth_asym_id	C	N.A.	D	protein	0.035	SPR	N.A.	N.A.
6ur5	32267676	10.1021/acsinfecdis.0c00008	0	auth_asym_id	A	B	C	protein	4.3	BLI	N.A.	important KD data paper
6ur5	32267676	10.1021/acsinfecdis.0c00008	0	auth_asym_id	G	H	D	protein	4.3	BLI	N.A.	important KD data paper
6urh	32125272	10.7554/eLife.53169	0	auth_asym_id	H	L	C	protein	N.A.	N.A.	N.A.	N.A.
6urm	32877670	10.1016/j.celrep.2020.108088	0	auth_asym_id	D	E	C	protein	11.11	BLI	N.A.	N.A.
6urm	32877670	10.1016/j.celrep.2020.108088	0	auth_asym_id	H	L	F	protein	11.11	BLI	N.A.	N.A.
6usf	32221310	10.1038/s41467-020-15363-0	0	auth_asym_id	K	M	A	protein	N.A.	N.A.	N.A.	N.A.
6usf	32221310	10.1038/s41467-020-15363-0	0	auth_asym_id	H	L	D	protein	N.A.	N.A.	N.A.	N.A.
6uta	32321830	10.1073/pnas.1919269117	0	auth_asym_id	A	B	C	protein	1200	SPR	N.A.	N.A.
6uta	32321830	10.1073/pnas.1919269117	0	auth_asym_id	H	L	E	protein	1200	SPR	N.A.	N.A.
6ute	32321830	10.1073/pnas.1919269117	0	auth_asym_id	C	D	S	protein	>100000	SPR	N.A.	N.A.
6utk	N.A.	10.1126/sciadv.abb1328	0	auth_asym_id	H	L	G	protein	14	BLI	N.A.	N.A.
6utk	N.A.	10.1126/sciadv.abb1328	0	auth_asym_id	D	E	T	protein	N.A.	N.A.	N.A.	N.A.
6uyd	32494617	10.1126/sciadv.aaz6225	0	auth_asym_id	H	L	E	protein	N.A.	N.A.	N.A.	N.A.
6uyd	32494617	10.1126/sciadv.aaz6225	0	auth_asym_id	A	B	F	protein	N.A.	N.A.	N.A.	N.A.
6uye	32023489	10.1016/j.immuni.2020.01.001	0	auth_asym_id	G	J	A	protein	0.041	BLI	N.A.	N.A.
6uye	32023489	10.1016/j.immuni.2020.01.001	0	auth_asym_id	H	K	B	protein	0.041	BLI	N.A.	N.A.
6uye	32023489	10.1016/j.immuni.2020.01.001	0	auth_asym_id	I	L	C	protein	0.041	BLI	N.A.	N.A.
6uyf	32494617	10.1126/sciadv.aaz6225	0	auth_asym_id	H	L	E	protein	N.A.	N.A.	N.A.	N.A.
6uyg	32494617	10.1126/sciadv.aaz6225	0	auth_asym_id	A	B	E	protein	N.A.	N.A.	N.A.	N.A.
6uyg	32494617	10.1126/sciadv.aaz6225	0	auth_asym_id	H	L	E	protein	N.A.	N.A.	N.A.	N.A.
6uym	32494617	10.1126/sciadv.aaz6225	0	auth_asym_id	H	L	E	protein	N.A.	N.A.	N.A.	N.A.
6uym	32494617	10.1126/sciadv.aaz6225	0	auth_asym_id	A	B	F	protein	N.A.	N.A.	N.A.	N.A.
6v4n	32976769	10.1016/j.immuni.2020.08.015	0	auth_asym_id	A	B	I	protein	1.07	BLI	298	N.A.
6v4n	32976769	10.1016/j.immuni.2020.08.015	0	auth_asym_id	C	G	M	protein	1.07	BLI	298	N.A.
6v4n	32976769	10.1016/j.immuni.2020.08.015	0	auth_asym_id	H	L	N	protein	1.07	BLI	298	N.A.
6v4n	32976769	10.1016/j.immuni.2020.08.015	0	auth_asym_id	D	E	W	protein	1.07	BLI	298	N.A.
6v4o	32976769	10.1016/j.immuni.2020.08.015	0	auth_asym_id	A	B	I	protein	150	BLI	298	N.A.
6v4o	32976769	10.1016/j.immuni.2020.08.015	0	auth_asym_id	C	G	M	protein	150	BLI	298	N.A.
6v4o	32976769	10.1016/j.immuni.2020.08.015	0	auth_asym_id	H	L	N	protein	150	BLI	298	N.A.
6v4o	32976769	10.1016/j.immuni.2020.08.015	0	auth_asym_id	D	E	W	protein	150	BLI	298	N.A.
6v6w	N.A.	10.1126/sciadv.abb1328	0	auth_asym_id	F	H	C	protein	N.A.	N.A.	N.A.	N.A.
6v6w	N.A.	10.1126/sciadv.abb1328	0	auth_asym_id	I	J	G	protein	N.A.	N.A.	N.A.	N.A.
6v6w	N.A.	10.1126/sciadv.abb1328	0	auth_asym_id	A	B	K	protein	N.A.	N.A.	N.A.	N.A.
6v6w	N.A.	10.1126/sciadv.abb1328	0	auth_asym_id	D	E	T	protein	N.A.	N.A.	N.A.	N.A.
6v7y	N.A.	10.1038/s43018-020-00111-6	0	auth_asym_id	F	N.A.	A	protein	N.A.	N.A.	N.A.	N.A.
6v8x	31980614	10.1038/s41467-019-14196-w	0	auth_asym_id	C	D	A	protein	565.7	SPR	N.A.	N.A.
6v8x	31980614	10.1038/s41467-019-14196-w	0	auth_asym_id	G	H	E	protein	565.7	SPR	N.A.	N.A.
6v8x	31980614	10.1038/s41467-019-14196-w	0	auth_asym_id	K	L	I	protein	565.7	SPR	N.A.	N.A.
6v8z	31980614	10.1038/s41467-019-14196-w	0	auth_asym_id	D	E	A	protein	N.A.	N.A.	N.A.	N.A.
6v8z	31980614	10.1038/s41467-019-14196-w	0	auth_asym_id	J	K	G	protein	N.A.	N.A.	N.A.	N.A.
6v8z	31980614	10.1038/s41467-019-14196-w	0	auth_asym_id	P	Q	M	protein	N.A.	N.A.	N.A.	N.A.
6v8z	31980614	10.1038/s41467-019-14196-w	0	auth_asym_id	C	F	A	protein	N.A.	N.A.	N.A.	N.A.
6v8z	31980614	10.1038/s41467-019-14196-w	0	auth_asym_id	I	L	G	protein	N.A.	N.A.	N.A.	N.A.
6v8z	31980614	10.1038/s41467-019-14196-w	0	auth_asym_id	O	R	M	protein	N.A.	N.A.	N.A.	N.A.
6vbg	32380514	10.1371/journal.pone.0232846	0	auth_asym_id	C	N.A.	A	protein	N.A.	N.A.	N.A.	N.A.
6vbg	32380514	10.1371/journal.pone.0232846	0	auth_asym_id	D	N.A.	B	protein	N.A.	N.A.	N.A.	N.A.
6vc9	33122192	10.1074/jbc.RA120.012395	0	auth_asym_id	H	L	A	protein	4.18	SPR	298	N.A.
6vca	33122192	10.1074/jbc.RA120.012395	0	auth_asym_id	E	F	A	protein	0.814	SPR	298	N.A.
6vca	33122192	10.1074/jbc.RA120.012395	0	auth_asym_id	H	L	B	protein	0.814	SPR	298	N.A.
6vca	33122192	10.1074/jbc.RA120.012395	0	auth_asym_id	K	J	C	protein	0.814	SPR	298	N.A.
6vca	33122192	10.1074/jbc.RA120.012395	0	auth_asym_id	P	O	D	protein	0.814	SPR	298	N.A.
6vel	36157596	10.1093/pnasnexus/pgac163	0	auth_asym_id	H	L	C	protein	N.A.	N.A.	N.A.	N.A.
6vep	32483339	10.1038/s41594-020-0430-8	0	auth_asym_id	C	D	E	protein	N.A.	N.A.	N.A.	N.A.
6vep	32483339	10.1038/s41594-020-0430-8	0	auth_asym_id	I	J	K	protein	N.A.	N.A.	N.A.	N.A.
6vep	32483339	10.1038/s41594-020-0430-8	0	auth_asym_id	O	P	Q	protein	N.A.	N.A.	N.A.	N.A.
6vep	32483339	10.1038/s41594-020-0430-8	0	auth_asym_id	U	V	W	protein	N.A.	N.A.	N.A.	N.A.
6veq	32483339	10.1038/s41594-020-0430-8	0	auth_asym_id	C	D	E	protein	N.A.	N.A.	N.A.	N.A.
6veq	32483339	10.1038/s41594-020-0430-8	0	auth_asym_id	I	J	K	protein	N.A.	N.A.	N.A.	N.A.
6vgr	32325220	10.1016/j.jsb.2020.107512	0	auth_asym_id	C	D	A;B	protein;protein	1.7	SPR	298	N.A.
6vgr	32325220	10.1016/j.jsb.2020.107512	0	auth_asym_id	H	L	A;B	protein;protein	1.7	SPR	298	N.A.
6vi0	34328065	10.1080/19420862.2021.1946918	0	auth_asym_id	E	D	C	protein	N.A.	N.A.	N.A.	N.A.
6vi0	34328065	10.1080/19420862.2021.1946918	0	auth_asym_id	H	L	G	protein	N.A.	N.A.	N.A.	N.A.
6vi0	34328065	10.1080/19420862.2021.1946918	0	auth_asym_id	K	J	I	protein	N.A.	N.A.	N.A.	N.A.
6vi4	32123179	10.1038/s41467-020-14889-7	0	auth_asym_id	D	N.A.	A	protein	N.A.	N.A.	N.A.	N.A.
6vi4	32123179	10.1038/s41467-020-14889-7	0	auth_asym_id	C	N.A.	B	protein	N.A.	N.A.	N.A.	N.A.
6vja	32079680	10.1126/science.aaz9356	0	auth_asym_id	H	L	C	protein	21.4	SPR	293	N.A.
6vja	32079680	10.1126/science.aaz9356	0	auth_asym_id	I	M	D	protein	21.4	SPR	293	N.A.
6vlr	32866207	10.1371/journal.ppat.1008753	0	auth_asym_id	C	L	A	protein	N.A.	N.A.	N.A.	N.A.
6vlr	32866207	10.1371/journal.ppat.1008753	0	auth_asym_id	E	M	G	protein	N.A.	N.A.	N.A.	N.A.
6vlr	32866207	10.1371/journal.ppat.1008753	0	auth_asym_id	D	K	H	protein	N.A.	N.A.	N.A.	N.A.
6vlr	32866207	10.1371/journal.ppat.1008753	0	auth_asym_id	F	N	A;B;I	protein;protein;protein	0.585	BLI	310	important KD data paper
6vlw	33053332	10.1016/j.immuni.2020.09.007	0	auth_asym_id	H	L	G	protein	289	BLI	N.A.	N.A.
6vmj	N.A.	N.A.	0	auth_asym_id	B	A	W;Z	protein;protein	N.A.	N.A.	N.A.	N.A.
6vmj	N.A.	N.A.	0	auth_asym_id	M	L	W;Z	protein;protein	N.A.	N.A.	N.A.	N.A.
6vmj	N.A.	N.A.	0	auth_asym_id	F	E	X;Y	protein;protein	N.A.	N.A.	N.A.	N.A.
6vmj	N.A.	N.A.	0	auth_asym_id	J	I	X;Y	protein;protein	N.A.	N.A.	N.A.	N.A.
6vmk	N.A.	N.A.	0	auth_asym_id	B	A	C;p	protein;protein	N.A.	N.A.	N.A.	N.A.
6vmk	N.A.	N.A.	0	auth_asym_id	o	n	C;p	protein;protein	N.A.	N.A.	N.A.	N.A.
6vmk	N.A.	N.A.	0	auth_asym_id	E	D	F;N	protein;protein	N.A.	N.A.	N.A.	N.A.
6vmk	N.A.	N.A.	0	auth_asym_id	K	J	F;N	protein;protein	N.A.	N.A.	N.A.	N.A.
6vmk	N.A.	N.A.	0	auth_asym_id	H	G	I;Q	protein;protein	N.A.	N.A.	N.A.	N.A.
6vmk	N.A.	N.A.	0	auth_asym_id	P	O	I;Q	protein;protein	N.A.	N.A.	N.A.	N.A.
6vmk	N.A.	N.A.	0	auth_asym_id	S	R	T;v	protein;protein	N.A.	N.A.	N.A.	N.A.
6vmk	N.A.	N.A.	0	auth_asym_id	u	t	T;v	protein;protein	N.A.	N.A.	N.A.	N.A.
6vmk	N.A.	N.A.	0	auth_asym_id	M	L	W;m	protein;protein	N.A.	N.A.	N.A.	N.A.
6vmk	N.A.	N.A.	0	auth_asym_id	l	k	W;m	protein;protein	N.A.	N.A.	N.A.	N.A.
6vmk	N.A.	N.A.	0	auth_asym_id	V	U	X;s	protein;protein	N.A.	N.A.	N.A.	N.A.
6vmk	N.A.	N.A.	0	auth_asym_id	r	q	X;s	protein;protein	N.A.	N.A.	N.A.	N.A.
6vmk	N.A.	N.A.	0	auth_asym_id	Z	Y	a;j	protein;protein	N.A.	N.A.	N.A.	N.A.
6vmk	N.A.	N.A.	0	auth_asym_id	i	h	a;j	protein;protein	N.A.	N.A.	N.A.	N.A.
6vmk	N.A.	N.A.	0	auth_asym_id	c	b	d;g	protein;protein	N.A.	N.A.	N.A.	N.A.
6vmk	N.A.	N.A.	0	auth_asym_id	f	e	d;g	protein;protein	N.A.	N.A.	N.A.	N.A.
6vn0	32866207	10.1371/journal.ppat.1008753	0	auth_asym_id	H	L	A;B	protein;protein	16	BLI	310	N.A.
6vn0	32866207	10.1371/journal.ppat.1008753	0	auth_asym_id	G	J	C;E	protein;protein	16	BLI	310	N.A.
6vn0	32866207	10.1371/journal.ppat.1008753	0	auth_asym_id	I	K	D;F	protein;protein	16	BLI	310	N.A.
6vn1	32811830	10.1038/s41467-020-17911-0	0	auth_asym_id	H	L	A	protein	N.A.	N.A.	N.A.	N.A.
6vn1	32811830	10.1038/s41467-020-17911-0	0	auth_asym_id	I	M	B	protein	N.A.	N.A.	N.A.	N.A.
6vn1	32811830	10.1038/s41467-020-17911-0	0	auth_asym_id	J	N	C	protein	N.A.	N.A.	N.A.	N.A.
6vo0	32548265	10.1126/sciadv.aba0512	0	auth_asym_id	H	L	A	protein	N.A.	N.A.	N.A.	N.A.
6vo0	32548265	10.1126/sciadv.aba0512	0	auth_asym_id	G	J	C	protein	N.A.	N.A.	N.A.	N.A.
6vo0	32548265	10.1126/sciadv.aba0512	0	auth_asym_id	I	K	D	protein	N.A.	N.A.	N.A.	N.A.
6vo1	32866207	10.1371/journal.ppat.1008753	0	auth_asym_id	H	L	A	protein	<0.001	BLI	310	N.A.
6vo1	32866207	10.1371/journal.ppat.1008753	0	auth_asym_id	G	J	C	protein	<0.001	BLI	310	N.A.
6vo1	32866207	10.1371/journal.ppat.1008753	0	auth_asym_id	I	K	D	protein	<0.001	BLI	310	N.A.
6vo3	32999024	10.1128/JVI.01214-20	0	auth_asym_id	H	L	A	protein	N.A.	N.A.	N.A.	N.A.
6vo3	32999024	10.1128/JVI.01214-20	0	auth_asym_id	G	J	C	protein	N.A.	N.A.	N.A.	N.A.
6vo3	32999024	10.1128/JVI.01214-20	0	auth_asym_id	I	K	D	protein	N.A.	N.A.	N.A.	N.A.
6vrh	32618269	10.7554/eLife.56427	0	auth_asym_id	B	C	A	protein	N.A.	N.A.	N.A.	N.A.
6vrk	32618269	10.7554/eLife.56427	0	auth_asym_id	B	C	A	protein	N.A.	N.A.	N.A.	N.A.
6vrl	32618269	10.7554/eLife.56427	0	auth_asym_id	B	C	A	protein	N.A.	N.A.	N.A.	N.A.
6vtw	32409444	10.1126/science.aay5051	0	auth_asym_id	H	L	A	peptide	1	SPR	N.A.	N.A.
6vug	33636101	10.1016/j.str.2021.02.001	0	auth_asym_id	D	C	B	protein	N.A.	N.A.	N.A.	N.A.
6vvu	33353951	10.1038/s41467-020-20143-x	0	auth_asym_id	H	L	A	protein	0.5	SPR	298	N.A.
6vvu	33353951	10.1038/s41467-020-20143-x	0	auth_asym_id	J	K	B	protein	0.5	SPR	298	N.A.
6vvu	33353951	10.1038/s41467-020-20143-x	0	auth_asym_id	E	F	C	protein	0.5	SPR	298	N.A.
6vvu	33353951	10.1038/s41467-020-20143-x	0	auth_asym_id	G	I	D	protein	0.5	SPR	298	N.A.
6vy2	32315598	10.1016/j.chom.2020.03.024	0	auth_asym_id	H	L	A	protein	N.A.	N.A.	N.A.	N.A.
6vy2	32315598	10.1016/j.chom.2020.03.024	0	auth_asym_id	I	M	C	protein	N.A.	N.A.	N.A.	N.A.
6vy2	32315598	10.1016/j.chom.2020.03.024	0	auth_asym_id	J	N	E	protein	N.A.	N.A.	N.A.	N.A.
6vy4	33306954	10.1016/j.cell.2020.11.023	0	auth_asym_id	H	L	A	protein	2.1	BLI	N.A.	N.A.
6vy4	33306954	10.1016/j.cell.2020.11.023	0	auth_asym_id	C	D	B	protein	2.1	BLI	N.A.	N.A.
6vy5	33306954	10.1016/j.cell.2020.11.023	0	auth_asym_id	H	L	A	protein	2.2	BLI	N.A.	N.A.
6vy6	33306954	10.1016/j.cell.2020.11.023	0	auth_asym_id	H	L	A	protein	2.9	BLI	N.A.	N.A.
6vyh	33173040	10.1038/s41467-020-19458-6	0	auth_asym_id	D	C	A	protein	N.A.	N.A.	N.A.	N.A.
6vyv	32783883	10.1016/j.chom.2020.07.008	0	auth_asym_id	K	O	E	protein	N.A.	N.A.	N.A.	N.A.
6vyv	32783883	10.1016/j.chom.2020.07.008	0	auth_asym_id	I	M	F	protein	N.A.	N.A.	N.A.	N.A.
6vyv	32783883	10.1016/j.chom.2020.07.008	0	auth_asym_id	J	N	G	protein	N.A.	N.A.	N.A.	N.A.
6vyv	32783883	10.1016/j.chom.2020.07.008	0	auth_asym_id	L	P	H	protein	N.A.	N.A.	N.A.	N.A.
6vzi	32295908	10.1128/JVI.00074-20	0	auth_asym_id	D	E	B	protein	N.A.	N.A.	N.A.	N.A.
6vzi	32295908	10.1128/JVI.00074-20	0	auth_asym_id	H	L	G	protein	N.A.	N.A.	N.A.	N.A.
6w03	32295908	10.1128/JVI.00074-20	0	auth_asym_id	D	E	B;G	protein;protein	N.A.	N.A.	N.A.	N.A.
6w03	32295908	10.1128/JVI.00074-20	0	auth_asym_id	H	L	G	protein	N.A.	N.A.	N.A.	N.A.
6w09	32783883	10.1016/j.chom.2020.07.008	0	auth_asym_id	I	M	E	protein	N.A.	N.A.	N.A.	N.A.
6w09	32783883	10.1016/j.chom.2020.07.008	0	auth_asym_id	J	N	F	protein	N.A.	N.A.	N.A.	N.A.
6w09	32783883	10.1016/j.chom.2020.07.008	0	auth_asym_id	K	O	G	protein	N.A.	N.A.	N.A.	N.A.
6w09	32783883	10.1016/j.chom.2020.07.008	0	auth_asym_id	L	P	H	protein	N.A.	N.A.	N.A.	N.A.
6w0a	32615129	10.1016/j.jmb.2020.06.012	0	auth_asym_id	A	B	C	protein	N.A.	N.A.	N.A.	N.A.
6w0b	32615129	10.1016/j.jmb.2020.06.012	0	auth_asym_id	A	B	C	protein	N.A.	N.A.	N.A.	N.A.
6w0c	32615129	10.1016/j.jmb.2020.06.012	0	auth_asym_id	A	B	C	protein	N.A.	N.A.	N.A.	N.A.
6w0d	32615129	10.1016/j.jmb.2020.06.012	0	auth_asym_id	A	B	C	protein	N.A.	N.A.	N.A.	N.A.
6w0e	32615129	10.1016/j.jmb.2020.06.012	0	auth_asym_id	A	B	C	protein	N.A.	N.A.	N.A.	N.A.
6w0f	32615129	10.1016/j.jmb.2020.06.012	0	auth_asym_id	A	B	C	protein	N.A.	N.A.	N.A.	N.A.
6w0g	32615129	10.1016/j.jmb.2020.06.012	0	auth_asym_id	A	B	C	protein	N.A.	N.A.	N.A.	N.A.
6w0h	32615129	10.1016/j.jmb.2020.06.012	0	auth_asym_id	A	B	C	protein	N.A.	N.A.	N.A.	N.A.
6w0i	32615129	10.1016/j.jmb.2020.06.012	0	auth_asym_id	A	B	C	protein	N.A.	N.A.	N.A.	N.A.
6w0j	32615129	10.1016/j.jmb.2020.06.012	0	auth_asym_id	A	B	C	protein	N.A.	N.A.	N.A.	N.A.
6w16	33035266	10.1371/journal.ppat.1008942	0	auth_asym_id	H	L	F	protein	0.85	BLI	N.A.	N.A.
6w1c	32783883	10.1016/j.chom.2020.07.008	0	auth_asym_id	K	O	E	protein	N.A.	N.A.	N.A.	N.A.
6w1c	32783883	10.1016/j.chom.2020.07.008	0	auth_asym_id	I	M	F	protein	N.A.	N.A.	N.A.	N.A.
6w1c	32783883	10.1016/j.chom.2020.07.008	0	auth_asym_id	J	N	G	protein	N.A.	N.A.	N.A.	N.A.
6w1c	32783883	10.1016/j.chom.2020.07.008	0	auth_asym_id	L	P	H	protein	N.A.	N.A.	N.A.	N.A.
6w41	32245784	10.1126/science.abb7269	0	auth_asym_id	H	L	C	protein	115	BLI	N.A.	N.A.
6w4s	32814342	10.1038/s41586-020-2668-z	0	auth_asym_id	H	L	F	protein	N.A.	N.A.	N.A.	N.A.
6waq	32375025	10.1016/j.cell.2020.04.031	0	auth_asym_id	A	N.A.	B	protein	1.2	SPR	N.A.	N.A.
6waq	32375025	10.1016/j.cell.2020.04.031	0	auth_asym_id	C	N.A.	D	protein	1.2	SPR	N.A.	N.A.
6war	32375025	10.1016/j.cell.2020.04.031	0	auth_asym_id	B	N.A.	A	protein	0.079	SPR	N.A.	N.A.
6war	32375025	10.1016/j.cell.2020.04.031	0	auth_asym_id	J	N.A.	A;I	protein;protein	0.079	SPR	N.A.	N.A.
6war	32375025	10.1016/j.cell.2020.04.031	0	auth_asym_id	D	N.A.	C	protein	0.079	SPR	N.A.	N.A.
6war	32375025	10.1016/j.cell.2020.04.031	0	auth_asym_id	F	N.A.	E	protein	0.079	SPR	N.A.	N.A.
6war	32375025	10.1016/j.cell.2020.04.031	0	auth_asym_id	H	N.A.	G	protein	0.079	SPR	N.A.	N.A.
6war	32375025	10.1016/j.cell.2020.04.031	0	auth_asym_id	L	N.A.	K	protein	0.079	SPR	N.A.	N.A.
6war	32375025	10.1016/j.cell.2020.04.031	0	auth_asym_id	N	N.A.	M	protein	0.079	SPR	N.A.	N.A.
6war	32375025	10.1016/j.cell.2020.04.031	0	auth_asym_id	P	N.A.	O	protein	0.079	SPR	N.A.	N.A.
6was	34559844	10.1371/journal.ppat.1009543	0	auth_asym_id	A	B	G	protein	N.A.	N.A.	N.A.	N.A.
6was	34559844	10.1371/journal.ppat.1009543	0	auth_asym_id	H	L	J	protein	N.A.	N.A.	N.A.	N.A.
6wbv	32814342	10.1038/s41586-020-2668-z	0	auth_asym_id	H	L	A	protein	N.A.	N.A.	N.A.	N.A.
6weq	33414220	10.1126/science.abc0476	0	auth_asym_id	E	F	A	protein	8.3	BLI	298	N.A.
6weq	33414220	10.1126/science.abc0476	0	auth_asym_id	G	H	B	protein	8.3	BLI	298	N.A.
6weq	33414220	10.1126/science.abc0476	0	auth_asym_id	I	J	C	protein	8.3	BLI	298	N.A.
6weq	33414220	10.1126/science.abc0476	0	auth_asym_id	K	L	D	protein	8.3	BLI	298	N.A.
6wer	33414220	10.1126/science.abc0476	0	auth_asym_id	C	D	A	protein	8.3	BLI	298	N.A.
6wer	33414220	10.1126/science.abc0476	0	auth_asym_id	E	F	B	protein	8.3	BLI	298	N.A.
6wgl	32915778	10.1371/journal.pone.0232311	0	auth_asym_id	A	B	C	protein	N.A.	N.A.	N.A.	N.A.
6wh9	32786753	10.1021/jacs.0c05133	0	auth_asym_id	H	I	A	protein	2.7	ELISA	298	N.A.
6wh9	32786753	10.1021/jacs.0c05133	0	auth_asym_id	E	F	D	protein	2.7	ELISA	298	N.A.
6wh9	32786753	10.1021/jacs.0c05133	0	auth_asym_id	B	C	G	protein	2.7	ELISA	298	N.A.
6whk	N.A.	N.A.	0	auth_asym_id	C	B	A	protein	N.A.	N.A.	N.A.	N.A.
6wik	33173040	10.1038/s41467-020-19458-6	0	auth_asym_id	D	C	A	protein	N.A.	N.A.	N.A.	N.A.
6wio	32915778	10.1371/journal.pone.0232311	0	auth_asym_id	A	B	C	protein	N.A.	N.A.	N.A.	N.A.
6wir	32915778	10.1371/journal.pone.0232311	0	auth_asym_id	A	B	C	protein	N.A.	N.A.	N.A.	N.A.
6wit	34559844	10.1371/journal.ppat.1009543	0	auth_asym_id	A	B	C	protein	N.A.	N.A.	N.A.	N.A.
6wit	34559844	10.1371/journal.ppat.1009543	0	auth_asym_id	H	L	I	protein	N.A.	N.A.	N.A.	N.A.
6wix	33238130	10.1016/j.celrep.2020.108432	0	auth_asym_id	D	E	B	protein	N.A.	N.A.	N.A.	N.A.
6wix	33238130	10.1016/j.celrep.2020.108432	0	auth_asym_id	H	L	G	protein	N.A.	N.A.	N.A.	N.A.
6wjl	34337560	10.1016/j.xcrm.2021.100344	0	auth_asym_id	F	J	E	protein	1	BLI	298	KD inspected from Figure 3FG
6wjl	34337560	10.1016/j.xcrm.2021.100344	0	auth_asym_id	H	L	G	protein	1	BLI	298	KD inspected from Figure 3FG
6wm9	33750786	10.1038/s41467-021-21811-2	0	auth_asym_id	B	C	A	protein	0.0883	BLI	298	important KD data paper
6wm9	33750786	10.1038/s41467-021-21811-2	0	auth_asym_id	E	F	D	protein	0.0883	BLI	298	important KD data paper
6wmw	32661391	10.1038/s41591-020-0945-x	0	auth_asym_id	H	L	B	protein	N.A.	N.A.	N.A.	N.A.
6wmw	32661391	10.1038/s41591-020-0945-x	0	auth_asym_id	M	N	B	protein	N.A.	N.A.	N.A.	N.A.
6wn1	33750786	10.1038/s41467-021-21811-2	0	auth_asym_id	B	C	A	protein	0.061	BLI	298	N.A.
6wn1	33750786	10.1038/s41467-021-21811-2	0	auth_asym_id	E	F	D	protein	0.061	BLI	298	N.A.
6wno	33750786	10.1038/s41467-021-21811-2	0	auth_asym_id	B	C	A	protein	0.0366	BLI	298	N.A.
6wno	33750786	10.1038/s41467-021-21811-2	0	auth_asym_id	E	F	D	protein	0.0366	BLI	298	N.A.
6wo3	32754640	10.1126/sciadv.abb5642	0	auth_asym_id	H	L	E	protein	N.A.	N.A.	N.A.	N.A.
6wo4	32754640	10.1126/sciadv.abb5642	0	auth_asym_id	H	L	E	protein	16.8	ITC	N.A.	KD calculated from dG (-10.6 kcal/mol) at 298 K;Ab identifier is HC11
6wo5	32754640	10.1126/sciadv.abb5642	0	auth_asym_id	H	L	E	protein	12	ITC	N.A.	KD calculated from dG (-10.8 kcal/mol) at 298 K;Ab identifier is 212.1.1
6wo5	32754640	10.1126/sciadv.abb5642	0	auth_asym_id	G	I	F	protein	12	ITC	N.A.	KD calculated from dG (-10.8 kcal/mol) at 298 K;Ab identifier is 212.1.1
6wo5	32754640	10.1126/sciadv.abb5642	0	auth_asym_id	A	B	E	protein	N.A.	N.A.	N.A.	N.A.
6wo5	32754640	10.1126/sciadv.abb5642	0	auth_asym_id	C	D	F	protein	N.A.	N.A.	N.A.	N.A.
6woq	32754640	10.1126/sciadv.abb5642	0	auth_asym_id	A	B	E	protein	N.A.	N.A.	N.A.	N.A.
6woq	32754640	10.1126/sciadv.abb5642	0	auth_asym_id	C	D	F	protein	N.A.	N.A.	N.A.	N.A.
6woq	32754640	10.1126/sciadv.abb5642	0	auth_asym_id	J	K	E	protein	6.1	ITC	N.A.	KD calculated from dG (-11.2 kcal/mol) at 298 K;Ab identifier is HC1AM
6woq	32754640	10.1126/sciadv.abb5642	0	auth_asym_id	G	H	F	protein	6.1	ITC	N.A.	KD calculated from dG (-11.2 kcal/mol) at 298 K;Ab identifier is HC1AM
6woz	33750786	10.1038/s41467-021-21811-2	0	auth_asym_id	B	C	A	protein	<0.01	BLI	298	N.A.
6woz	33750786	10.1038/s41467-021-21811-2	0	auth_asym_id	E	F	D	protein	<0.01	BLI	298	N.A.
6woz	33750786	10.1038/s41467-021-21811-2	0	auth_asym_id	H	I	G	protein	<0.01	BLI	298	N.A.
6woz	33750786	10.1038/s41467-021-21811-2	0	auth_asym_id	K	L	J	protein	<0.01	BLI	298	N.A.
6wps	32422645	10.1038/s41586-020-2349-y	0	auth_asym_id	H	L	A	protein	2.6	BLI	N.A.	N.A.
6wps	32422645	10.1038/s41586-020-2349-y	0	auth_asym_id	C	D	B	protein	2.6	BLI	N.A.	N.A.
6wps	32422645	10.1038/s41586-020-2349-y	0	auth_asym_id	F	G	E	protein	2.6	BLI	N.A.	N.A.
6wpt	32422645	10.1038/s41586-020-2349-y	0	auth_asym_id	D	E	A	protein	2.6	BLI	N.A.	N.A.
6wpt	32422645	10.1038/s41586-020-2349-y	0	auth_asym_id	H	L	C	protein	2.6	BLI	N.A.	N.A.
6wqo	33750786	10.1038/s41467-021-21811-2	0	auth_asym_id	B	C	A	protein	0.246	BLI	298	N.A.
6wqo	33750786	10.1038/s41467-021-21811-2	0	auth_asym_id	E	F	D	protein	0.246	BLI	298	N.A.
6wtu	33750786	10.1038/s41467-021-21811-2	0	auth_asym_id	B	C	A;D	protein;protein	0.083	BLI	298	N.A.
6wtu	33750786	10.1038/s41467-021-21811-2	0	auth_asym_id	E	F	A;D	protein;protein	0.083	BLI	298	N.A.
6wtu	33750786	10.1038/s41467-021-21811-2	0	auth_asym_id	H	I	G	protein	0.083	BLI	298	N.A.
6wtu	33750786	10.1038/s41467-021-21811-2	0	auth_asym_id	K	L	J	protein	0.083	BLI	298	N.A.
6wtv	33750786	10.1038/s41467-021-21811-2	0	auth_asym_id	B	C	A;D	protein;protein	0.0269	BLI	298	N.A.
6wtv	33750786	10.1038/s41467-021-21811-2	0	auth_asym_id	E	F	A;D	protein;protein	0.0269	BLI	298	N.A.
6wtv	33750786	10.1038/s41467-021-21811-2	0	auth_asym_id	H	I	G	protein	0.0269	BLI	298	N.A.
6wtv	33750786	10.1038/s41467-021-21811-2	0	auth_asym_id	K	L	J	protein	0.0269	BLI	298	N.A.
6wty	33750786	10.1038/s41467-021-21811-2	0	auth_asym_id	B	C	A	protein	0.00307	BLI	298	N.A.
6wty	33750786	10.1038/s41467-021-21811-2	0	auth_asym_id	E	F	D	protein	0.00307	BLI	298	N.A.
6wty	33750786	10.1038/s41467-021-21811-2	0	auth_asym_id	H	I	G	protein	0.00307	BLI	298	N.A.
6wty	33750786	10.1038/s41467-021-21811-2	0	auth_asym_id	K	L	J	protein	0.00307	BLI	298	N.A.
6wvz	33839159	10.1016/j.jbc.2021.100641	0	auth_asym_id	H	L	M	protein	N.A.	N.A.	N.A.	N.A.
6ww2	32762848	10.7554/eLife.58464	0	auth_asym_id	H	L	R	protein	N.A.	N.A.	N.A.	N.A.
6ww5	32869741	10.7554/eLife.61350	0	auth_asym_id	E	F	A	protein	N.A.	N.A.	N.A.	N.A.
6ww5	32869741	10.7554/eLife.61350	0	auth_asym_id	C	D	B	protein	N.A.	N.A.	N.A.	N.A.
6wzj	33183151	10.1080/19420862.2020.1831880	0	auth_asym_id	A	B	E	protein	0.171	SPR	298	important KD data paper
6wzj	33183151	10.1080/19420862.2020.1831880	0	auth_asym_id	C	D	F	protein	0.171	SPR	298	important KD data paper
6wzk	33183151	10.1080/19420862.2020.1831880	0	auth_asym_id	A	B	E	protein	0.172	SPR	298	N.A.
6wzl	33183151	10.1080/19420862.2020.1831880	0	auth_asym_id	A	B	E	protein	0.181	SPR	298	N.A.
6wzl	33183151	10.1080/19420862.2020.1831880	0	auth_asym_id	C	D	F	protein	0.181	SPR	298	N.A.
6wzm	33183151	10.1080/19420862.2020.1831880	0	auth_asym_id	A	B	E	protein	0.384	SPR	298	N.A.
6wzm	33183151	10.1080/19420862.2020.1831880	0	auth_asym_id	C	D	F	protein	0.384	SPR	298	N.A.
6wzt	33658355	10.1126/scitranslmed.abe5449	0	auth_asym_id	H	L	A	protein	N.A.	N.A.	N.A.	N.A.
6wzt	33658355	10.1126/scitranslmed.abe5449	0	auth_asym_id	E	D	B	protein	N.A.	N.A.	N.A.	N.A.
6wzt	33658355	10.1126/scitranslmed.abe5449	0	auth_asym_id	G	F	C	protein	N.A.	N.A.	N.A.	N.A.
6x04	33247142	10.1038/s41467-020-19885-5	0	auth_asym_id	B	N.A.	A	protein	N.A.	N.A.	N.A.	N.A.
6x04	33247142	10.1038/s41467-020-19885-5	0	auth_asym_id	D	N.A.	C	protein	N.A.	N.A.	N.A.	N.A.
6x04	33247142	10.1038/s41467-020-19885-5	0	auth_asym_id	F	N.A.	E	protein	N.A.	N.A.	N.A.	N.A.
6x04	33247142	10.1038/s41467-020-19885-5	0	auth_asym_id	H	N.A.	G	protein	N.A.	N.A.	N.A.	N.A.
6x04	33247142	10.1038/s41467-020-19885-5	0	auth_asym_id	J	N.A.	I	protein	N.A.	N.A.	N.A.	N.A.
6x04	33247142	10.1038/s41467-020-19885-5	0	auth_asym_id	L	N.A.	K	protein	N.A.	N.A.	N.A.	N.A.
6x05	33247142	10.1038/s41467-020-19885-5	0	auth_asym_id	K	N.A.	A	protein	N.A.	N.A.	N.A.	N.A.
6x06	33268786	10.1038/s41467-020-19884-6	0	auth_asym_id	K	N.A.	A	protein	0.79	BLI	N.A.	important KD data paper
6x07	33268786	10.1038/s41467-020-19884-6	0	auth_asym_id	B	N.A.	A	protein	1.3	BLI	N.A.	N.A.
6x08	33268786	10.1038/s41467-020-19884-6	0	auth_asym_id	K	N.A.	B	protein	0.08	BLI	N.A.	N.A.
6x3s	32879488	10.1038/s41586-020-2654-5	0	auth_asym_id	J	I	B	protein	N.A.	N.A.	N.A.	N.A.
6x3s	32879488	10.1038/s41586-020-2654-5	0	auth_asym_id	K	L	D	protein	N.A.	N.A.	N.A.	N.A.
6x3t	32879488	10.1038/s41586-020-2654-5	0	auth_asym_id	J	I	B	protein	N.A.	N.A.	N.A.	N.A.
6x3t	32879488	10.1038/s41586-020-2654-5	0	auth_asym_id	K	L	D	protein	N.A.	N.A.	N.A.	N.A.
6x3u	32879488	10.1038/s41586-020-2654-5	0	auth_asym_id	J	I	B	protein	N.A.	N.A.	N.A.	N.A.
6x3u	32879488	10.1038/s41586-020-2654-5	0	auth_asym_id	K	L	D	protein	N.A.	N.A.	N.A.	N.A.
6x3v	32879488	10.1038/s41586-020-2654-5	0	auth_asym_id	J	I	B	protein	N.A.	N.A.	N.A.	N.A.
6x3v	32879488	10.1038/s41586-020-2654-5	0	auth_asym_id	K	L	D	protein	N.A.	N.A.	N.A.	N.A.
6x3w	32879488	10.1038/s41586-020-2654-5	0	auth_asym_id	J	I	B	protein	N.A.	N.A.	N.A.	N.A.
6x3w	32879488	10.1038/s41586-020-2654-5	0	auth_asym_id	K	L	D	protein	N.A.	N.A.	N.A.	N.A.
6x3x	32879488	10.1038/s41586-020-2654-5	0	auth_asym_id	J	I	B	protein	N.A.	N.A.	N.A.	N.A.
6x3x	32879488	10.1038/s41586-020-2654-5	0	auth_asym_id	K	L	D	protein	N.A.	N.A.	N.A.	N.A.
6x3z	32879488	10.1038/s41586-020-2654-5	0	auth_asym_id	J	I	B	protein	N.A.	N.A.	N.A.	N.A.
6x3z	32879488	10.1038/s41586-020-2654-5	0	auth_asym_id	K	L	D	protein	N.A.	N.A.	N.A.	N.A.
6x40	32879488	10.1038/s41586-020-2654-5	0	auth_asym_id	J	I	B	protein	N.A.	N.A.	N.A.	N.A.
6x40	32879488	10.1038/s41586-020-2654-5	0	auth_asym_id	K	L	D	protein	N.A.	N.A.	N.A.	N.A.
6x4t	33033255	10.1038/s41467-020-18828-4	0	auth_asym_id	D	F	A	protein	5.5	BLI	N.A.	N.A.
6x4t	33033255	10.1038/s41467-020-18828-4	0	auth_asym_id	B	E	C	protein	5.5	BLI	N.A.	N.A.
6x58	33676924	10.1016/j.jmb.2021.166909	0	auth_asym_id	A	B	E	protein	N.A.	N.A.	N.A.	N.A.
6x58	33676924	10.1016/j.jmb.2021.166909	0	auth_asym_id	C	D	F	protein	N.A.	N.A.	N.A.	N.A.
6x5b	33238117	10.1016/j.celrep.2020.108428	0	auth_asym_id	H	L	A	protein	N.A.	N.A.	N.A.	N.A.
6x5b	33238117	10.1016/j.celrep.2020.108428	0	auth_asym_id	I	F	D	protein	N.A.	N.A.	N.A.	N.A.
6x5b	33238117	10.1016/j.celrep.2020.108428	0	auth_asym_id	O	M	J	protein	N.A.	N.A.	N.A.	N.A.
6x96	N.A.	N.A.	0	auth_asym_id	H	L	A	protein	N.A.	N.A.	N.A.	N.A.
6x96	N.A.	N.A.	0	auth_asym_id	E	F	C	protein	N.A.	N.A.	N.A.	N.A.
6x96	N.A.	N.A.	0	auth_asym_id	J	K	G	protein	N.A.	N.A.	N.A.	N.A.
6x97	N.A.	N.A.	0	auth_asym_id	H	L	A	protein	N.A.	N.A.	N.A.	N.A.
6x97	N.A.	N.A.	0	auth_asym_id	E	F	C	protein	N.A.	N.A.	N.A.	N.A.
6x97	N.A.	N.A.	0	auth_asym_id	J	K	G	protein	N.A.	N.A.	N.A.	N.A.
6x98	N.A.	N.A.	0	auth_asym_id	H	L	A	protein	N.A.	N.A.	N.A.	N.A.
6x98	N.A.	N.A.	0	auth_asym_id	F	E	C	protein	N.A.	N.A.	N.A.	N.A.
6x98	N.A.	N.A.	0	auth_asym_id	K	J	G	protein	N.A.	N.A.	N.A.	N.A.
6xc2	32661058	10.1126/science.abd2321	0	auth_asym_id	H	L	A	protein	17	BLI	N.A.	N.A.
6xc2	32661058	10.1126/science.abd2321	0	auth_asym_id	X	Y	Z	protein	17	BLI	N.A.	N.A.
6xc3	32661058	10.1126/science.abd2321	0	auth_asym_id	B	A	C	protein	17	BLI	N.A.	N.A.
6xc3	32661058	10.1126/science.abd2321	0	auth_asym_id	H	L	C	protein	N.A.	N.A.	N.A.	N.A.
6xc4	32661058	10.1126/science.abd2321	0	auth_asym_id	H	L	A	protein	14	BLI	N.A.	N.A.
6xc4	32661058	10.1126/science.abd2321	0	auth_asym_id	X	Y	Z	protein	14	BLI	N.A.	N.A.
6xc7	32661058	10.1126/science.abd2321	0	auth_asym_id	C	D	A	protein	14	BLI	N.A.	N.A.
6xc7	32661058	10.1126/science.abd2321	0	auth_asym_id	H	L	A	protein	N.A.	N.A.	N.A.	N.A.
6xcj	33214287	10.1126/science.abd2638	0	auth_asym_id	H	L	G	protein	N.A.	N.A.	N.A.	N.A.
6xcm	32645326	10.1016/j.cell.2020.06.025	0	auth_asym_id	N	S	B	protein	N.A.	N.A.	N.A.	N.A.
6xcm	32645326	10.1016/j.cell.2020.06.025	0	auth_asym_id	H	L	C	protein	N.A.	N.A.	N.A.	N.A.
6xcn	32645326	10.1016/j.cell.2020.06.025	0	auth_asym_id	B	D	A	protein	N.A.	N.A.	N.A.	N.A.
6xcn	32645326	10.1016/j.cell.2020.06.025	0	auth_asym_id	H	L	C	protein	N.A.	N.A.	N.A.	N.A.
6xcn	32645326	10.1016/j.cell.2020.06.025	0	auth_asym_id	F	G	E	protein	N.A.	N.A.	N.A.	N.A.
6xdg	32540901	10.1126/science.abd0827	0	auth_asym_id	B	D	E	protein	3.37	SPR	310	important KD data paper
6xdg	32540901	10.1126/science.abd0827	0	auth_asym_id	C	A	E	protein	45.2	SPR	310	N.A.
6xe1	33110068	10.1038/s41467-020-19231-9	0	auth_asym_id	H	L	E	protein	N.A.	N.A.	N.A.	N.A.
6xey	32698192	10.1038/s41586-020-2571-7	0	auth_asym_id	H	L	A	protein	N.A.	N.A.	N.A.	N.A.
6xey	32698192	10.1038/s41586-020-2571-7	0	auth_asym_id	F	G	B	protein	N.A.	N.A.	N.A.	N.A.
6xey	32698192	10.1038/s41586-020-2571-7	0	auth_asym_id	J	K	C	protein	N.A.	N.A.	N.A.	N.A.
6xkp	33058755	10.1016/j.cell.2020.09.049	0	auth_asym_id	H	L	A	protein	N.A.	N.A.	N.A.	N.A.
6xkp	33058755	10.1016/j.cell.2020.09.049	0	auth_asym_id	M	N	B	protein	N.A.	N.A.	N.A.	N.A.
6xkq	33058755	10.1016/j.cell.2020.09.049	0	auth_asym_id	H	L	A	protein	0.00564	SPR	298	N.A.
6xkr	32847983	10.1158/1535-7163.MCT-20-0093	0	auth_asym_id	H	L	P	protein	0.042	SPR	298	N.A.
6xlq	32820120	10.1126/science.aay2767	0	auth_asym_id	B	C	A	protein	N.A.	N.A.	N.A.	N.A.
6xlq	32820120	10.1126/science.aay2767	0	auth_asym_id	E	F	D	protein	N.A.	N.A.	N.A.	N.A.
6xlq	32820120	10.1126/science.aay2767	0	auth_asym_id	H	I	G	protein	N.A.	N.A.	N.A.	N.A.
6xlq	32820120	10.1126/science.aay2767	0	auth_asym_id	K	L	J	protein	N.A.	N.A.	N.A.	N.A.
6xm2	34349032	10.1126/scitranslmed.abe0407	0	auth_asym_id	D	C	I;J	protein;protein	0.0063	SPR	298	N.A.
6xm2	34349032	10.1126/scitranslmed.abe0407	0	auth_asym_id	F	E	I;J	protein;protein	0.0063	SPR	298	N.A.
6xm2	34349032	10.1126/scitranslmed.abe0407	0	auth_asym_id	B	A	K;L	protein;protein	0.0063	SPR	298	N.A.
6xm2	34349032	10.1126/scitranslmed.abe0407	0	auth_asym_id	H	G	K;L	protein;protein	0.0063	SPR	298	N.A.
6xob	33301709	10.1016/j.cell.2020.11.011	0	auth_asym_id	M	N	B	protein	N.A.	N.A.	N.A.	N.A.
6xob	33301709	10.1016/j.cell.2020.11.011	0	auth_asym_id	O	P	E	protein	N.A.	N.A.	N.A.	N.A.
6xob	33301709	10.1016/j.cell.2020.11.011	0	auth_asym_id	Q	R	H	protein	N.A.	N.A.	N.A.	N.A.
6xob	33301709	10.1016/j.cell.2020.11.011	0	auth_asym_id	S	T	K	protein	N.A.	N.A.	N.A.	N.A.
6xox	33177239	10.1073/pnas.2014879117	0	auth_asym_id	E	N.A.	B;A	protein;protein	N.A.	N.A.	N.A.	N.A.
6xox	33177239	10.1073/pnas.2014879117	0	auth_asym_id	N	N.A.	B;A	protein;protein	N.A.	N.A.	N.A.	N.A.
6xpq	34060327	10.1128/mBio.01144-21	0	auth_asym_id	B	C	A	protein	N.A.	N.A.	N.A.	N.A.
6xpr	34060327	10.1128/mBio.01144-21	0	auth_asym_id	B	C	A	protein	N.A.	N.A.	N.A.	N.A.
6xpr	34060327	10.1128/mBio.01144-21	0	auth_asym_id	E	F	D	protein	N.A.	N.A.	N.A.	N.A.
6xpx	34060327	10.1128/mBio.01144-21	0	auth_asym_id	B	C	A	protein	N.A.	N.A.	N.A.	N.A.
6xpy	34060327	10.1128/mBio.01144-21	0	auth_asym_id	B	C	A	protein	N.A.	N.A.	N.A.	N.A.
6xpz	34060327	10.1128/mBio.01144-21	0	auth_asym_id	B	C	A;D	protein;protein	N.A.	N.A.	N.A.	N.A.
6xpz	34060327	10.1128/mBio.01144-21	0	auth_asym_id	E	F	D	protein	N.A.	N.A.	N.A.	N.A.
6xq0	34060327	10.1128/mBio.01144-21	0	auth_asym_id	B	C	A	protein	N.A.	N.A.	N.A.	N.A.
6xq0	34060327	10.1128/mBio.01144-21	0	auth_asym_id	E	F	D	protein	N.A.	N.A.	N.A.	N.A.
6xq2	34060327	10.1128/mBio.01144-21	0	auth_asym_id	C	B	A	protein	N.A.	N.A.	N.A.	N.A.
6xq2	34060327	10.1128/mBio.01144-21	0	auth_asym_id	F	E	D	protein	N.A.	N.A.	N.A.	N.A.
6xq4	34060327	10.1128/mBio.01144-21	0	auth_asym_id	C	B	A	protein	N.A.	N.A.	N.A.	N.A.
6xq4	34060327	10.1128/mBio.01144-21	0	auth_asym_id	E	F	D	protein	N.A.	N.A.	N.A.	N.A.
6xqw	33661302	10.1084/jem.20200942	0	auth_asym_id	H	L	E	protein	N.A.	N.A.	N.A.	N.A.
6xr0	N.A.	10.1038/s41598-020-79090-8	0	auth_asym_id	H	L	M	protein	N.A.	N.A.	N.A.	N.A.
6xsw	34095881	10.1016/j.xcrm.2021.100279	0	auth_asym_id	A	B	C	protein	2.33	SPR	N.A.	N.A.
6xsw	34095881	10.1016/j.xcrm.2021.100279	0	auth_asym_id	D	E	F	protein	2.33	SPR	N.A.	N.A.
6xsw	34095881	10.1016/j.xcrm.2021.100279	0	auth_asym_id	G	I	J	protein	2.33	SPR	N.A.	N.A.
6xsw	34095881	10.1016/j.xcrm.2021.100279	0	auth_asym_id	H	L	X	protein	2.33	SPR	N.A.	N.A.
6xw4	32321816	10.1128/JVI.00660-20	0	auth_asym_id	C	N.A.	A	protein	13.9	ITC	298	N.A.
6xw4	32321816	10.1128/JVI.00660-20	0	auth_asym_id	D	N.A.	B	protein	13.9	ITC	298	N.A.
6xw5	32321816	10.1128/JVI.00660-20	0	auth_asym_id	C	N.A.	A;B	protein;protein	0.819	ITC	298	N.A.
6xw5	32321816	10.1128/JVI.00660-20	0	auth_asym_id	D	N.A.	A;B	protein;protein	0.819	ITC	298	N.A.
6xw6	32321816	10.1128/JVI.00660-20	0	auth_asym_id	C	N.A.	A	protein	N.A.	N.A.	N.A.	N.A.
6xw6	32321816	10.1128/JVI.00660-20	0	auth_asym_id	D	N.A.	B	protein	N.A.	N.A.	N.A.	N.A.
6xw7	32321816	10.1128/JVI.00660-20	0	auth_asym_id	C	N.A.	A;B	protein;protein	1.41	ITC	298	N.A.
6xw7	32321816	10.1128/JVI.00660-20	0	auth_asym_id	D	N.A.	A;B	protein;protein	1.41	ITC	298	N.A.
6xw7	32321816	10.1128/JVI.00660-20	0	auth_asym_id	G	N.A.	E;F	protein;protein	1.41	ITC	298	N.A.
6xw7	32321816	10.1128/JVI.00660-20	0	auth_asym_id	H	N.A.	E;F	protein;protein	1.41	ITC	298	N.A.
6xxv	32409444	10.1126/science.aay5051	0	auth_asym_id	A	B	C	protein	N.A.	N.A.	N.A.	N.A.
6xxv	32409444	10.1126/science.aay5051	0	auth_asym_id	D	E	C;F	protein;protein	N.A.	N.A.	N.A.	N.A.
6xy2	33298884	10.1038/s41421-020-00202-9	0	auth_asym_id	H	L	A	protein	199	BLI	N.A.	N.A.
6xzf	N.A.	N.A.	0	auth_asym_id	B	N.A.	A	protein	N.A.	N.A.	N.A.	N.A.
6xzu	32938727	10.4049/jimmunol.2000752	0	auth_asym_id	A	N.A.	B	protein	2.6	BLI	303	N.A.
6xzw	33007046	10.1371/journal.ppat.1008882	0	auth_asym_id	H	L	D	protein	0.328	SPR	298	important KD data paper
6y6c	34233201	10.1016/j.str.2021.06.010	0	auth_asym_id	D	N.A.	A	protein	0.6	SPR	N.A.	N.A.
6y6c	34233201	10.1016/j.str.2021.06.010	0	auth_asym_id	C	N.A.	B	protein	0.6	SPR	N.A.	N.A.
6y90	32792392	10.1126/science.abb8008	0	auth_asym_id	H	L	A	protein	7.7	ITC	298	N.A.
6y90	32792392	10.1126/science.abb8008	0	auth_asym_id	C	D	B	protein	7.7	ITC	298	N.A.
6y92	32792392	10.1126/science.abb8008	0	auth_asym_id	H	L	A	protein	43	ITC	298	N.A.
6y92	32792392	10.1126/science.abb8008	0	auth_asym_id	C	D	B	protein	43	ITC	298	N.A.
6y97	32792392	10.1126/science.abb8008	0	auth_asym_id	H	L	A;B	protein;protein	47	ITC	298	N.A.
6y9a	32792392	10.1126/science.abb8008	0	auth_asym_id	H	L	A;B	protein;protein	47	ITC	298	N.A.
6y9b	32409586	10.1074/jbc.RA120.013690	0	auth_asym_id	I	M	A;B	protein;protein	N.A.	N.A.	N.A.	N.A.
6y9b	32409586	10.1074/jbc.RA120.013690	0	auth_asym_id	H	L	A;C	protein;protein	N.A.	N.A.	N.A.	N.A.
6y9b	32409586	10.1074/jbc.RA120.013690	0	auth_asym_id	J	N	B;C	protein;protein	N.A.	N.A.	N.A.	N.A.
6yax	N.A.	N.A.	0	label_asym_id	A	D	C	protein	N.A.	N.A.	N.A.	N.A.
6yax	N.A.	N.A.	0	label_asym_id	E	B	F	protein	N.A.	N.A.	N.A.	N.A.
6ye3	33328333	10.1126/scitranslmed.abb9283	0	auth_asym_id	A	B	C	protein	2.3	SPR	293	N.A.
6ye3	33328333	10.1126/scitranslmed.abb9283	0	auth_asym_id	D	E	F	protein	2.3	SPR	293	N.A.
6ye3	33328333	10.1126/scitranslmed.abb9283	0	auth_asym_id	G	H	I	protein	2.3	SPR	293	N.A.
6yio	33644766	10.1038/s43018-020-00133-0	0	auth_asym_id	H	L	B	protein	N.A.	N.A.	N.A.	N.A.
6yla	32585135	10.1016/j.chom.2020.06.010	0	auth_asym_id	B	C	A	protein	19	BLI	303	KD = 15 nM or 30 nM by two SPR methods
6yla	32585135	10.1016/j.chom.2020.06.010	0	auth_asym_id	H	L	E	protein	19	BLI	303	KD = 15 nM or 30 nM by two SPR methods
6ym0	32585135	10.1016/j.chom.2020.06.010	0	auth_asym_id	H	L	E	protein	19	BLI	303	N.A.
6ymq	34233201	10.1016/j.str.2021.06.010	0	label_asym_id	A	N.A.	E	protein	0.6	SPR	N.A.	N.A.
6ymq	34233201	10.1016/j.str.2021.06.010	0	label_asym_id	D	N.A.	F	protein	0.6	SPR	N.A.	N.A.
6ymq	34233201	10.1016/j.str.2021.06.010	0	label_asym_id	B	N.A.	G	protein	0.6	SPR	N.A.	N.A.
6ymq	34233201	10.1016/j.str.2021.06.010	0	label_asym_id	C	N.A.	H	protein	0.6	SPR	N.A.	N.A.
6ymq	34233201	10.1016/j.str.2021.06.010	0	label_asym_id	L	N.A.	I	protein	0.6	SPR	N.A.	N.A.
6ymq	34233201	10.1016/j.str.2021.06.010	0	label_asym_id	K	N.A.	J	protein	0.6	SPR	N.A.	N.A.
6yor	32585135	10.1016/j.chom.2020.06.010	0	auth_asym_id	B	C	A	protein	0.125	SPR	298	KD from DOI: 10.1371/journal.pmed.0030237
6yor	32585135	10.1016/j.chom.2020.06.010	0	auth_asym_id	H	L	E	protein	0.125	SPR	298	KD from DOI: 10.1371/journal.pmed.0030237
6ysq	32769120	10.4049/jimmunol.2000528	0	auth_asym_id	G	N.A.	B;C	protein;protein	0.0155	SPR	303	N.A.
6ysq	32769120	10.4049/jimmunol.2000528	0	auth_asym_id	H	N.A.	D	protein	0.0155	SPR	303	N.A.
6yu8	33503246	10.1093/nar/gkaa1276	0	auth_asym_id	B	N.A.	A	protein	N.A.	N.A.	N.A.	N.A.
6ywc	33398169	10.1038/s41589-020-00699-x	0	auth_asym_id	A	B	C	protein	22	SPR	N.A.	Ag was de novo designed
6ywc	33398169	10.1038/s41589-020-00699-x	0	auth_asym_id	D	E	F	protein	22	SPR	N.A.	Ag was de novo designed
6ywd	33398169	10.1038/s41589-020-00699-x	0	auth_asym_id	A	B	C	protein	1	SPR	N.A.	Ag was de novo designed
6yx9	34723237	10.1016/j.crmeth.2021.100102	0	auth_asym_id	H	L	A	protein	N.A.	N.A.	N.A.	N.A.
6yxd	34723237	10.1016/j.crmeth.2021.100102	0	auth_asym_id	H	L	A	protein	N.A.	N.A.	N.A.	N.A.
6yxf	34723237	10.1016/j.crmeth.2021.100102	0	auth_asym_id	H	N.A.	A	protein	N.A.	N.A.	N.A.	N.A.
6yxg	34723237	10.1016/j.crmeth.2021.100102	0	auth_asym_id	H	N.A.	A	protein	N.A.	N.A.	N.A.	N.A.
6yye	34233201	10.1016/j.str.2021.06.010	0	auth_asym_id	C	N.A.	A	protein	1.6	SPR	N.A.	N.A.
6yye	34233201	10.1016/j.str.2021.06.010	0	auth_asym_id	D	N.A.	B	protein	1.6	SPR	N.A.	N.A.
6yz5	N.A.	N.A.	0	auth_asym_id	F	N.A.	E	protein	N.A.	N.A.	N.A.	N.A.
6yz7	N.A.	N.A.	0	label_asym_id	D	N.A.	A	protein	N.A.	N.A.	N.A.	N.A.
6yz7	N.A.	N.A.	0	label_asym_id	F	N.A.	E	protein	N.A.	N.A.	N.A.	N.A.
6yz7	N.A.	N.A.	0	label_asym_id	B	C	A	protein	N.A.	N.A.	N.A.	N.A.
6yz7	N.A.	N.A.	0	label_asym_id	G	H	E	protein	N.A.	N.A.	N.A.	N.A.
6z06	33349334	10.7554/eLife.58242	0	auth_asym_id	H	L	A	protein	N.A.	N.A.	N.A.	N.A.
6z10	32856916	10.1021/acs.jmedchem.0c01020	0	auth_asym_id	B	N.A.	A	protein	N.A.	N.A.	N.A.	N.A.
6z1v	32958604	10.26508/lsa.202000883	0	auth_asym_id	B	N.A.	A	protein	2.01	fluorescence	298	N.A.
6z20	32958604	10.26508/lsa.202000883	0	auth_asym_id	B	N.A.	A	protein	0.9	fluorescence	298	N.A.
6z20	32958604	10.26508/lsa.202000883	0	auth_asym_id	D	N.A.	C	protein	0.9	fluorescence	298	N.A.
6z2l	32900802	10.1128/mBio.01566-20	0	auth_asym_id	C	B	A	protein	320	SPR	310	N.A.
6z2m	N.A.	N.A.	0	auth_asym_id	D	N.A.	A	protein	N.A.	N.A.	N.A.	N.A.
6z2m	N.A.	N.A.	0	auth_asym_id	F	N.A.	E	protein	N.A.	N.A.	N.A.	N.A.
6z2m	N.A.	N.A.	0	auth_asym_id	B	C	A	protein	N.A.	N.A.	N.A.	N.A.
6z2m	N.A.	N.A.	0	auth_asym_id	H	L	E	protein	N.A.	N.A.	N.A.	N.A.
6z43	N.A.	N.A.	0	auth_asym_id	X	N.A.	A	protein	N.A.	N.A.	N.A.	N.A.
6z43	N.A.	N.A.	0	auth_asym_id	Y	N.A.	B	protein	N.A.	N.A.	N.A.	N.A.
6z43	N.A.	N.A.	0	auth_asym_id	Z	N.A.	C	protein	N.A.	N.A.	N.A.	N.A.
6zbp	N.A.	N.A.	0	label_asym_id	B	N.A.	A	protein	N.A.	N.A.	N.A.	N.A.
6zbv	33658720	10.1038/s41586-021-03274-z	0	auth_asym_id	B	N.A.	A	protein	N.A.	N.A.	N.A.	N.A.
6zcz	32737466	10.1038/s41594-020-0480-y	0	auth_asym_id	F	N.A.	E	protein	12	ITC	298	KD from DOI: 10.1038/s41594-020-0469-6
6zcz	32737466	10.1038/s41594-020-0480-y	0	auth_asym_id	H	L	E	protein	2	SPR	298	N.A.
6zdg	32737466	10.1038/s41594-020-0480-y	0	auth_asym_id	B	C	A	protein	2	SPR	298	N.A.
6zdg	32737466	10.1038/s41594-020-0480-y	0	auth_asym_id	F	G	D	protein	2	SPR	298	N.A.
6zdg	32737466	10.1038/s41594-020-0480-y	0	auth_asym_id	H	L	E	protein	2	SPR	298	N.A.
6zdh	32737466	10.1038/s41594-020-0480-y	0	auth_asym_id	H	L	A	protein	2	SPR	298	N.A.
6zdh	32737466	10.1038/s41594-020-0480-y	0	auth_asym_id	D	F	B	protein	2	SPR	298	N.A.
6zdh	32737466	10.1038/s41594-020-0480-y	0	auth_asym_id	G	I	C	protein	2	SPR	298	N.A.
6ze1	34341587	10.1038/s41589-021-00844-0	0	auth_asym_id	B	N.A.	A	protein	N.A.	N.A.	N.A.	N.A.
6zer	32737466	10.1038/s41594-020-0480-y	0	auth_asym_id	B	C	A	protein	2	SPR	298	N.A.
6zer	32737466	10.1038/s41594-020-0480-y	0	auth_asym_id	F	G	D	protein	2	SPR	298	N.A.
6zer	32737466	10.1038/s41594-020-0480-y	0	auth_asym_id	H	L	E	protein	2	SPR	298	N.A.
6zfo	32737466	10.1038/s41594-020-0480-y	0	auth_asym_id	B	C	A	protein	2	SPR	298	N.A.
6zfo	32737466	10.1038/s41594-020-0480-y	0	auth_asym_id	H	L	E	protein	2	SPR	298	N.A.
6zh9	32661423	10.1038/s41594-020-0469-6	0	label_asym_id	A	B	C	protein	12	ITC	298	KD = 5 nM by SPR
6zh9	32661423	10.1038/s41594-020-0469-6	0	label_asym_id	D	N.A.	C	protein	6.28	BLI	N.A.	N.A.
6zhd	N.A.	N.A.	0	auth_asym_id	D	N.A.	A	protein	N.A.	N.A.	N.A.	N.A.
6zhd	N.A.	N.A.	0	auth_asym_id	F	N.A.	A;B	protein;protein	N.A.	N.A.	N.A.	N.A.
6zhd	N.A.	N.A.	0	auth_asym_id	E	N.A.	C	protein	N.A.	N.A.	N.A.	N.A.
6zlr	33381049	10.3389/fphar.2020.615211	0	label_asym_id	B	C	A	protein	N.A.	N.A.	N.A.	N.A.
6zlr	33381049	10.3389/fphar.2020.615211	0	label_asym_id	E	F	D	protein	N.A.	N.A.	N.A.	N.A.
6zlr	33381049	10.3389/fphar.2020.615211	0	label_asym_id	H	I	G	protein	N.A.	N.A.	N.A.	N.A.
6zpl	33658720	10.1038/s41586-021-03274-z	0	auth_asym_id	F	N.A.	A	protein	N.A.	N.A.	N.A.	N.A.
6zpl	33658720	10.1038/s41586-021-03274-z	0	auth_asym_id	E	N.A.	B	protein	N.A.	N.A.	N.A.	N.A.
6zrv	32824134	10.3390/ijms21165859	0	auth_asym_id	B	N.A.	A	protein	3.2	SPR	N.A.	KD from DOI: 10.1160/TH16-04-0306
6ztr	33879555	10.1158/1535-7163.MCT-20-0708	0	auth_asym_id	H	L	I	protein	33	SPR	N.A.	N.A.
6ztr	33879555	10.1158/1535-7163.MCT-20-0708	0	auth_asym_id	A	B	J	protein	33	SPR	N.A.	N.A.
6zxn	32887876	10.1038/s41467-020-18174-5	0	auth_asym_id	D	N.A.	A	protein	9	ITC	N.A.	KD = 5-10 nM confirmed by BLI
6zxn	32887876	10.1038/s41467-020-18174-5	0	auth_asym_id	E	N.A.	B	protein	9	ITC	N.A.	KD = 5-10 nM confirmed by BLI
6zxn	32887876	10.1038/s41467-020-18174-5	0	auth_asym_id	F	N.A.	C	protein	9	ITC	N.A.	KD = 5-10 nM confirmed by BLI
7a0v	33349335	10.7554/eLife.64922	0	auth_asym_id	B	N.A.	A	protein	N.A.	N.A.	N.A.	N.A.
7a0v	33349335	10.7554/eLife.64922	0	auth_asym_id	D	N.A.	C	protein	N.A.	N.A.	N.A.	N.A.
7a0v	33349335	10.7554/eLife.64922	0	auth_asym_id	F	N.A.	E	protein	N.A.	N.A.	N.A.	N.A.
7a0w	N.A.	N.A.	0	auth_asym_id	C	D	A	protein	N.A.	N.A.	N.A.	N.A.
7a0w	N.A.	N.A.	0	auth_asym_id	E	F	B	protein	N.A.	N.A.	N.A.	N.A.
7a0x	N.A.	N.A.	0	auth_asym_id	C	D	A	protein	N.A.	N.A.	N.A.	N.A.
7a0x	N.A.	N.A.	0	auth_asym_id	E	F	B	protein	N.A.	N.A.	N.A.	N.A.
7a0y	N.A.	N.A.	0	auth_asym_id	C	D	A	protein	N.A.	N.A.	N.A.	N.A.
7a0y	N.A.	N.A.	0	auth_asym_id	E	F	B	protein	N.A.	N.A.	N.A.	N.A.
7a17	33349335	10.7554/eLife.64922	0	auth_asym_id	B	N.A.	A	protein	N.A.	N.A.	N.A.	N.A.
7a25	33149112	10.1038/s41467-020-19204-y	0	auth_asym_id	D	N.A.	A	protein	10.6	BLI	295	important KD data paper
7a25	33149112	10.1038/s41467-020-19204-y	0	auth_asym_id	E	N.A.	B	protein	10.6	BLI	295	important KD data paper
7a25	33149112	10.1038/s41467-020-19204-y	0	auth_asym_id	F	N.A.	C	protein	10.6	BLI	295	important KD data paper
7a29	33149112	10.1038/s41467-020-19204-y	0	auth_asym_id	D	N.A.	A	protein	10.6	BLI	295	N.A.
7a29	33149112	10.1038/s41467-020-19204-y	0	auth_asym_id	E	N.A.	B	protein	10.6	BLI	295	N.A.
7a29	33149112	10.1038/s41467-020-19204-y	0	auth_asym_id	F	N.A.	C	protein	10.6	BLI	295	N.A.
7a3n	34852239	10.1016/j.cell.2021.11.010	0	auth_asym_id	H	L	A	protein	16.2	BLI	298	N.A.
7a3o	34852239	10.1016/j.cell.2021.11.010	0	auth_asym_id	H	L	A	protein	N.A.	N.A.	N.A.	N.A.
7a3p	34852239	10.1016/j.cell.2021.11.010	0	auth_asym_id	H	L	A;B	protein;protein	N.A.	N.A.	N.A.	N.A.
7a3p	34852239	10.1016/j.cell.2021.11.010	0	auth_asym_id	I	M	A;B	protein;protein	N.A.	N.A.	N.A.	N.A.
7a3q	34852239	10.1016/j.cell.2021.11.010	0	auth_asym_id	H	L	A;B	protein;protein	N.A.	N.A.	N.A.	N.A.
7a3q	34852239	10.1016/j.cell.2021.11.010	0	auth_asym_id	I	M	A;B	protein;protein	N.A.	N.A.	N.A.	N.A.
7a3t	34852239	10.1016/j.cell.2021.11.010	0	auth_asym_id	H	L	A	protein	N.A.	N.A.	N.A.	Ab-Ag interface has 10 residues
7a3u	34852239	10.1016/j.cell.2021.11.010	0	auth_asym_id	H	L	A	protein	N.A.	N.A.	N.A.	N.A.
7a5r	33087721	10.1038/s41467-020-19146-5	0	auth_asym_id	H	L	A	protein	80	BLI	N.A.	N.A.
7a5r	33087721	10.1038/s41467-020-19146-5	0	auth_asym_id	I	M	B	protein	80	BLI	N.A.	N.A.
7a5s	33087721	10.1038/s41467-020-19146-5	0	auth_asym_id	H	L	A	protein	80	BLI	N.A.	N.A.
7a5s	33087721	10.1038/s41467-020-19146-5	0	auth_asym_id	I	M	B	protein	80	BLI	N.A.	N.A.
7a5v	33087931	10.1038/s41586-020-2829-0	0	auth_asym_id	O	N.A.	A	protein	N.A.	N.A.	N.A.	N.A.
7a65	33020312	10.1073/pnas.2010264117	0	auth_asym_id	C	B	A	protein	N.A.	N.A.	N.A.	N.A.
7a69	33020312	10.1073/pnas.2010264117	0	auth_asym_id	C	B	A	protein	N.A.	N.A.	N.A.	N.A.
7a6c	33020312	10.1073/pnas.2010264117	0	auth_asym_id	C	B	A	protein	N.A.	N.A.	N.A.	N.A.
7a6e	33020312	10.1073/pnas.2010264117	0	auth_asym_id	C	B	A	protein	N.A.	N.A.	N.A.	N.A.
7a6f	33020312	10.1073/pnas.2010264117	0	auth_asym_id	C	B	A	protein	N.A.	N.A.	N.A.	N.A.
7a6o	33883551	10.1038/s41467-021-22634-x	0	auth_asym_id	B	N.A.	A	protein	91.6	BLI	296	N.A.
7aej	33871352	10.7554/eLife.65005	0	auth_asym_id	D	N.A.	A	protein	2100	ITC	298	KD = 170 nM by BLI at 298 K
7ahv	34077951	10.1182/blood.2020010331	0	auth_asym_id	A	B	H	protein	2300	ITC	310	KD for soluble FIXa;KD = 16 nM for membrane FIXa/FX
7akd	33958322	10.1126/sciadv.abf5632	0	auth_asym_id	H	L	B	protein	10.8	flow cytometry	N.A.	N.A.
7akd	33958322	10.1126/sciadv.abf5632	0	auth_asym_id	D	E	C	protein	10.8	flow cytometry	N.A.	N.A.
7akj	33958322	10.1126/sciadv.abf5632	0	auth_asym_id	H	L	A	protein	0.745	flow cytometry	N.A.	N.A.
7akj	33958322	10.1126/sciadv.abf5632	0	auth_asym_id	E	D	B	protein	0.745	flow cytometry	N.A.	N.A.
7akj	33958322	10.1126/sciadv.abf5632	0	auth_asym_id	G	F	C	protein	0.745	flow cytometry	N.A.	N.A.
7amp	N.A.	10.21203/rs.3.rs-1475171/v1	0	auth_asym_id	H	L	B	protein	2.57	SPR	298	N.A.
7amq	N.A.	10.21203/rs.3.rs-1475171/v1	0	auth_asym_id	H	L	B	protein	12900	SPR	N.A.	no measurable binding
7amr	N.A.	10.21203/rs.3.rs-1475171/v1	0	auth_asym_id	H	L	B	protein	1960	SPR	298	N.A.
7ams	N.A.	10.21203/rs.3.rs-1475171/v1	0	auth_asym_id	H	L	B	protein	479	SPR	298	N.A.
7anq	36566984	10.1016/j.molmet.2022.101662	0	auth_asym_id	B	N.A.	A	protein	5.56	BLI	N.A.	N.A.
7apj	34385319	10.1073/pnas.2101496118	0	auth_asym_id	B	N.A.	A	protein	16.5	SPR	N.A.	N.A.
7aqg	33540702	10.3390/ijms22031482	0	auth_asym_id	B	N.A.	A	protein	N.A.	N.A.	N.A.	N.A.
7aqg	33540702	10.3390/ijms22031482	0	auth_asym_id	C	N.A.	A	protein	N.A.	N.A.	N.A.	N.A.
7aqx	34731611	10.1016/j.celrep.2021.109923	0	auth_asym_id	C	N.A.	A	protein	N.A.	N.A.	N.A.	N.A.
7aqx	34731611	10.1016/j.celrep.2021.109923	0	auth_asym_id	D	N.A.	B	protein	N.A.	N.A.	N.A.	N.A.
7aqy	34731611	10.1016/j.celrep.2021.109923	0	auth_asym_id	D	N.A.	A	protein	N.A.	N.A.	N.A.	N.A.
7aqy	34731611	10.1016/j.celrep.2021.109923	0	auth_asym_id	C	N.A.	B	protein	N.A.	N.A.	N.A.	N.A.
7aqz	34731611	10.1016/j.celrep.2021.109923	0	auth_asym_id	D	N.A.	A	protein	N.A.	N.A.	N.A.	N.A.
7aqz	34731611	10.1016/j.celrep.2021.109923	0	auth_asym_id	C	N.A.	B	protein	N.A.	N.A.	N.A.	N.A.
7ar0	34731611	10.1016/j.celrep.2021.109923	0	auth_asym_id	B	N.A.	A	protein	N.A.	N.A.	N.A.	N.A.
7azb	N.A.	N.A.	0	auth_asym_id	B	N.A.	A	protein	N.A.	N.A.	N.A.	N.A.
7b09	33349334	10.7554/eLife.58242	0	auth_asym_id	H	L	A	protein	N.A.	N.A.	N.A.	N.A.
7b0b	38035879	10.1016/j.immuni.2023.11.004	0	auth_asym_id	H	L	F	protein	N.A.	N.A.	N.A.	N.A.
7b14	33436526	10.1126/science.abe6230	0	auth_asym_id	D	N.A.	A	protein	1.86	SPR	298	important KD data paper
7b18	33436526	10.1126/science.abe6230	0	auth_asym_id	D	N.A.	A	protein	1.86	SPR	298	N.A.
7b18	33436526	10.1126/science.abe6230	0	auth_asym_id	F	N.A.	B	protein	1.86	SPR	298	N.A.
7b18	33436526	10.1126/science.abe6230	0	auth_asym_id	H	N.A.	C	protein	1.86	SPR	298	N.A.
7b18	33436526	10.1126/science.abe6230	0	auth_asym_id	E	N.A.	A	protein	8.92	SPR	298	N.A.
7b18	33436526	10.1126/science.abe6230	0	auth_asym_id	G	N.A.	B	protein	8.92	SPR	298	N.A.
7b18	33436526	10.1126/science.abe6230	0	auth_asym_id	I	N.A.	C	protein	8.92	SPR	298	N.A.
7b27	33904225	10.15252/embr.202052325	0	label_asym_id	C	N.A.	A	protein	8.23	BLI	N.A.	important KD data paper
7b27	33904225	10.15252/embr.202052325	0	label_asym_id	D	N.A.	B	protein	8.23	BLI	N.A.	important KD data paper
7b3o	34273271	10.1016/j.celrep.2021.109433	0	auth_asym_id	H	L	E	protein	N.A.	N.A.	N.A.	N.A.
7b5g	36240773	10.1016/j.str.2022.09.004	0	auth_asym_id	B	N.A.	A	protein	40	fluorescence polarization	303	important KD data paper
7b5g	36240773	10.1016/j.str.2022.09.004	0	auth_asym_id	D	N.A.	C	protein	40	fluorescence polarization	303	important KD data paper
7b5g	36240773	10.1016/j.str.2022.09.004	0	auth_asym_id	F	N.A.	E	protein	40	fluorescence polarization	303	important KD data paper
7b5g	36240773	10.1016/j.str.2022.09.004	0	auth_asym_id	H	N.A.	G	protein	40	fluorescence polarization	303	important KD data paper
7bbj	34482286	10.1158/1535-7163.MCT-21-0107	0	auth_asym_id	H	L	A	protein	0.074	N.A.	N.A.	N.A.
7bbj	34482286	10.1158/1535-7163.MCT-21-0107	0	auth_asym_id	M	N	B	protein	0.074	N.A.	N.A.	N.A.
7bc6	34040256	10.1038/s41586-021-03579-z	0	auth_asym_id	B	N.A.	A	protein	7.7	BLI	N.A.	N.A.
7bc7	34040256	10.1038/s41586-021-03579-z	0	auth_asym_id	B	N.A.	A	protein	7.7	BLI	N.A.	N.A.
7beh	33756110	10.1016/j.cell.2021.02.032	0	auth_asym_id	H	L	E	protein	2	BLI	N.A.	N.A.
7bei	33756110	10.1016/j.cell.2021.02.032	0	auth_asym_id	H	L	E	protein	0.9	BLI	N.A.	N.A.
7bej	33756110	10.1016/j.cell.2021.02.032	0	auth_asym_id	H	L	E	protein	0.7	BLI	N.A.	N.A.
7bek	33756110	10.1016/j.cell.2021.02.032	0	auth_asym_id	H	L	E	protein	0.7	BLI	N.A.	N.A.
7bel	33756110	10.1016/j.cell.2021.02.032	0	auth_asym_id	A	B	R	protein	5.9	BLI	N.A.	N.A.
7bel	33756110	10.1016/j.cell.2021.02.032	0	auth_asym_id	C	D	X	protein	5.9	BLI	N.A.	N.A.
7bel	33756110	10.1016/j.cell.2021.02.032	0	auth_asym_id	H	L	R	protein	1.2	BLI	N.A.	N.A.
7bel	33756110	10.1016/j.cell.2021.02.032	0	auth_asym_id	E	F	X	protein	1.2	BLI	N.A.	N.A.
7bem	33756110	10.1016/j.cell.2021.02.032	0	auth_asym_id	H	L	E	protein	2.2	BLI	N.A.	N.A.
7ben	33756110	10.1016/j.cell.2021.02.032	0	auth_asym_id	G	I	C	protein	N.A.	N.A.	N.A.	N.A.
7ben	33756110	10.1016/j.cell.2021.02.032	0	auth_asym_id	A	B	E	protein	N.A.	N.A.	N.A.	N.A.
7ben	33756110	10.1016/j.cell.2021.02.032	0	auth_asym_id	D	F	C	protein	4.5	BLI	N.A.	N.A.
7ben	33756110	10.1016/j.cell.2021.02.032	0	auth_asym_id	H	L	E	protein	4.5	BLI	N.A.	N.A.
7beo	33756110	10.1016/j.cell.2021.02.032	0	auth_asym_id	A	B	R	protein	N.A.	N.A.	N.A.	N.A.
7beo	33756110	10.1016/j.cell.2021.02.032	0	auth_asym_id	E	F	X	protein	N.A.	N.A.	N.A.	N.A.
7beo	33756110	10.1016/j.cell.2021.02.032	0	auth_asym_id	H	L	R	protein	1.5	BLI	N.A.	N.A.
7beo	33756110	10.1016/j.cell.2021.02.032	0	auth_asym_id	C	D	X	protein	1.5	BLI	N.A.	N.A.
7bep	33756110	10.1016/j.cell.2021.02.032	0	auth_asym_id	D	F	C	protein	2.7	BLI	N.A.	N.A.
7bep	33756110	10.1016/j.cell.2021.02.032	0	auth_asym_id	A	B	E	protein	2.7	BLI	N.A.	N.A.
7bep	33756110	10.1016/j.cell.2021.02.032	0	auth_asym_id	G	I	C	protein	N.A.	N.A.	N.A.	N.A.
7bep	33756110	10.1016/j.cell.2021.02.032	0	auth_asym_id	H	L	E	protein	N.A.	N.A.	N.A.	N.A.
7bnv	34211469	10.3389/fimmu.2021.678570	0	auth_asym_id	H	L	A	protein	3.4	SPR	298	N.A.
7bpk	34267374	10.1038/s41590-021-00966-6	0	auth_asym_id	C	D	A	protein	N.A.	N.A.	N.A.	N.A.
7bpk	34267374	10.1038/s41590-021-00966-6	0	auth_asym_id	H	L	B	protein	N.A.	N.A.	N.A.	N.A.
7bq5	34267374	10.1038/s41590-021-00966-6	0	auth_asym_id	H	L	A	protein	N.A.	N.A.	N.A.	N.A.
7bq5	34267374	10.1038/s41590-021-00966-6	0	auth_asym_id	C	D	B	protein	N.A.	N.A.	N.A.	N.A.
7bsc	33414219	10.1126/science.abb9425	0	auth_asym_id	H	L	A	protein	0.1	SPR	N.A.	N.A.
7bsd	33414219	10.1126/science.abb9425	0	auth_asym_id	A	B	G	protein	0.24	SPR	N.A.	N.A.
7bsd	33414219	10.1126/science.abb9425	0	auth_asym_id	H	L	I	protein	0.24	SPR	N.A.	N.A.
7bts	33093660	10.1038/s41422-020-00424-2	0	auth_asym_id	B	N.A.	A	protein	N.A.	N.A.	N.A.	N.A.
7bu6	33093660	10.1038/s41422-020-00424-2	0	auth_asym_id	B	N.A.	A	protein	N.A.	N.A.	N.A.	N.A.
7bu7	33093660	10.1038/s41422-020-00424-2	0	auth_asym_id	B	N.A.	A	protein	N.A.	N.A.	N.A.	N.A.
7bu8	32348755	10.1016/j.celrep.2020.107584	0	auth_asym_id	H	L	A;B;C	protein;protein;protein	60	BLI	N.A.	N.A.
7bu8	32348755	10.1016/j.celrep.2020.107584	0	auth_asym_id	J	K	A;C	protein;protein	60	BLI	N.A.	N.A.
7bu8	32348755	10.1016/j.celrep.2020.107584	0	auth_asym_id	G	I	B	protein	60	BLI	N.A.	N.A.
7bua	32348755	10.1016/j.celrep.2020.107584	0	auth_asym_id	H	L	A;C	protein;protein	60	BLI	N.A.	N.A.
7bua	32348755	10.1016/j.celrep.2020.107584	0	auth_asym_id	J	K	A;C	protein;protein	60	BLI	N.A.	N.A.
7bua	32348755	10.1016/j.celrep.2020.107584	0	auth_asym_id	G	I	B	protein	60	BLI	N.A.	N.A.
7bub	32348755	10.1016/j.celrep.2020.107584	0	auth_asym_id	H	L	A	protein	56	BLI	N.A.	N.A.
7bub	32348755	10.1016/j.celrep.2020.107584	0	auth_asym_id	G	I	B	protein	56	BLI	N.A.	N.A.
7bud	32348755	10.1016/j.celrep.2020.107584	0	auth_asym_id	H	L	A;B	protein;protein	56	BLI	N.A.	N.A.
7bud	32348755	10.1016/j.celrep.2020.107584	0	auth_asym_id	G	I	B	protein	56	BLI	N.A.	N.A.
7bue	32348755	10.1016/j.celrep.2020.107584	0	auth_asym_id	H	L	A	protein	56	BLI	N.A.	CA trace only
7bue	32348755	10.1016/j.celrep.2020.107584	0	auth_asym_id	G	I	B	protein	56	BLI	N.A.	CA trace only
7bue	32348755	10.1016/j.celrep.2020.107584	0	auth_asym_id	J	K	C	protein	56	BLI	N.A.	CA trace only
7buf	32348755	10.1016/j.celrep.2020.107584	0	auth_asym_id	H	L	A;B	protein;protein	56	BLI	N.A.	CA trace only
7buf	32348755	10.1016/j.celrep.2020.107584	0	auth_asym_id	G	I	B	protein	56	BLI	N.A.	CA trace only
7bwj	32454513	10.1038/s41586-020-2380-z	0	auth_asym_id	H	L	E	protein	5.14	SPR	N.A.	important KD data paper
7bxa	32446372	10.1016/j.bbrc.2020.04.121	0	auth_asym_id	B	C	A	protein	0.13	SPR	293	N.A.
7bxa	32446372	10.1016/j.bbrc.2020.04.121	0	auth_asym_id	H	L	P	protein	0.13	SPR	293	N.A.
7bz5	32404477	10.1126/science.abc2241	0	auth_asym_id	H	L	A	protein	70.1	SPR	298	N.A.
7c01	32454512	10.1038/s41586-020-2381-y	0	auth_asym_id	H	L	A	protein	2.49	SPR	N.A.	N.A.
7c01	32454512	10.1038/s41586-020-2381-y	0	auth_asym_id	C	D	B	protein	2.49	SPR	N.A.	N.A.
7c2l	32571838	10.1126/science.abc6952	0	auth_asym_id	H	L	A	protein	0.996	BLI	N.A.	N.A.
7c2l	32571838	10.1126/science.abc6952	0	auth_asym_id	I	M	B	protein	0.996	BLI	N.A.	N.A.
7c2l	32571838	10.1126/science.abc6952	0	auth_asym_id	J	N	C	protein	0.996	BLI	N.A.	N.A.
7c2s	32561757	10.1038/s41467-020-16925-y	0	auth_asym_id	G	H	A;B	protein;protein	N.A.	N.A.	N.A.	CA trace only
7c2s	32561757	10.1038/s41467-020-16925-y	0	auth_asym_id	I	M	A;B	protein;protein	N.A.	N.A.	N.A.	CA trace only
7c2t	32561757	10.1038/s41467-020-16925-y	0	auth_asym_id	K	L	B;N	protein;protein	N.A.	N.A.	N.A.	CA trace only
7c2t	32561757	10.1038/s41467-020-16925-y	0	auth_asym_id	V	W	B;N	protein;protein	N.A.	N.A.	N.A.	CA trace only
7c4s	34108205	10.1126/sciadv.abf5325	0	auth_asym_id	H	L	A	protein	N.A.	N.A.	N.A.	N.A.
7c4s	34108205	10.1126/sciadv.abf5325	0	auth_asym_id	J	K	B	protein	N.A.	N.A.	N.A.	N.A.
7c61	32669569	10.1038/s41598-020-68355-x	0	auth_asym_id	H	L	A	protein	N.A.	N.A.	N.A.	N.A.
7c6a	32669569	10.1038/s41598-020-68355-x	0	auth_asym_id	H	L	A	protein	N.A.	N.A.	N.A.	N.A.
7c88	32839442	10.1038/s41392-020-00254-z	0	auth_asym_id	A	B	C	protein	0.288	SPR	N.A.	N.A.
7c88	32839442	10.1038/s41392-020-00254-z	0	auth_asym_id	H	L	M	protein	0.288	SPR	N.A.	N.A.
7c8v	34330908	10.1038/s41467-021-24905-z	0	auth_asym_id	A	N.A.	B	protein	14.5	BLI	303	N.A.
7c8w	34330908	10.1038/s41467-021-24905-z	0	auth_asym_id	A	N.A.	B	protein	83.7	BLI	303	N.A.
7cac	32703908	10.1126/science.abc5881	0	auth_asym_id	E	D	A;B	protein;protein	0.096	BLI	N.A.	N.A.
7cah	32703908	10.1126/science.abc5881	0	auth_asym_id	E	D	A	protein	0.096	BLI	N.A.	N.A.
7cai	32703908	10.1126/science.abc5881	0	auth_asym_id	E	D	A	protein	0.096	BLI	N.A.	N.A.
7cai	32703908	10.1126/science.abc5881	0	auth_asym_id	G	F	B	protein	0.096	BLI	N.A.	N.A.
7cak	32703908	10.1126/science.abc5881	0	auth_asym_id	E	D	A	protein	0.096	BLI	N.A.	N.A.
7cak	32703908	10.1126/science.abc5881	0	auth_asym_id	G	F	B	protein	0.096	BLI	N.A.	N.A.
7cak	32703908	10.1126/science.abc5881	0	auth_asym_id	I	H	C	protein	0.096	BLI	N.A.	N.A.
7can	34330908	10.1038/s41467-021-24905-z	0	auth_asym_id	A	N.A.	B	protein	33	BLI	303	N.A.
7cbp	32647830	10.1016/j.yjsbx.2020.100028	0	auth_asym_id	D	E	K;Q	protein;protein	N.A.	N.A.	N.A.	N.A.
7cbp	32647830	10.1016/j.yjsbx.2020.100028	0	auth_asym_id	R	S	N	protein	N.A.	N.A.	N.A.	N.A.
7cdi	33431856	10.1038/s41467-020-20501-9	0	auth_asym_id	H	L	E	protein	1.72	SPR	N.A.	N.A.
7cdj	33431856	10.1038/s41467-020-20501-9	0	auth_asym_id	H	L	E	protein	12.24	SPR	N.A.	N.A.
7ce2	33951441	10.1016/j.celrep.2021.109070	0	auth_asym_id	Z	B	A	protein	0.32	SPR	298	N.A.
7ceb	34188035	10.1038/s41467-021-24184-8	0	auth_asym_id	C	D	B	protein	0.2	flow cytometry	298	N.A.
7cec	34188035	10.1038/s41467-021-24184-8	0	auth_asym_id	F	G	B	protein	0.2	flow cytometry	298	N.A.
7cec	34188035	10.1038/s41467-021-24184-8	0	auth_asym_id	H	I	B	protein	N.A.	N.A.	N.A.	N.A.
7cgw	33527708	10.1002/2211-5463.13102	0	auth_asym_id	A	B	C	protein	0.114	SPR	293	N.A.
7cgw	33527708	10.1002/2211-5463.13102	0	auth_asym_id	H	L	P	protein	0.114	SPR	293	N.A.
7ch4	32970990	10.1016/j.cell.2020.09.035	0	auth_asym_id	H	L	R	protein	0.18	SPR	N.A.	N.A.
7ch5	32970990	10.1016/j.cell.2020.09.035	0	auth_asym_id	H	L	R	protein	0.78	SPR	N.A.	N.A.
7chb	32970990	10.1016/j.cell.2020.09.035	0	auth_asym_id	H	L	R	protein	2.8	SPR	N.A.	N.A.
7chc	32970990	10.1016/j.cell.2020.09.035	0	auth_asym_id	A	B	R	protein	0.54	SPR	N.A.	N.A.
7chc	32970990	10.1016/j.cell.2020.09.035	0	auth_asym_id	H	L	R	protein	0.78	SPR	N.A.	N.A.
7che	32970990	10.1016/j.cell.2020.09.035	0	auth_asym_id	A	B	R	protein	0.54	SPR	N.A.	N.A.
7che	32970990	10.1016/j.cell.2020.09.035	0	auth_asym_id	H	L	R	protein	2.8	SPR	N.A.	N.A.
7chf	32970990	10.1016/j.cell.2020.09.035	0	auth_asym_id	A	B	R	protein	0.54	SPR	N.A.	N.A.
7chf	32970990	10.1016/j.cell.2020.09.035	0	auth_asym_id	H	L	R	protein	0.18	SPR	N.A.	N.A.
7chh	32970990	10.1016/j.cell.2020.09.035	0	auth_asym_id	D	E	A	protein	N.A.	N.A.	N.A.	N.A.
7chh	32970990	10.1016/j.cell.2020.09.035	0	auth_asym_id	G	H	B	protein	N.A.	N.A.	N.A.	N.A.
7chh	32970990	10.1016/j.cell.2020.09.035	0	auth_asym_id	J	K	C	protein	N.A.	N.A.	N.A.	N.A.
7cho	34244522	10.1038/s41467-021-24514-w	0	auth_asym_id	B	C	A	protein	14.02	SPR	N.A.	important KD data paper
7cho	34244522	10.1038/s41467-021-24514-w	0	auth_asym_id	H	L	E	protein	14.02	SPR	N.A.	important KD data paper
7chp	34244522	10.1038/s41467-021-24514-w	0	auth_asym_id	H	L	E	protein	1.3	SPR	N.A.	N.A.
7chs	34244522	10.1038/s41467-021-24514-w	0	auth_asym_id	H	L	E	protein	5.79	SPR	N.A.	N.A.
7chy	33359099	10.1016/j.jmb.2020.166766	0	auth_asym_id	H	L	I	protein	28.9	SPR	298	N.A.
7chz	33359099	10.1016/j.jmb.2020.166766	0	auth_asym_id	H	L	I	protein	0.645	SPR	298	N.A.
7cj2	N.A.	N.A.	0	auth_asym_id	C	D	A	protein	N.A.	N.A.	N.A.	N.A.
7cj2	N.A.	N.A.	0	auth_asym_id	K	L	B	protein	N.A.	N.A.	N.A.	N.A.
7cjf	33976198	10.1038/s41467-021-22926-2	0	auth_asym_id	A	B	C	protein	0.102	SPR	N.A.	important KD data paper
7cm4	33436577	10.1038/s41467-020-20602-5	0	auth_asym_id	H	L	A	protein	0.027	SPR	N.A.	N.A.
7cn2	33042588	10.1038/s41541-020-00236-w	0	auth_asym_id	M	m	A	protein	N.A.	N.A.	N.A.	N.A.
7cn2	33042588	10.1038/s41541-020-00236-w	0	auth_asym_id	K	k	B;C	protein;protein	N.A.	N.A.	N.A.	N.A.
7cn2	33042588	10.1038/s41541-020-00236-w	0	auth_asym_id	J	j	B;F	protein;protein	N.A.	N.A.	N.A.	N.A.
7cn2	33042588	10.1038/s41541-020-00236-w	0	auth_asym_id	H	L	C;D	protein;protein	N.A.	N.A.	N.A.	N.A.
7cn2	33042588	10.1038/s41541-020-00236-w	0	auth_asym_id	G	g	D;E	protein;protein	N.A.	N.A.	N.A.	N.A.
7cn2	33042588	10.1038/s41541-020-00236-w	0	auth_asym_id	I	i	E;F	protein;protein	N.A.	N.A.	N.A.	N.A.
7coe	35075213	10.1038/s41598-022-05318-4	0	auth_asym_id	H	L	A	protein	N.A.	N.A.	N.A.	N.A.
7coe	35075213	10.1038/s41598-022-05318-4	0	auth_asym_id	B	C	D	protein	N.A.	N.A.	N.A.	N.A.
7cqc	33950020	10.1107/S2059798321002527	0	auth_asym_id	H	L	A	protein	N.A.	N.A.	N.A.	N.A.
7cqd	33950020	10.1107/S2059798321002527	0	auth_asym_id	H	L	A	protein	N.A.	N.A.	N.A.	N.A.
7cqd	33950020	10.1107/S2059798321002527	0	auth_asym_id	I	M	B	protein	N.A.	N.A.	N.A.	N.A.
7cr5	33976229	10.1038/s41467-021-23036-9	0	auth_asym_id	H	L	A	protein	1.02	SPR	298	important KD data paper
7cth	34852239	10.1016/j.cell.2021.11.010	0	auth_asym_id	H	L	B;C	protein;protein	N.A.	N.A.	N.A.	N.A.
7cth	34852239	10.1016/j.cell.2021.11.010	0	auth_asym_id	I	M	B;C	protein;protein	N.A.	N.A.	N.A.	N.A.
7cu5	33063473	10.15252/embr.202051444	0	auth_asym_id	A	B	E;Q	protein;protein	5.92	SPR	310	N.A.
7cvs	33617898	10.1016/j.jmb.2021.166886	0	auth_asym_id	C	D	A	protein	N.A.	N.A.	N.A.	N.A.
7cvs	33617898	10.1016/j.jmb.2021.166886	0	auth_asym_id	E	F	B	protein	N.A.	N.A.	N.A.	N.A.
7cvt	33617898	10.1016/j.jmb.2021.166886	0	auth_asym_id	C	D	A	protein	N.A.	N.A.	N.A.	N.A.
7cvt	33617898	10.1016/j.jmb.2021.166886	0	auth_asym_id	E	F	B	protein	N.A.	N.A.	N.A.	N.A.
7cvy	33087569	10.1073/pnas.2008051117	0	auth_asym_id	D	E	B	protein	45.4	BLI	298	CA trace only
7cvy	33087569	10.1073/pnas.2008051117	0	auth_asym_id	I	J	G	protein	45.4	BLI	298	CA trace only
7cvy	33087569	10.1073/pnas.2008051117	0	auth_asym_id	N	O	L	protein	45.4	BLI	298	CA trace only
7cvy	33087569	10.1073/pnas.2008051117	0	auth_asym_id	S	T	Q	protein	45.4	BLI	298	CA trace only
7cwl	33262452	10.1038/s41422-020-00444-y	0	auth_asym_id	H	L	A	protein	0.0961	SPR	N.A.	N.A.
7cwl	33262452	10.1038/s41422-020-00444-y	0	auth_asym_id	G	J	B	protein	0.0961	SPR	N.A.	N.A.
7cwl	33262452	10.1038/s41422-020-00444-y	0	auth_asym_id	I	K	C	protein	0.0961	SPR	N.A.	N.A.
7cwm	33262452	10.1038/s41422-020-00444-y	0	auth_asym_id	H	L	A	protein	0.0961	SPR	N.A.	N.A.
7cwm	33262452	10.1038/s41422-020-00444-y	0	auth_asym_id	G	J	B	protein	0.0961	SPR	N.A.	N.A.
7cwm	33262452	10.1038/s41422-020-00444-y	0	auth_asym_id	I	K	C	protein	0.0961	SPR	N.A.	N.A.
7cwn	33262452	10.1038/s41422-020-00444-y	0	auth_asym_id	G	F	A	protein	0.0961	SPR	N.A.	N.A.
7cwn	33262452	10.1038/s41422-020-00444-y	0	auth_asym_id	K	I	B	protein	0.0961	SPR	N.A.	N.A.
7cwn	33262452	10.1038/s41422-020-00444-y	0	auth_asym_id	L	J	C	protein	0.0961	SPR	N.A.	N.A.
7cwn	33262452	10.1038/s41422-020-00444-y	0	auth_asym_id	O	M	A	protein	N.A.	N.A.	N.A.	N.A.
7cwn	33262452	10.1038/s41422-020-00444-y	0	auth_asym_id	E	D	B	protein	N.A.	N.A.	N.A.	N.A.
7cwn	33262452	10.1038/s41422-020-00444-y	0	auth_asym_id	H	N	C	protein	N.A.	N.A.	N.A.	N.A.
7cwo	33262452	10.1038/s41422-020-00444-y	0	auth_asym_id	H	L	A	protein	0.0961	SPR	N.A.	N.A.
7cws	33262454	10.1038/s41422-020-00446-w	0	auth_asym_id	I	H	O	protein	N.A.	N.A.	N.A.	N.A.
7cws	33262454	10.1038/s41422-020-00446-w	0	auth_asym_id	E	D	Q	protein	N.A.	N.A.	N.A.	N.A.
7cws	33262454	10.1038/s41422-020-00446-w	0	auth_asym_id	G	F	R	protein	N.A.	N.A.	N.A.	N.A.
7cws	33262454	10.1038/s41422-020-00446-w	0	auth_asym_id	N	K	O	protein	N.A.	N.A.	N.A.	N.A.
7cws	33262454	10.1038/s41422-020-00446-w	0	auth_asym_id	L	C	Q	protein	N.A.	N.A.	N.A.	N.A.
7cws	33262454	10.1038/s41422-020-00446-w	0	auth_asym_id	P	M	R	protein	N.A.	N.A.	N.A.	N.A.
7cwt	33262454	10.1038/s41422-020-00446-w	0	auth_asym_id	E	D	A	protein	N.A.	N.A.	N.A.	N.A.
7cwt	33262454	10.1038/s41422-020-00446-w	0	auth_asym_id	G	F	B	protein	N.A.	N.A.	N.A.	N.A.
7cwt	33262454	10.1038/s41422-020-00446-w	0	auth_asym_id	I	J	C	protein	N.A.	N.A.	N.A.	N.A.
7cwt	33262454	10.1038/s41422-020-00446-w	0	auth_asym_id	L	H	A	protein	N.A.	N.A.	N.A.	N.A.
7cwt	33262454	10.1038/s41422-020-00446-w	0	auth_asym_id	N	K	B	protein	N.A.	N.A.	N.A.	N.A.
7cwt	33262454	10.1038/s41422-020-00446-w	0	auth_asym_id	P	M	C	protein	N.A.	N.A.	N.A.	N.A.
7cwu	33262454	10.1038/s41422-020-00446-w	0	auth_asym_id	J	F	A	protein	N.A.	N.A.	N.A.	N.A.
7cwu	33262454	10.1038/s41422-020-00446-w	0	auth_asym_id	N	G	B	protein	N.A.	N.A.	N.A.	N.A.
7cwu	33262454	10.1038/s41422-020-00446-w	0	auth_asym_id	P	I	C	protein	N.A.	N.A.	N.A.	N.A.
7cwu	33262454	10.1038/s41422-020-00446-w	0	auth_asym_id	O	S	A	protein	N.A.	N.A.	N.A.	N.A.
7cwu	33262454	10.1038/s41422-020-00446-w	0	auth_asym_id	H	L	B	protein	N.A.	N.A.	N.A.	N.A.
7cwu	33262454	10.1038/s41422-020-00446-w	0	auth_asym_id	M	R	C	protein	N.A.	N.A.	N.A.	N.A.
7cyh	N.A.	N.A.	0	auth_asym_id	E	D	A	protein	N.A.	N.A.	N.A.	N.A.
7cyp	34676096	10.1093/nsr/nwaa297	0	auth_asym_id	E	D	A	protein	0.067	SPR	N.A.	N.A.
7cyp	34676096	10.1093/nsr/nwaa297	0	auth_asym_id	G	F	B	protein	0.067	SPR	N.A.	N.A.
7cyp	34676096	10.1093/nsr/nwaa297	0	auth_asym_id	I	H	C	protein	0.067	SPR	N.A.	N.A.
7cyv	34672091	10.15252/emmm.202114544	0	auth_asym_id	H	N.A.	B	protein	5.6	BLI	303	N.A.
7cz0	N.A.	N.A.	0	auth_asym_id	E	N.A.	A	protein	N.A.	N.A.	N.A.	N.A.
7cz0	N.A.	N.A.	0	auth_asym_id	F	N.A.	B	protein	N.A.	N.A.	N.A.	N.A.
7cz0	N.A.	N.A.	0	auth_asym_id	G	N.A.	C	protein	N.A.	N.A.	N.A.	N.A.
7cz0	N.A.	N.A.	0	auth_asym_id	H	N.A.	D	protein	N.A.	N.A.	N.A.	N.A.
7czd	34172514	10.1136/jitc-2020-002131	0	auth_asym_id	A	N.A.	B;D	protein;protein	1.6	BLI	N.A.	N.A.
7czd	34172514	10.1136/jitc-2020-002131	0	auth_asym_id	C	N.A.	D	protein	1.6	BLI	N.A.	N.A.
7czp	33731853	10.1038/s41422-021-00487-9	0	auth_asym_id	H	L	A	protein	26.97	SPR	N.A.	N.A.
7czp	33731853	10.1038/s41422-021-00487-9	0	auth_asym_id	J	N	C	protein	26.97	SPR	N.A.	N.A.
7czq	33731853	10.1038/s41422-021-00487-9	0	auth_asym_id	H	K	A	protein	50.77	SPR	N.A.	N.A.
7czq	33731853	10.1038/s41422-021-00487-9	0	auth_asym_id	J	N	C	protein	50.77	SPR	N.A.	N.A.
7czr	33731853	10.1038/s41422-021-00487-9	0	auth_asym_id	H	K	A	protein	1.09	SPR	N.A.	N.A.
7czr	33731853	10.1038/s41422-021-00487-9	0	auth_asym_id	J	N	C	protein	1.09	SPR	N.A.	N.A.
7czs	33731853	10.1038/s41422-021-00487-9	0	auth_asym_id	H	K	A	protein	1.09	SPR	N.A.	N.A.
7czs	33731853	10.1038/s41422-021-00487-9	0	auth_asym_id	I	M	B	protein	1.09	SPR	N.A.	N.A.
7czs	33731853	10.1038/s41422-021-00487-9	0	auth_asym_id	J	N	C	protein	1.09	SPR	N.A.	N.A.
7czt	33731853	10.1038/s41422-021-00487-9	0	auth_asym_id	H	L	A	protein	6.98	SPR	N.A.	N.A.
7czt	33731853	10.1038/s41422-021-00487-9	0	auth_asym_id	I	M	C	protein	6.98	SPR	N.A.	N.A.
7czu	33731853	10.1038/s41422-021-00487-9	0	auth_asym_id	H	K	A	protein	1.01	SPR	N.A.	N.A.
7czu	33731853	10.1038/s41422-021-00487-9	0	auth_asym_id	J	N	C	protein	1.01	SPR	N.A.	N.A.
7czv	33731853	10.1038/s41422-021-00487-9	0	auth_asym_id	H	K	A	protein	1.01	SPR	N.A.	N.A.
7czv	33731853	10.1038/s41422-021-00487-9	0	auth_asym_id	I	M	B	protein	1.01	SPR	N.A.	N.A.
7czv	33731853	10.1038/s41422-021-00487-9	0	auth_asym_id	J	N	C	protein	1.01	SPR	N.A.	N.A.
7czw	33731853	10.1038/s41422-021-00487-9	0	auth_asym_id	H	L	A	protein	3.55	SPR	N.A.	N.A.
7czw	33731853	10.1038/s41422-021-00487-9	0	auth_asym_id	J	N	C	protein	3.55	SPR	N.A.	N.A.
7czx	33731853	10.1038/s41422-021-00487-9	0	auth_asym_id	H	K	A	protein	0.75	SPR	N.A.	N.A.
7czx	33731853	10.1038/s41422-021-00487-9	0	auth_asym_id	J	N	A;C	protein;protein	0.75	SPR	N.A.	N.A.
7czx	33731853	10.1038/s41422-021-00487-9	0	auth_asym_id	I	M	B	protein	0.75	SPR	N.A.	N.A.
7czy	33731853	10.1038/s41422-021-00487-9	0	auth_asym_id	H	K	A	protein	5.33	SPR	N.A.	N.A.
7czy	33731853	10.1038/s41422-021-00487-9	0	auth_asym_id	J	N	C	protein	5.33	SPR	N.A.	N.A.
7czz	33731853	10.1038/s41422-021-00487-9	0	auth_asym_id	H	K	A	protein	5.33	SPR	N.A.	N.A.
7czz	33731853	10.1038/s41422-021-00487-9	0	auth_asym_id	I	M	B	protein	5.33	SPR	N.A.	N.A.
7czz	33731853	10.1038/s41422-021-00487-9	0	auth_asym_id	J	N	C	protein	5.33	SPR	N.A.	N.A.
7d00	33731853	10.1038/s41422-021-00487-9	0	auth_asym_id	H	K	A	protein	6.98	SPR	N.A.	N.A.
7d00	33731853	10.1038/s41422-021-00487-9	0	auth_asym_id	J	N	C	protein	6.98	SPR	N.A.	N.A.
7d03	33731853	10.1038/s41422-021-00487-9	0	auth_asym_id	H	L	A	protein	3.55	SPR	N.A.	N.A.
7d0b	33731853	10.1038/s41422-021-00487-9	0	auth_asym_id	H	L	A	protein	1.03	SPR	N.A.	N.A.
7d0c	33731853	10.1038/s41422-021-00487-9	0	auth_asym_id	H	L	A	protein	90.09	SPR	N.A.	N.A.
7d0c	33731853	10.1038/s41422-021-00487-9	0	auth_asym_id	G	F	C	protein	90.09	SPR	N.A.	N.A.
7d0d	33731853	10.1038/s41422-021-00487-9	0	auth_asym_id	H	L	A	protein	1.03	SPR	N.A.	N.A.
7d0d	33731853	10.1038/s41422-021-00487-9	0	auth_asym_id	G	F	B	protein	1.03	SPR	N.A.	N.A.
7d2z	33657135	10.1371/journal.ppat.1009328	0	auth_asym_id	A	N.A.	B	protein	5.6	BLI	303	N.A.
7d3k	33909694	10.1371/journal.ppat.1009507	0	auth_asym_id	H	L	2	protein	N.A.	N.A.	N.A.	N.A.
7d4b	34172514	10.1136/jitc-2020-002131	0	auth_asym_id	B	N.A.	A	protein	4.9	BLI	N.A.	N.A.
7d4g	34676098	10.1093/nsr/nwab053	0	auth_asym_id	N	G	B	protein	N.A.	N.A.	N.A.	N.A.
7d5b	33719429	10.1021/acs.jmedchem.0c01858	0	auth_asym_id	D	N.A.	A	protein	N.A.	N.A.	N.A.	N.A.
7d5p	34226658	10.1038/s42003-021-02357-x	0	auth_asym_id	C	N.A.	A	protein	46.6	ITC	298	N.A.
7d5p	34226658	10.1038/s42003-021-02357-x	0	auth_asym_id	D	N.A.	B	protein	46.6	ITC	298	N.A.
7d5q	34226658	10.1038/s42003-021-02357-x	0	auth_asym_id	C	N.A.	A	protein	N.A.	N.A.	N.A.	N.A.
7d5q	34226658	10.1038/s42003-021-02357-x	0	auth_asym_id	D	N.A.	B	protein	N.A.	N.A.	N.A.	N.A.
7d5u	33719429	10.1021/acs.jmedchem.0c01858	0	auth_asym_id	D	N.A.	A	protein	N.A.	N.A.	N.A.	N.A.
7d5z	N.A.	N.A.	0	auth_asym_id	D	C	A	protein	N.A.	N.A.	N.A.	N.A.
7d5z	N.A.	N.A.	0	auth_asym_id	H	G	E	protein	N.A.	N.A.	N.A.	N.A.
7d5z	N.A.	N.A.	0	auth_asym_id	L	K	I	protein	N.A.	N.A.	N.A.	N.A.
7d5z	N.A.	N.A.	0	auth_asym_id	P	O	M	protein	N.A.	N.A.	N.A.	N.A.
7d6i	N.A.	N.A.	0	auth_asym_id	B	C	A	protein	N.A.	N.A.	N.A.	N.A.
7d6y	N.A.	N.A.	0	auth_asym_id	B	N.A.	A	protein	154.3	SPR	N.A.	N.A.
7d85	33782100	10.1158/1535-7163.MCT-20-0907	0	auth_asym_id	B	C	A	protein	<0.075	SPR	N.A.	N.A.
7d85	33782100	10.1158/1535-7163.MCT-20-0907	0	auth_asym_id	E	F	D	protein	<0.075	SPR	N.A.	N.A.
7d8b	35982046	10.1038/s41467-022-32463-1	0	auth_asym_id	B	N.A.	A	protein	0.057	SPR	N.A.	N.A.
7d8b	35982046	10.1038/s41467-022-32463-1	0	auth_asym_id	D	N.A.	C	protein	0.057	SPR	N.A.	N.A.
7daa	34625749	10.1038/s41594-021-00665-8	0	auth_asym_id	H	L	A	protein	N.A.	N.A.	N.A.	N.A.
7dc8	33357423	10.1016/j.celrep.2020.108542	0	auth_asym_id	B	A	C	protein	48	SPR	310	ATP-dependent binding
7dc8	33357423	10.1016/j.celrep.2020.108542	0	auth_asym_id	E	D	F	protein	48	SPR	310	ATP-dependent binding
7dcc	33431876	10.1038/s41467-020-20465-w	0	auth_asym_id	D	H	E	protein	<0.001	BLI	N.A.	N.A.
7dcc	33431876	10.1038/s41467-020-20465-w	0	auth_asym_id	B	M	I	protein	<0.001	BLI	N.A.	N.A.
7dcc	33431876	10.1038/s41467-020-20465-w	0	auth_asym_id	A	F	K	protein	<0.001	BLI	N.A.	N.A.
7dcx	33431876	10.1038/s41467-020-20465-w	0	auth_asym_id	A	F	C	protein	<0.001	BLI	N.A.	N.A.
7dcx	33431876	10.1038/s41467-020-20465-w	0	auth_asym_id	B	G	D	protein	<0.001	BLI	N.A.	N.A.
7dcx	33431876	10.1038/s41467-020-20465-w	0	auth_asym_id	E	H	K	protein	<0.001	BLI	N.A.	N.A.
7dd2	33431876	10.1038/s41467-020-20465-w	0	auth_asym_id	A	B	C	protein	<0.001	BLI	N.A.	N.A.
7dd2	33431876	10.1038/s41467-020-20465-w	0	auth_asym_id	E	H	K	protein	<0.001	BLI	N.A.	N.A.
7deo	33961621	10.1371/journal.pbio.3001209	0	auth_asym_id	A	N.A.	B	protein	2.33	BLI	N.A.	important KD data paper
7deo	33961621	10.1371/journal.pbio.3001209	0	auth_asym_id	C	N.A.	D	protein	2.33	BLI	N.A.	important KD data paper
7det	33961621	10.1371/journal.pbio.3001209	0	auth_asym_id	B	N.A.	A	protein	0.0507	BLI	N.A.	N.A.
7det	33961621	10.1371/journal.pbio.3001209	0	auth_asym_id	D	N.A.	C	protein	0.0507	BLI	N.A.	N.A.
7deu	33961621	10.1371/journal.pbio.3001209	0	auth_asym_id	B	N.A.	A	protein	<0.001	BLI	N.A.	N.A.
7df1	36424464	10.1038/s41551-022-00956-5	0	auth_asym_id	F	J	C	protein	58.2	SPR	N.A.	N.A.
7df1	36424464	10.1038/s41551-022-00956-5	0	auth_asym_id	G	K	D	protein	58.2	SPR	N.A.	N.A.
7dfp	33353947	10.1038/s41467-020-20221-0	0	auth_asym_id	C	B	A	protein	N.A.	N.A.	N.A.	N.A.
7dge	33278019	10.1007/s13238-020-00808-5	0	auth_asym_id	C	N.A.	A	protein	N.A.	N.A.	N.A.	N.A.
7dge	33278019	10.1007/s13238-020-00808-5	0	auth_asym_id	D	N.A.	B	protein	N.A.	N.A.	N.A.	N.A.
7dha	33360095	10.1016/j.bbrc.2020.12.048	0	auth_asym_id	C	B	A	protein	4.36	SPR	N.A.	N.A.
7djz	35332252	10.1038/s42003-022-03207-0	0	auth_asym_id	A	B	C	protein	N.A.	N.A.	N.A.	N.A.
7dk0	35332252	10.1038/s42003-022-03207-0	0	auth_asym_id	A	B	C	protein	N.A.	N.A.	N.A.	N.A.
7dk2	N.A.	N.A.	0	auth_asym_id	A	B	C	protein	N.A.	N.A.	N.A.	N.A.
7dk2	N.A.	N.A.	0	auth_asym_id	D	E	F	protein	N.A.	N.A.	N.A.	N.A.
7dk2	N.A.	N.A.	0	auth_asym_id	G	H	I	protein	N.A.	N.A.	N.A.	N.A.
7dk2	N.A.	N.A.	0	auth_asym_id	J	K	L	protein	N.A.	N.A.	N.A.	N.A.
7dk4	33431876	10.1038/s41467-020-20465-w	0	auth_asym_id	a	b	A	protein	0.18	BLI	N.A.	N.A.
7dk4	33431876	10.1038/s41467-020-20465-w	0	auth_asym_id	c	d	B	protein	0.18	BLI	N.A.	N.A.
7dk4	33431876	10.1038/s41467-020-20465-w	0	auth_asym_id	e	f	C	protein	0.18	BLI	N.A.	N.A.
7dk5	33431876	10.1038/s41467-020-20465-w	0	auth_asym_id	a	b	A	protein	0.18	BLI	N.A.	N.A.
7dk6	33431876	10.1038/s41467-020-20465-w	0	auth_asym_id	a	b	A	protein	0.18	BLI	N.A.	N.A.
7dk6	33431876	10.1038/s41467-020-20465-w	0	auth_asym_id	c	d	B	protein	0.18	BLI	N.A.	N.A.
7dk7	33431876	10.1038/s41467-020-20465-w	0	auth_asym_id	a	b	A	protein	0.18	BLI	N.A.	N.A.
7dk7	33431876	10.1038/s41467-020-20465-w	0	auth_asym_id	c	d	B	protein	0.18	BLI	N.A.	N.A.
7dk7	33431876	10.1038/s41467-020-20465-w	0	auth_asym_id	e	f	C	protein	0.18	BLI	N.A.	N.A.
7dkj	N.A.	N.A.	0	auth_asym_id	C	D	A	protein	N.A.	N.A.	N.A.	N.A.
7dkj	N.A.	N.A.	0	auth_asym_id	G	H	E	protein	N.A.	N.A.	N.A.	N.A.
7dkj	N.A.	N.A.	0	auth_asym_id	K	L	I	protein	N.A.	N.A.	N.A.	N.A.
7dm1	33504803	10.1038/s41467-021-20930-0	0	auth_asym_id	D	C	A	protein	1.44	SPR	298	important KD data paper
7dm1	33504803	10.1038/s41467-021-20930-0	0	auth_asym_id	F	E	B	protein	1.44	SPR	298	important KD data paper
7dm2	33504803	10.1038/s41467-021-20930-0	0	auth_asym_id	H	L	A	protein	1.34	SPR	298	N.A.
7dpm	34313527	10.1080/19420862.2021.1953683	0	auth_asym_id	A	B	C	protein	5.45	BLI	N.A.	N.A.
7dpm	34313527	10.1080/19420862.2021.1953683	0	auth_asym_id	D	E	F	protein	5.45	BLI	N.A.	N.A.
7dpm	34313527	10.1080/19420862.2021.1953683	0	auth_asym_id	G	H	I	protein	5.45	BLI	N.A.	N.A.
7dpm	34313527	10.1080/19420862.2021.1953683	0	auth_asym_id	J	K	L	protein	5.45	BLI	N.A.	N.A.
7dq7	33539764	10.1016/j.chom.2021.01.001	0	auth_asym_id	H	L	B	protein	22.6	SPR	N.A.	N.A.
7dr4	33796411	10.1080/2162402X.2021.1899671	0	auth_asym_id	A	B	G;J	protein;protein	0.0811	SPR	N.A.	N.A.
7dr4	33796411	10.1080/2162402X.2021.1899671	0	auth_asym_id	H	L	I;K	protein;protein	0.0811	SPR	N.A.	N.A.
7dst	33599962	10.1007/s13238-021-00828-9	0	auth_asym_id	E	N.A.	C	protein	1	SPR	298	N.A.
7duo	N.A.	N.A.	0	auth_asym_id	H	L	B	protein	N.A.	N.A.	N.A.	N.A.
7dv4	35925889	10.1073/pnas.2200879119	0	auth_asym_id	B	N.A.	A	protein	0.0428	BLI	N.A.	N.A.
7dv4	35925889	10.1073/pnas.2200879119	0	auth_asym_id	H	N.A.	A;G	protein;protein	0.0428	BLI	N.A.	N.A.
7dv4	35925889	10.1073/pnas.2200879119	0	auth_asym_id	D	N.A.	C	protein	0.0428	BLI	N.A.	N.A.
7dv4	35925889	10.1073/pnas.2200879119	0	auth_asym_id	F	N.A.	C;E	protein;protein	0.0428	BLI	N.A.	N.A.
7dw9	33742150	10.1038/s41422-021-00480-2	0	auth_asym_id	N	N.A.	A;B	protein;protein	N.A.	N.A.	N.A.	N.A.
7dw9	33742150	10.1038/s41422-021-00480-2	0	auth_asym_id	S	N.A.	A;B	protein;protein	N.A.	N.A.	N.A.	N.A.
7dwt	33621239	10.1371/journal.ppat.1009331	0	auth_asym_id	H	L	A	protein	0.844	BLI	310	CA trace only
7dwu	33621239	10.1371/journal.ppat.1009331	0	auth_asym_id	H	L	C	protein	0.844	BLI	310	CA trace only
7dx4	34676098	10.1093/nsr/nwab053	0	auth_asym_id	H	L	E	protein	N.A.	N.A.	N.A.	N.A.
7dzx	34139176	10.1016/j.cell.2021.05.032	0	auth_asym_id	H	L	C	protein	N.A.	N.A.	N.A.	N.A.
7dzy	34139176	10.1016/j.cell.2021.05.032	0	auth_asym_id	O	P	A	protein	N.A.	N.A.	N.A.	N.A.
7dzy	34139176	10.1016/j.cell.2021.05.032	0	auth_asym_id	H	L	B	protein	N.A.	N.A.	N.A.	N.A.
7dzy	34139176	10.1016/j.cell.2021.05.032	0	auth_asym_id	M	N	C	protein	N.A.	N.A.	N.A.	N.A.
7e23	33893388	10.1038/s42003-021-02029-w	0	auth_asym_id	B	C	A	protein	0.698	BLI	N.A.	N.A.
7e39	34285195	10.1038/s41421-021-00292-z	0	auth_asym_id	C	B	A	protein	0.523	SPR	N.A.	important KD data paper
7e3b	34285195	10.1038/s41421-021-00292-z	0	auth_asym_id	B	C	A	protein	1.39	SPR	N.A.	N.A.
7e3c	34285195	10.1038/s41421-021-00292-z	0	auth_asym_id	B	C	A	protein	1.53	SPR	N.A.	N.A.
7e3k	34728625	10.1038/s41467-021-26539-7	0	auth_asym_id	D	E	A	protein	51.2	SPR	N.A.	N.A.
7e3k	34728625	10.1038/s41467-021-26539-7	0	auth_asym_id	F	G	B	protein	51.2	SPR	N.A.	N.A.
7e3k	34728625	10.1038/s41467-021-26539-7	0	auth_asym_id	H	L	C	protein	51.2	SPR	N.A.	N.A.
7e3l	34728625	10.1038/s41467-021-26539-7	0	auth_asym_id	D	E	A	protein	5.07	SPR	N.A.	N.A.
7e3l	34728625	10.1038/s41467-021-26539-7	0	auth_asym_id	F	G	B	protein	5.07	SPR	N.A.	N.A.
7e3l	34728625	10.1038/s41467-021-26539-7	0	auth_asym_id	H	L	C	protein	5.07	SPR	N.A.	N.A.
7e3o	34643438	10.1128/Spectrum.01352-21	0	auth_asym_id	H	L	R	protein	8.02	SPR	298	important KD data paper
7e53	34098312	10.1016/j.bbrc.2021.05.089	0	auth_asym_id	B	N.A.	A	protein	15.8	ITC	293	N.A.
7e5o	34508662	10.1016/j.immuni.2021.08.025	0	auth_asym_id	H	L	A	protein	1.2	BLI	303	N.A.
7e5r	33782529	10.1038/s41422-021-00497-7	0	auth_asym_id	L	H	A	protein	1.1	SPR	N.A.	N.A.
7e5r	33782529	10.1038/s41422-021-00497-7	0	auth_asym_id	N	D	B	protein	1.1	SPR	N.A.	N.A.
7e5r	33782529	10.1038/s41422-021-00497-7	0	auth_asym_id	O	E	C	protein	1.1	SPR	N.A.	N.A.
7e5r	33782529	10.1038/s41422-021-00497-7	0	auth_asym_id	M	U	A	protein	0.14	SPR	N.A.	N.A.
7e5r	33782529	10.1038/s41422-021-00497-7	0	auth_asym_id	T	V	B	protein	0.14	SPR	N.A.	N.A.
7e5r	33782529	10.1038/s41422-021-00497-7	0	auth_asym_id	I	K	C	protein	0.14	SPR	N.A.	N.A.
7e5r	33782529	10.1038/s41422-021-00497-7	0	auth_asym_id	P	Q	A	protein	4.322	SPR	N.A.	KD from DOI: 10.1093/nsr/nwab053
7e5r	33782529	10.1038/s41422-021-00497-7	0	auth_asym_id	W	R	B	protein	4.322	SPR	N.A.	KD from DOI: 10.1093/nsr/nwab053
7e5r	33782529	10.1038/s41422-021-00497-7	0	auth_asym_id	X	S	C	protein	4.322	SPR	N.A.	KD from DOI: 10.1093/nsr/nwab053
7e5s	33782529	10.1038/s41422-021-00497-7	0	auth_asym_id	P	N	A	protein	4.322	SPR	N.A.	KD from DOI: 10.1093/nsr/nwab053
7e5s	33782529	10.1038/s41422-021-00497-7	0	auth_asym_id	U	Q	B	protein	4.322	SPR	N.A.	KD from DOI: 10.1093/nsr/nwab053
7e5s	33782529	10.1038/s41422-021-00497-7	0	auth_asym_id	V	S	C	protein	4.322	SPR	N.A.	KD from DOI: 10.1093/nsr/nwab053
7e5s	33782529	10.1038/s41422-021-00497-7	0	auth_asym_id	R	O	A	protein	0.033	SPR	N.A.	N.A.
7e5s	33782529	10.1038/s41422-021-00497-7	0	auth_asym_id	I	K	B	protein	0.14	SPR	N.A.	N.A.
7e5s	33782529	10.1038/s41422-021-00497-7	0	auth_asym_id	J	T	C	protein	0.14	SPR	N.A.	N.A.
7e5s	33782529	10.1038/s41422-021-00497-7	0	auth_asym_id	L	D	B	protein	1.1	SPR	N.A.	N.A.
7e5s	33782529	10.1038/s41422-021-00497-7	0	auth_asym_id	E	H	C	protein	1.1	SPR	N.A.	N.A.
7e5y	34315862	10.1038/s41421-021-00295-w	0	auth_asym_id	C	B	A	protein	4.76	SPR	N.A.	important KD data paper
7e5y	34315862	10.1038/s41421-021-00295-w	0	auth_asym_id	H	L	R	protein	4.76	SPR	N.A.	important KD data paper
7e6u	34467854	10.7554/eLife.68578	0	auth_asym_id	B	N.A.	A	protein	0.24	SPR	298	N.A.
7e6u	34467854	10.7554/eLife.68578	0	auth_asym_id	D	N.A.	C	protein	0.24	SPR	298	N.A.
7e72	34725372	10.1038/s41467-021-26620-1	0	auth_asym_id	A	B	E	protein	N.A.	N.A.	N.A.	N.A.
7e72	34725372	10.1038/s41467-021-26620-1	0	auth_asym_id	C	D	F	protein	N.A.	N.A.	N.A.	N.A.
7e7e	34404805	10.1038/s41467-021-25331-x	0	auth_asym_id	H	L	A	protein	2.95	SPR	N.A.	N.A.
7e7e	34404805	10.1038/s41467-021-25331-x	0	auth_asym_id	C	D	B	protein	2.95	SPR	N.A.	N.A.
7e7x	34021265	10.1038/s41422-021-00514-9	0	auth_asym_id	H	L	A	protein	N.A.	N.A.	N.A.	N.A.
7e7x	34021265	10.1038/s41422-021-00514-9	0	auth_asym_id	M	N	B	protein	N.A.	N.A.	N.A.	N.A.
7e7y	34021265	10.1038/s41422-021-00514-9	0	auth_asym_id	C	D	E	protein	N.A.	N.A.	N.A.	N.A.
7e7y	34021265	10.1038/s41422-021-00514-9	0	auth_asym_id	A	B	R	protein	N.A.	N.A.	N.A.	N.A.
7e86	34021265	10.1038/s41422-021-00514-9	0	auth_asym_id	A	B	C	protein	N.A.	N.A.	N.A.	N.A.
7e88	34021265	10.1038/s41422-021-00514-9	0	auth_asym_id	A	B	C	protein	N.A.	N.A.	N.A.	N.A.
7e88	34021265	10.1038/s41422-021-00514-9	0	auth_asym_id	D	E	F	protein	N.A.	N.A.	N.A.	N.A.
7e88	34021265	10.1038/s41422-021-00514-9	0	auth_asym_id	G	H	I	protein	N.A.	N.A.	N.A.	N.A.
7e88	34021265	10.1038/s41422-021-00514-9	0	auth_asym_id	J	K	L	protein	N.A.	N.A.	N.A.	N.A.
7e8c	34021265	10.1038/s41422-021-00514-9	0	auth_asym_id	H	L	A	protein	N.A.	N.A.	N.A.	N.A.
7e8c	34021265	10.1038/s41422-021-00514-9	0	auth_asym_id	T	V	B	protein	N.A.	N.A.	N.A.	N.A.
7e8c	34021265	10.1038/s41422-021-00514-9	0	auth_asym_id	S	U	C	protein	N.A.	N.A.	N.A.	N.A.
7e8c	34021265	10.1038/s41422-021-00514-9	0	auth_asym_id	M	J	A	protein	N.A.	N.A.	N.A.	N.A.
7e8c	34021265	10.1038/s41422-021-00514-9	0	auth_asym_id	K	I	B	protein	N.A.	N.A.	N.A.	N.A.
7e8c	34021265	10.1038/s41422-021-00514-9	0	auth_asym_id	a	Z	C	protein	N.A.	N.A.	N.A.	N.A.
7e8c	34021265	10.1038/s41422-021-00514-9	0	auth_asym_id	O	Q	A	protein	N.A.	N.A.	N.A.	N.A.
7e8c	34021265	10.1038/s41422-021-00514-9	0	auth_asym_id	N	P	B	protein	N.A.	N.A.	N.A.	N.A.
7e8c	34021265	10.1038/s41422-021-00514-9	0	auth_asym_id	D	E	C	protein	N.A.	N.A.	N.A.	N.A.
7e8f	34021265	10.1038/s41422-021-00514-9	0	auth_asym_id	H	L	A	protein	N.A.	N.A.	N.A.	N.A.
7e8f	34021265	10.1038/s41422-021-00514-9	0	auth_asym_id	C	B	R	protein	N.A.	N.A.	N.A.	N.A.
7e8f	34021265	10.1038/s41422-021-00514-9	0	auth_asym_id	D	E	R	protein	N.A.	N.A.	N.A.	N.A.
7e8m	34166623	10.1016/j.immuni.2021.06.003	0	auth_asym_id	H	L	E	protein	21.9	SPR	291	N.A.
7e9b	34972111	10.1371/journal.pone.0257972	0	auth_asym_id	H	L	C	protein	2.42	BLI	298	N.A.
7e9g	34135510	10.1038/s41586-021-03495-2	0	auth_asym_id	D	N.A.	A;B	protein;protein	N.A.	N.A.	N.A.	N.A.
7e9g	34135510	10.1038/s41586-021-03495-2	0	auth_asym_id	E	N.A.	R;S	protein;protein	N.A.	N.A.	N.A.	N.A.
7e9g	34135510	10.1038/s41586-021-03495-2	0	auth_asym_id	F	N.A.	R;S	protein;protein	N.A.	N.A.	N.A.	N.A.
7e9n	N.A.	10.1038/s41392-022-00954-8	0	auth_asym_id	H	L	A	protein	0.00219	SPR	298	N.A.
7e9n	N.A.	10.1038/s41392-022-00954-8	0	auth_asym_id	P	O	B	protein	0.00219	SPR	298	N.A.
7e9n	N.A.	10.1038/s41392-022-00954-8	0	auth_asym_id	Y	X	C	protein	0.00219	SPR	298	N.A.
7e9o	N.A.	10.1038/s41392-022-00954-8	0	auth_asym_id	H	L	A	protein	0.00219	SPR	298	N.A.
7e9o	N.A.	10.1038/s41392-022-00954-8	0	auth_asym_id	P	O	B	protein	0.00219	SPR	298	N.A.
7e9o	N.A.	10.1038/s41392-022-00954-8	0	auth_asym_id	Y	X	C	protein	0.00219	SPR	298	N.A.
7e9p	N.A.	10.1038/s41392-022-00954-8	0	auth_asym_id	H	L	B	protein	0.00219	SPR	298	N.A.
7e9q	N.A.	10.1038/s41392-022-00954-8	0	auth_asym_id	H	L	A	protein	0.00219	SPR	298	N.A.
7e9q	N.A.	10.1038/s41392-022-00954-8	0	auth_asym_id	F	E	B	protein	0.00219	SPR	298	N.A.
7e9q	N.A.	10.1038/s41392-022-00954-8	0	auth_asym_id	Y	X	C	protein	0.00219	SPR	298	N.A.
7eam	N.A.	10.1038/s41467-021-25997-3	0	auth_asym_id	H	L	A	protein	0.003	SPR	N.A.	important KD data paper
7eam	N.A.	10.1038/s41467-021-25997-3	0	auth_asym_id	C	D	B	protein	0.003	SPR	N.A.	important KD data paper
7ean	34580306	10.1038/s41467-021-25997-3	0	auth_asym_id	H	L	A	protein	0.01	SPR	N.A.	N.A.
7eh5	34385690	10.1038/s41594-021-00652-z	0	auth_asym_id	D	O	A	protein	N.A.	N.A.	N.A.	N.A.
7eh5	34385690	10.1038/s41594-021-00652-z	0	auth_asym_id	E	P	B	protein	N.A.	N.A.	N.A.	N.A.
7eh5	34385690	10.1038/s41594-021-00652-z	0	auth_asym_id	F	Q	C	protein	N.A.	N.A.	N.A.	N.A.
7eh5	34385690	10.1038/s41594-021-00652-z	0	auth_asym_id	H	L	A	protein	N.A.	N.A.	N.A.	N.A.
7eh5	34385690	10.1038/s41594-021-00652-z	0	auth_asym_id	I	M	B	protein	N.A.	N.A.	N.A.	N.A.
7eh5	34385690	10.1038/s41594-021-00652-z	0	auth_asym_id	J	N	C	protein	N.A.	N.A.	N.A.	N.A.
7ej4	N.A.	N.A.	0	auth_asym_id	H	L	A	protein	N.A.	N.A.	N.A.	N.A.
7ej4	N.A.	N.A.	0	auth_asym_id	I	M	B	protein	N.A.	N.A.	N.A.	N.A.
7ej4	N.A.	N.A.	0	auth_asym_id	J	N	C	protein	N.A.	N.A.	N.A.	N.A.
7ej5	N.A.	N.A.	0	auth_asym_id	H	L	A	protein	N.A.	N.A.	N.A.	N.A.
7ej5	N.A.	N.A.	0	auth_asym_id	I	M	B	protein	N.A.	N.A.	N.A.	N.A.
7ej5	N.A.	N.A.	0	auth_asym_id	J	N	C	protein	N.A.	N.A.	N.A.	N.A.
7ejy	34480123	10.1038/s41422-021-00554-1	0	auth_asym_id	H	L	R	protein	0.204	SPR	N.A.	important KD data paper;
7ejz	34480123	10.1038/s41422-021-00554-1	0	auth_asym_id	H	L	R	protein	0.273	SPR	N.A.	N.A.
7ek0	34480123	10.1038/s41422-021-00554-1	0	auth_asym_id	H	L	R	protein	2.23	SPR	N.A.	N.A.
7elx	N.A.	N.A.	0	auth_asym_id	H	L	C	protein	N.A.	N.A.	N.A.	N.A.
7elx	N.A.	N.A.	0	auth_asym_id	h	l	c	protein	N.A.	N.A.	N.A.	N.A.
7enf	N.A.	10.1038/s41392-022-00954-8	0	auth_asym_id	P	O	B	protein	10.9	SPR	298	N.A.
7eng	N.A.	10.1038/s41392-022-00954-8	0	auth_asym_id	H	L	B	protein	10.9	SPR	298	N.A.
7eo0	34406868	10.1128/JVI.00881-21	0	auth_asym_id	H	L	3	protein	N.A.	N.A.	N.A.	N.A.
7eow	34144500	10.1016/j.bbrc.2021.06.030	0	auth_asym_id	B	N.A.	A	protein	4.4	N.A.	N.A.	N.A.
7epb	34135509	10.1038/s41586-021-03641-w	0	auth_asym_id	C	N.A.	A;B	protein;protein	N.A.	N.A.	N.A.	N.A.
7epb	34135509	10.1038/s41586-021-03641-w	0	auth_asym_id	D	N.A.	A;B	protein;protein	N.A.	N.A.	N.A.	N.A.
7epu	34210977	10.1038/s41467-021-24320-4	0	auth_asym_id	A	N.A.	B	protein	N.A.	N.A.	N.A.	N.A.
7epx	35443747	10.1038/s41421-022-00401-6	0	auth_asym_id	H	L	A	protein	0.65	BLI	303	N.A.
7epx	35443747	10.1038/s41421-022-00401-6	0	auth_asym_id	I	M	B	protein	0.65	BLI	303	N.A.
7ew5	38160175	10.1016/j.scib.2023.12.021	0	auth_asym_id	E	F	A;D	protein;protein	N.A.	N.A.	N.A.	N.A.
7ew5	38160175	10.1016/j.scib.2023.12.021	0	auth_asym_id	B	C	A;M	protein;protein	N.A.	N.A.	N.A.	N.A.
7ew5	38160175	10.1016/j.scib.2023.12.021	0	auth_asym_id	H	I	D;G	protein;protein	N.A.	N.A.	N.A.	N.A.
7ew5	38160175	10.1016/j.scib.2023.12.021	0	auth_asym_id	K	L	G;J	protein;protein	N.A.	N.A.	N.A.	N.A.
7ew5	38160175	10.1016/j.scib.2023.12.021	0	auth_asym_id	N	O	J;M	protein;protein	N.A.	N.A.	N.A.	N.A.
7ew5	38160175	10.1016/j.scib.2023.12.021	0	auth_asym_id	T	U	P;S	protein;protein	N.A.	N.A.	N.A.	N.A.
7ew5	38160175	10.1016/j.scib.2023.12.021	0	auth_asym_id	Q	R	P;b	protein;protein	N.A.	N.A.	N.A.	N.A.
7ew5	38160175	10.1016/j.scib.2023.12.021	0	auth_asym_id	W	X	S;V	protein;protein	N.A.	N.A.	N.A.	N.A.
7ew5	38160175	10.1016/j.scib.2023.12.021	0	auth_asym_id	Z	a	V;Y	protein;protein	N.A.	N.A.	N.A.	N.A.
7ew5	38160175	10.1016/j.scib.2023.12.021	0	auth_asym_id	g	j	Y;b	protein;protein	N.A.	N.A.	N.A.	N.A.
7ey0	34433900	10.1038/s41422-021-00555-0	0	auth_asym_id	A	B	R	protein	N.A.	N.A.	N.A.	N.A.
7ey0	34433900	10.1038/s41422-021-00555-0	0	auth_asym_id	H	L	R	protein	N.A.	N.A.	N.A.	N.A.
7ey5	34433900	10.1038/s41422-021-00555-0	0	auth_asym_id	B	C	A	protein	N.A.	N.A.	N.A.	N.A.
7ey5	34433900	10.1038/s41422-021-00555-0	0	auth_asym_id	H	L	A	protein	N.A.	N.A.	N.A.	N.A.
7eya	34433900	10.1038/s41422-021-00555-0	0	auth_asym_id	H	L	R	protein	N.A.	N.A.	N.A.	N.A.
7ezv	34433900	10.1038/s41422-021-00555-0	0	auth_asym_id	H	L	A	protein	N.A.	N.A.	N.A.	N.A.
7ezv	34433900	10.1038/s41422-021-00555-0	0	auth_asym_id	M	N	A	protein	N.A.	N.A.	N.A.	N.A.
7f0x	N.A.	N.A.	0	auth_asym_id	B	N.A.	A	protein	N.A.	N.A.	N.A.	N.A.
7f12	N.A.	N.A.	0	auth_asym_id	B	N.A.	A	protein	N.A.	N.A.	N.A.	N.A.
7f15	N.A.	N.A.	0	auth_asym_id	B	N.A.	A	protein	N.A.	N.A.	N.A.	N.A.
7f1g	34553947	10.1021/acs.jmedchem.1c00359	0	auth_asym_id	D	N.A.	A	protein	N.A.	N.A.	N.A.	N.A.
7f3q	37077472	10.1093/abt/tbad002	0	auth_asym_id	C	B	A	protein	4.32	BLI	N.A.	N.A.
7f3q	37077472	10.1093/abt/tbad002	0	auth_asym_id	H	L	A	protein	0.217	BLI	N.A.	N.A.
7f5g	35460753	10.1016/j.ijbiomac.2022.04.096	0	auth_asym_id	B	N.A.	A	protein	0.25	BLI	N.A.	N.A.
7f5g	35460753	10.1016/j.ijbiomac.2022.04.096	0	auth_asym_id	D	N.A.	C	protein	0.25	BLI	N.A.	N.A.
7f5h	35722331	10.3389/fmicb.2022.875840	0	auth_asym_id	C	N.A.	A	protein	1.56	BLI	303	N.A.
7f5h	35722331	10.3389/fmicb.2022.875840	0	auth_asym_id	D	N.A.	B	protein	1.56	BLI	303	N.A.
7f62	34673836	10.1371/journal.ppat.1009704	0	auth_asym_id	H	L	A	protein	6.33	BLI	298	N.A.
7f63	34673836	10.1371/journal.ppat.1009704	0	auth_asym_id	H	L	A	protein	0.282	BLI	298	N.A.
7f6y	34480123	10.1038/s41422-021-00554-1	0	auth_asym_id	H	L	R	protein	1	SPR	N.A.	N.A.
7f6z	34480123	10.1038/s41422-021-00554-1	0	auth_asym_id	H	L	R	protein	1.42	SPR	N.A.	N.A.
7f7e	35060840	10.1080/22221751.2022.2032374	0	auth_asym_id	C	L	E	protein	N.A.	N.A.	N.A.	N.A.
7f7h	N.A.	N.A.	0	auth_asym_id	A	B	E	protein	N.A.	N.A.	N.A.	N.A.
7f7h	N.A.	N.A.	0	auth_asym_id	C	D	F	protein	N.A.	N.A.	N.A.	N.A.
7f9w	34824364	10.1038/s41598-021-02449-y	0	auth_asym_id	B	C	A	protein	8.84	SPR	298	N.A.
7f9z	34417468	10.1038/s41467-021-25364-2	0	auth_asym_id	E	N.A.	A;B	protein;protein	N.A.	N.A.	N.A.	N.A.
7f9z	34417468	10.1038/s41467-021-25364-2	0	auth_asym_id	N	N.A.	A;B	protein;protein	N.A.	N.A.	N.A.	N.A.
7fae	34966387	10.3389/fimmu.2021.766821	0	auth_asym_id	H	L	A	protein	6.91	SPR	N.A.	N.A.
7fae	34966387	10.3389/fimmu.2021.766821	0	auth_asym_id	e	d	B	protein	6.91	SPR	N.A.	N.A.
7fae	34966387	10.3389/fimmu.2021.766821	0	auth_asym_id	h	g	C	protein	6.91	SPR	N.A.	N.A.
7faf	34966387	10.3389/fimmu.2021.766821	0	auth_asym_id	d	c	A	protein	6.91	SPR	N.A.	N.A.
7faf	34966387	10.3389/fimmu.2021.766821	0	auth_asym_id	g	f	B	protein	6.91	SPR	N.A.	N.A.
7faf	34966387	10.3389/fimmu.2021.766821	0	auth_asym_id	H	L	C	protein	6.91	SPR	N.A.	N.A.
7fah	36056024	10.1038/s41467-022-32926-5	0	auth_asym_id	H	L	A	protein	24.85	SPR	N.A.	N.A.
7fah	36056024	10.1038/s41467-022-32926-5	0	auth_asym_id	C	D	B	protein	24.85	SPR	N.A.	N.A.
7fat	N.A.	10.1016/j.str.2022.02.011	0	auth_asym_id	B	N.A.	A	protein	0.74	BLI	N.A.	N.A.
7fau	35276082	10.1016/j.str.2022.02.011	0	auth_asym_id	B	N.A.	A	protein	6.76	BLI	N.A.	N.A.
7fau	35276082	10.1016/j.str.2022.02.011	0	auth_asym_id	D	N.A.	C	protein	6.76	BLI	N.A.	N.A.
7fbi	N.A.	N.A.	0	auth_asym_id	H	L	A	protein	N.A.	N.A.	N.A.	N.A.
7fbi	N.A.	N.A.	0	auth_asym_id	N	M	A	protein	N.A.	N.A.	N.A.	N.A.
7fci	35580630	10.1038/s41586-022-04857-0	0	auth_asym_id	H	L	A	protein	N.A.	N.A.	N.A.	N.A.
7fcp	35108220	10.1172/JCI154987	0	auth_asym_id	B	D	A	protein	<0.004585	SPR	N.A.	N.A.
7fcp	35108220	10.1172/JCI154987	0	auth_asym_id	H	L	A	protein	0.55	SPR	N.A.	N.A.
7fcq	35108220	10.1172/JCI154987	0	auth_asym_id	H	L	A	protein	0.55	SPR	N.A.	N.A.
7fg2	34648602	10.1371/journal.ppat.1009542	0	auth_asym_id	D	N.A.	A	protein	1.4	BLI	298	N.A.
7fg3	34648602	10.1371/journal.ppat.1009542	0	auth_asym_id	D	N.A.	A	protein	1.4	BLI	298	N.A.
7fh0	35906408	10.1038/s41422-022-00700-3	0	auth_asym_id	B	N.A.	A	protein	N.A.	N.A.	N.A.	N.A.
7fh0	35906408	10.1038/s41422-022-00700-3	0	auth_asym_id	C	N.A.	A	protein	N.A.	N.A.	N.A.	N.A.
7fjc	N.A.	N.A.	0	auth_asym_id	H	L	E	protein	N.A.	N.A.	N.A.	N.A.
7fjn	35291264	10.1016/j.isci.2022.104043	0	auth_asym_id	I	J	A	protein	N.A.	N.A.	N.A.	N.A.
7fjn	35291264	10.1016/j.isci.2022.104043	0	auth_asym_id	H	L	B	protein	N.A.	N.A.	N.A.	N.A.
7fjo	35291264	10.1016/j.isci.2022.104043	0	auth_asym_id	H	L	A	protein	N.A.	N.A.	N.A.	N.A.
7fjo	35291264	10.1016/j.isci.2022.104043	0	auth_asym_id	J	K	B	protein	N.A.	N.A.	N.A.	N.A.
7fjo	35291264	10.1016/j.isci.2022.104043	0	auth_asym_id	F	G	C	protein	N.A.	N.A.	N.A.	N.A.
7fjs	35291264	10.1016/j.isci.2022.104043	0	auth_asym_id	C	A	B	protein	N.A.	N.A.	N.A.	N.A.
7fjs	35291264	10.1016/j.isci.2022.104043	0	auth_asym_id	H	L	E	protein	N.A.	N.A.	N.A.	N.A.
7jgj	33247098	10.1038/s41467-020-19887-3	0	auth_asym_id	H	L	A	protein	N.A.	N.A.	N.A.	N.A.
7jhg	34437114	10.1126/science.abe7565	0	auth_asym_id	H	L	A	protein	N.A.	N.A.	N.A.	N.A.
7jhh	34437114	10.1126/science.abe7565	0	auth_asym_id	H	L	A	protein	N.A.	N.A.	N.A.	N.A.
7jie	34262046	10.1038/s41467-021-24649-w	0	auth_asym_id	C	D	A;B	protein;protein	N.A.	N.A.	N.A.	N.A.
7jie	34262046	10.1038/s41467-021-24649-w	0	auth_asym_id	E	F	A;B	protein;protein	N.A.	N.A.	N.A.	N.A.
7jix	N.A.	N.A.	0	auth_asym_id	H	L	A	protein	N.A.	N.A.	N.A.	N.A.
7jks	33453152	10.1016/j.immuni.2020.12.014	0	auth_asym_id	H	L	G	protein	N.A.	N.A.	N.A.	N.A.
7jkt	33453152	10.1016/j.immuni.2020.12.014	0	auth_asym_id	H	L	G	protein	N.A.	N.A.	N.A.	N.A.
7jmo	33027617	10.1016/j.celrep.2020.108274	0	auth_asym_id	H	L	A	protein	39.6	BLI	N.A.	N.A.
7jmp	33027617	10.1016/j.celrep.2020.108274	0	auth_asym_id	H	L	A	protein	20.9	BLI	N.A.	N.A.
7jmw	33242394	10.1016/j.immuni.2020.10.023	0	auth_asym_id	H	L	A	protein	46	BLI	N.A.	N.A.
7jn5	33275640	10.1371/journal.ppat.1009089	0	auth_asym_id	H	L	F	protein	1	BLI	N.A.	N.A.
7joo	33033255	10.1038/s41467-020-18828-4	0	auth_asym_id	H	L	C	protein	2	BLI	N.A.	N.A.
7jr7	N.A.	10.1038/s42003-021-02039-8	0	auth_asym_id	C	D	B	protein	0.12	SPR	N.A.	N.A.
7jr7	N.A.	10.1038/s42003-021-02039-8	0	auth_asym_id	E	F	B	protein	0.11	SPR	N.A.	N.A.
7jtf	N.A.	N.A.	0	auth_asym_id	A	B	E	protein	25.8	BLI	303	N.A.
7jtf	N.A.	N.A.	0	auth_asym_id	C	D	F	protein	25.8	BLI	303	N.A.
7jtg	N.A.	N.A.	0	auth_asym_id	A	B	E	protein	23.3	BLI	303	N.A.
7jti	32860273	10.1096/fj.202000796RR	0	auth_asym_id	H	L	A	protein	53.54	SPR	298	N.A.
7jtr	33896065	10.1002/pro.4088	0	auth_asym_id	B	N.A.	A	protein	9.73	SPR	277	N.A.
7jtr	33896065	10.1002/pro.4088	0	auth_asym_id	D	N.A.	C	protein	9.73	SPR	277	N.A.
7jtr	33896065	10.1002/pro.4088	0	auth_asym_id	F	N.A.	E	protein	9.73	SPR	277	N.A.
7jtr	33896065	10.1002/pro.4088	0	auth_asym_id	H	N.A.	G	protein	9.73	SPR	277	N.A.
7jum	33741942	10.1038/s41467-021-21955-1	0	auth_asym_id	H	N.A.	A	protein	1.804	BLI	N.A.	KD from geometric mean of two replicates
7jum	33741942	10.1038/s41467-021-21955-1	0	auth_asym_id	I	N.A.	B	protein	1.804	BLI	N.A.	KD from geometric mean of two replicates
7jum	33741942	10.1038/s41467-021-21955-1	0	auth_asym_id	J	N.A.	C	protein	1.804	BLI	N.A.	KD from geometric mean of two replicates
7jv2	32991844	10.1016/j.cell.2020.09.037	0	auth_asym_id	H	L	A	protein	149	SPR	298	N.A.
7jv4	32991844	10.1016/j.cell.2020.09.037	0	auth_asym_id	H	L	A;B	protein;protein	119	SPR	298	N.A.
7jv4	32991844	10.1016/j.cell.2020.09.037	0	auth_asym_id	D	E	B	protein	119	SPR	298	N.A.
7jv4	32991844	10.1016/j.cell.2020.09.037	0	auth_asym_id	F	G	C	protein	119	SPR	298	N.A.
7jv6	32991844	10.1016/j.cell.2020.09.037	0	auth_asym_id	H	L	A	protein	119	SPR	298	N.A.
7jv6	32991844	10.1016/j.cell.2020.09.037	0	auth_asym_id	C	D	B	protein	119	SPR	298	N.A.
7jv6	32991844	10.1016/j.cell.2020.09.037	0	auth_asym_id	F	G	E	protein	119	SPR	298	N.A.
7jva	32991844	10.1016/j.cell.2020.09.037	0	auth_asym_id	H	L	A	protein	7.5	SPR	298	N.A.
7jvb	33154108	10.1126/science.abe4747	0	auth_asym_id	C	N.A.	A	protein	0.0104	SPR	N.A.	N.A.
7jvb	33154108	10.1126/science.abe4747	0	auth_asym_id	D	N.A.	B	protein	0.0104	SPR	N.A.	N.A.
7jvc	32991844	10.1016/j.cell.2020.09.037	0	auth_asym_id	H	L	A	protein	10	SPR	298	N.A.
7jvc	32991844	10.1016/j.cell.2020.09.037	0	auth_asym_id	C	D	B	protein	10	SPR	298	N.A.
7jvc	32991844	10.1016/j.cell.2020.09.037	0	auth_asym_id	F	G	E	protein	10	SPR	298	N.A.
7jw0	32991844	10.1016/j.cell.2020.09.037	0	auth_asym_id	H	L	A	protein	8.7	SPR	298	N.A.
7jw0	32991844	10.1016/j.cell.2020.09.037	0	auth_asym_id	D	C	B	protein	8.7	SPR	298	N.A.
7jw0	32991844	10.1016/j.cell.2020.09.037	0	auth_asym_id	G	F	E	protein	8.7	SPR	298	N.A.
7jwg	33914704	10.1172/JCI144843	0	auth_asym_id	H	L	C	protein	N.A.	N.A.	N.A.	N.A.
7jwg	33914704	10.1172/JCI144843	0	auth_asym_id	A	B	E	protein	N.A.	N.A.	N.A.	N.A.
7jx3	32991844	10.1016/j.cell.2020.09.037	0	auth_asym_id	A	B	R	protein	0.3	SPR	298	N.A.
7jx3	32991844	10.1016/j.cell.2020.09.037	0	auth_asym_id	C	D	R	protein	75	SPR	298	N.A.
7jx3	32991844	10.1016/j.cell.2020.09.037	0	auth_asym_id	H	L	R	protein	1.1	SPR	298	N.A.
7k43	32972994	10.1126/science.abe3354	0	auth_asym_id	H	L	A;B	protein;protein	68	SPR	298	N.A.
7k43	32972994	10.1126/science.abe3354	0	auth_asym_id	F	G	A;E	protein;protein	68	SPR	298	N.A.
7k43	32972994	10.1126/science.abe3354	0	auth_asym_id	C	D	B;E	protein;protein	68	SPR	298	N.A.
7k45	32972994	10.1126/science.abe3354	0	auth_asym_id	H	L	B	protein	1.6	SPR	298	N.A.
7k4n	32972994	10.1126/science.abe3354	0	auth_asym_id	H	L	A	protein	2.5	SPR	298	N.A.
7k4n	32972994	10.1126/science.abe3354	0	auth_asym_id	C	D	B	protein	2.5	SPR	298	N.A.
7k4n	32972994	10.1126/science.abe3354	0	auth_asym_id	F	G	E	protein	2.5	SPR	298	N.A.
7k65	33139559	10.1073/pnas.2011560117	0	auth_asym_id	B	N.A.	A	protein	N.A.	N.A.	N.A.	N.A.
7k66	33529335	10.1182/blood.2020008940	0	auth_asym_id	B	C	A	protein	0.1	N.A.	N.A.	N.A.
7k7i	34496256	10.1016/j.celrep.2021.109654	0	auth_asym_id	H	L	A	protein	0.0067	SPR	N.A.	N.A.
7k7i	34496256	10.1016/j.celrep.2021.109654	0	auth_asym_id	J	K	B	protein	0.0067	SPR	N.A.	N.A.
7k7i	34496256	10.1016/j.celrep.2021.109654	0	auth_asym_id	M	N	C	protein	0.0067	SPR	N.A.	N.A.
7k7i	34496256	10.1016/j.celrep.2021.109654	0	auth_asym_id	P	Q	D	protein	0.0067	SPR	N.A.	N.A.
7k7i	34496256	10.1016/j.celrep.2021.109654	0	auth_asym_id	X	Y	E	protein	0.0067	SPR	N.A.	N.A.
7k7y	32992561	10.3390/toxins12100616	0	auth_asym_id	D	N.A.	A	protein	N.A.	N.A.	N.A.	N.A.
7k7y	32992561	10.3390/toxins12100616	0	auth_asym_id	C	N.A.	B	protein	N.A.	N.A.	N.A.	N.A.
7k7y	32992561	10.3390/toxins12100616	0	auth_asym_id	F	N.A.	E	protein	N.A.	N.A.	N.A.	N.A.
7k7y	32992561	10.3390/toxins12100616	0	auth_asym_id	H	N.A.	G	protein	N.A.	N.A.	N.A.	N.A.
7k84	32992561	10.3390/toxins12100616	0	auth_asym_id	B	N.A.	A	protein	N.A.	N.A.	N.A.	N.A.
7k8m	33045718	10.1038/s41586-020-2852-1	0	auth_asym_id	A	B	E	protein	27	SPR	N.A.	N.A.
7k8s	33045718	10.1038/s41586-020-2852-1	0	auth_asym_id	H	L	A;C	protein;protein	11	SPR	N.A.	N.A.
7k8s	33045718	10.1038/s41586-020-2852-1	0	auth_asym_id	O	P	B	protein	11	SPR	N.A.	N.A.
7k8s	33045718	10.1038/s41586-020-2852-1	0	auth_asym_id	M	N	B;C	protein;protein	11	SPR	N.A.	N.A.
7k8t	33045718	10.1038/s41586-020-2852-1	0	auth_asym_id	O	P	A	protein	11	SPR	N.A.	N.A.
7k8t	33045718	10.1038/s41586-020-2852-1	0	auth_asym_id	M	N	B	protein	11	SPR	N.A.	N.A.
7k8t	33045718	10.1038/s41586-020-2852-1	0	auth_asym_id	H	L	C	protein	11	SPR	N.A.	N.A.
7k8v	33045718	10.1038/s41586-020-2852-1	0	auth_asym_id	H	L	A	protein	1.3	SPR	N.A.	N.A.
7k8v	33045718	10.1038/s41586-020-2852-1	0	auth_asym_id	M	N	C	protein	1.3	SPR	N.A.	N.A.
7k8w	33045718	10.1038/s41586-020-2852-1	0	auth_asym_id	H	L	A	protein	10	SPR	N.A.	N.A.
7k8w	33045718	10.1038/s41586-020-2852-1	0	auth_asym_id	N	S	G	protein	10	SPR	N.A.	N.A.
7k8x	33045718	10.1038/s41586-020-2852-1	0	auth_asym_id	E	G	A	protein	0.5	SPR	N.A.	N.A.
7k8x	33045718	10.1038/s41586-020-2852-1	0	auth_asym_id	D	F	B;C	protein;protein	0.5	SPR	N.A.	N.A.
7k8z	33045718	10.1038/s41586-020-2852-1	0	auth_asym_id	H	L	A	protein	6	SPR	N.A.	N.A.
7k8z	33045718	10.1038/s41586-020-2852-1	0	auth_asym_id	M	N	C	protein	6	SPR	N.A.	N.A.
7k90	33045718	10.1038/s41586-020-2852-1	0	auth_asym_id	M	N	A;B	protein;protein	18	SPR	N.A.	N.A.
7k90	33045718	10.1038/s41586-020-2852-1	0	auth_asym_id	O	P	A;C	protein;protein	18	SPR	N.A.	N.A.
7k90	33045718	10.1038/s41586-020-2852-1	0	auth_asym_id	H	L	B;C	protein;protein	18	SPR	N.A.	N.A.
7k93	33414220	10.1126/science.abc0476	0	auth_asym_id	E	N.A.	A	protein	5.8	BLI	298	N.A.
7k93	33414220	10.1126/science.abc0476	0	auth_asym_id	G	N.A.	B	protein	5.8	BLI	298	N.A.
7k93	33414220	10.1126/science.abc0476	0	auth_asym_id	I	N.A.	C	protein	5.8	BLI	298	N.A.
7k93	33414220	10.1126/science.abc0476	0	auth_asym_id	K	N.A.	D	protein	5.8	BLI	298	N.A.
7k9h	34655519	10.1016/j.celrep.2021.109881	0	auth_asym_id	H	L	B	protein	1.05	BLI	N.A.	KD from Ab-RBD binding
7k9h	34655519	10.1016/j.celrep.2021.109881	0	auth_asym_id	I	M	C	protein	1.05	BLI	N.A.	KD from Ab-RBD binding
7k9i	34655519	10.1016/j.celrep.2021.109881	0	auth_asym_id	H	L	A	protein	1.05	BLI	N.A.	N.A.
7k9j	34655519	10.1016/j.celrep.2021.109881	0	auth_asym_id	H	L	A	protein	40.1	BLI	N.A.	N.A.
7k9j	34655519	10.1016/j.celrep.2021.109881	0	auth_asym_id	I	M	B	protein	40.1	BLI	N.A.	N.A.
7k9j	34655519	10.1016/j.celrep.2021.109881	0	auth_asym_id	J	N	C	protein	40.1	BLI	N.A.	N.A.
7k9k	34655519	10.1016/j.celrep.2021.109881	0	auth_asym_id	H	L	A	protein	40.1	BLI	N.A.	N.A.
7k9z	34135340	10.1038/s41467-021-23825-2	0	auth_asym_id	B	A	E	protein	0.82	BLI	298	N.A.
7k9z	34135340	10.1038/s41467-021-23825-2	0	auth_asym_id	H	L	E	protein	0.41	BLI	298	N.A.
7kbb	35275718	10.1126/sciadv.abm2546	0	auth_asym_id	A	B	C;E	protein;protein	N.A.	N.A.	N.A.	N.A.
7kbb	35275718	10.1126/sciadv.abm2546	0	auth_asym_id	H	L	D	protein	N.A.	N.A.	N.A.	N.A.
7kbt	N.A.	10.3389/fimmu.2021.697602	0	auth_asym_id	E	F	A	protein	N.A.	N.A.	N.A.	N.A.
7kd6	36181268	10.1016/j.bpj.2022.09.038	0	auth_asym_id	C	D	E	protein	N.A.	N.A.	N.A.	N.A.
7kd6	36181268	10.1016/j.bpj.2022.09.038	0	auth_asym_id	I	J	K	protein	N.A.	N.A.	N.A.	N.A.
7kd6	36181268	10.1016/j.bpj.2022.09.038	0	auth_asym_id	O	P	Q	protein	N.A.	N.A.	N.A.	N.A.
7kd6	36181268	10.1016/j.bpj.2022.09.038	0	auth_asym_id	U	V	W	protein	N.A.	N.A.	N.A.	N.A.
7kdd	33674318	10.1126/sciadv.abf3178	0	auth_asym_id	D	E	A	protein	N.A.	N.A.	N.A.	N.A.
7kdd	33674318	10.1126/sciadv.abf3178	0	auth_asym_id	F	G	B	protein	N.A.	N.A.	N.A.	N.A.
7kdd	33674318	10.1126/sciadv.abf3178	0	auth_asym_id	H	I	C	protein	N.A.	N.A.	N.A.	N.A.
7kde	33084569	10.7554/eLife.61991	0	auth_asym_id	S	T	A;E	protein;protein	N.A.	N.A.	N.A.	N.A.
7kde	33084569	10.7554/eLife.61991	0	auth_asym_id	O	P	B;G	protein;protein	N.A.	N.A.	N.A.	N.A.
7kde	33084569	10.7554/eLife.61991	0	auth_asym_id	Q	R	C;F	protein;protein	N.A.	N.A.	N.A.	N.A.
7kde	33084569	10.7554/eLife.61991	0	auth_asym_id	M	N	E	protein	N.A.	N.A.	N.A.	N.A.
7kde	33084569	10.7554/eLife.61991	0	auth_asym_id	J	I	F	protein	N.A.	N.A.	N.A.	N.A.
7kde	33084569	10.7554/eLife.61991	0	auth_asym_id	H	L	G	protein	N.A.	N.A.	N.A.	N.A.
7kej	33852862	10.1016/j.celrep.2021.108984	0	auth_asym_id	G	J	A	protein	N.A.	N.A.	N.A.	N.A.
7kej	33852862	10.1016/j.celrep.2021.108984	0	auth_asym_id	H	K	B	protein	N.A.	N.A.	N.A.	N.A.
7kej	33852862	10.1016/j.celrep.2021.108984	0	auth_asym_id	I	L	C	protein	N.A.	N.A.	N.A.	N.A.
7ket	34125873	10.1371/journal.ppat.1009655	0	auth_asym_id	A	B	C	protein	7.26	SPR	N.A.	N.A.
7kew	33852862	10.1016/j.celrep.2021.108984	0	auth_asym_id	G	J	A	protein	N.A.	N.A.	N.A.	N.A.
7kew	33852862	10.1016/j.celrep.2021.108984	0	auth_asym_id	H	K	B	protein	N.A.	N.A.	N.A.	N.A.
7kew	33852862	10.1016/j.celrep.2021.108984	0	auth_asym_id	I	L	C	protein	N.A.	N.A.	N.A.	N.A.
7kex	33852862	10.1016/j.celrep.2021.108984	0	auth_asym_id	G	J	A	protein	N.A.	N.A.	N.A.	N.A.
7kex	33852862	10.1016/j.celrep.2021.108984	0	auth_asym_id	H	K	B	protein	N.A.	N.A.	N.A.	N.A.
7kex	33852862	10.1016/j.celrep.2021.108984	0	auth_asym_id	I	L	C	protein	N.A.	N.A.	N.A.	N.A.
7kez	N.A.	N.A.	0	auth_asym_id	H	L	V	protein	N.A.	N.A.	N.A.	N.A.
7kf0	N.A.	N.A.	0	auth_asym_id	A	B	C	protein	N.A.	N.A.	N.A.	N.A.
7kf0	N.A.	N.A.	0	auth_asym_id	H	L	V	protein	N.A.	N.A.	N.A.	N.A.
7kf1	N.A.	N.A.	0	auth_asym_id	A	B	C	protein	N.A.	N.A.	N.A.	N.A.
7kf1	N.A.	N.A.	0	auth_asym_id	D	E	F	protein	N.A.	N.A.	N.A.	N.A.
7kf1	N.A.	N.A.	0	auth_asym_id	G	I	J	protein	N.A.	N.A.	N.A.	N.A.
7kf1	N.A.	N.A.	0	auth_asym_id	H	L	V	protein	N.A.	N.A.	N.A.	N.A.
7kf9	33852862	10.1016/j.celrep.2021.108984	0	auth_asym_id	G	J	A	protein	N.A.	N.A.	N.A.	N.A.
7kf9	33852862	10.1016/j.celrep.2021.108984	0	auth_asym_id	H	K	B	protein	N.A.	N.A.	N.A.	N.A.
7kf9	33852862	10.1016/j.celrep.2021.108984	0	auth_asym_id	I	L	C	protein	N.A.	N.A.	N.A.	N.A.
7kfb	33852862	10.1016/j.celrep.2021.108984	0	auth_asym_id	G	J	A	protein	N.A.	N.A.	N.A.	N.A.
7kfb	33852862	10.1016/j.celrep.2021.108984	0	auth_asym_id	H	K	B	protein	N.A.	N.A.	N.A.	N.A.
7kfb	33852862	10.1016/j.celrep.2021.108984	0	auth_asym_id	I	L	C	protein	N.A.	N.A.	N.A.	N.A.
7kfe	33852862	10.1016/j.celrep.2021.108984	0	auth_asym_id	G	I	B	protein	N.A.	N.A.	N.A.	N.A.
7kfe	33852862	10.1016/j.celrep.2021.108984	0	auth_asym_id	H	J	C	protein	N.A.	N.A.	N.A.	N.A.
7kfh	33852862	10.1016/j.celrep.2021.108984	0	auth_asym_id	G	J	A	protein	N.A.	N.A.	N.A.	N.A.
7kfh	33852862	10.1016/j.celrep.2021.108984	0	auth_asym_id	H	K	B	protein	N.A.	N.A.	N.A.	N.A.
7kfh	33852862	10.1016/j.celrep.2021.108984	0	auth_asym_id	I	L	C	protein	N.A.	N.A.	N.A.	N.A.
7kfv	33200128	10.1101/2020.11.13.381533	0	auth_asym_id	H	L	A	protein	4.2	BLI	N.A.	N.A.
7kfv	33200128	10.1101/2020.11.13.381533	0	auth_asym_id	C	D	B	protein	4.2	BLI	N.A.	N.A.
7kfv	33200128	10.1101/2020.11.13.381533	0	auth_asym_id	F	G	E	protein	4.2	BLI	N.A.	N.A.
7kfw	33200128	10.1101/2020.11.13.381533	0	auth_asym_id	H	L	A	protein	76.3	BLI	N.A.	N.A.
7kfw	33200128	10.1101/2020.11.13.381533	0	auth_asym_id	C	D	B	protein	76.3	BLI	N.A.	N.A.
7kfw	33200128	10.1101/2020.11.13.381533	0	auth_asym_id	F	G	E	protein	76.3	BLI	N.A.	N.A.
7kfx	33200128	10.1101/2020.11.13.381533	0	auth_asym_id	H	L	A	protein	14.1	BLI	N.A.	N.A.
7kfy	33200128	10.1101/2020.11.13.381533	0	auth_asym_id	H	L	A	protein	55.7	BLI	N.A.	N.A.
7kgj	34537245	10.1016/j.jbc.2021.101202	0	auth_asym_id	B	N.A.	A	protein	47.1	SPR	298	N.A.
7kgk	34537245	10.1016/j.jbc.2021.101202	0	auth_asym_id	B	N.A.	A	protein	40.6	SPR	298	N.A.
7kgv	33296665	10.1016/j.str.2020.11.014	0	auth_asym_id	D	F	A	protein	N.A.	N.A.	N.A.	N.A.
7kgv	33296665	10.1016/j.str.2020.11.014	0	auth_asym_id	C	E	B	protein	N.A.	N.A.	N.A.	N.A.
7kh0	33664408	10.1038/s41422-021-00483-z	0	auth_asym_id	N	N.A.	B;A	protein;protein	N.A.	N.A.	N.A.	N.A.
7kh0	33664408	10.1038/s41422-021-00483-z	0	auth_asym_id	S	N.A.	B;A	protein;protein	N.A.	N.A.	N.A.	N.A.
7ki4	33927387	10.1038/s41594-021-00584-8	0	auth_asym_id	H	L	A;B	protein;protein	27.46	BLI	303	Geometric mean of two replicates
7ki4	33927387	10.1038/s41594-021-00584-8	0	auth_asym_id	G	F	A;E	protein;protein	27.46	BLI	303	Geometric mean of two replicates
7ki4	33927387	10.1038/s41594-021-00584-8	0	auth_asym_id	D	C	B;E	protein;protein	27.46	BLI	303	Geometric mean of two replicates
7ki6	33927387	10.1038/s41594-021-00584-8	0	auth_asym_id	H	L	A	protein	1.00	BLI	303	Geometric mean of two replicates
7ki6	33927387	10.1038/s41594-021-00584-8	0	auth_asym_id	D	C	B	protein	1.00	BLI	303	Geometric mean of two replicates
7ki6	33927387	10.1038/s41594-021-00584-8	0	auth_asym_id	G	F	E	protein	1.00	BLI	303	Geometric mean of two replicates
7kjh	33480416	10.1042/BCJ20200415	0	auth_asym_id	A	N.A.	C	protein	6.7	BLI	298	important KD data paper
7kjh	33480416	10.1042/BCJ20200415	0	auth_asym_id	B	N.A.	D	protein	6.7	BLI	298	important KD data paper
7kji	33480416	10.1042/BCJ20200415	0	auth_asym_id	A	N.A.	B	protein	5	BLI	298	N.A.
7kkk	33154106	10.1126/science.abe3255	0	auth_asym_id	B	N.A.	A;C	protein;protein	210	SPR	N.A.	N.A.
7kkk	33154106	10.1126/science.abe3255	0	auth_asym_id	F	N.A.	A;E	protein;protein	210	SPR	N.A.	N.A.
7kkk	33154106	10.1126/science.abe3255	0	auth_asym_id	D	N.A.	C;E	protein;protein	210	SPR	N.A.	N.A.
7kkl	33154106	10.1126/science.abe3255	0	auth_asym_id	B	N.A.	A	protein	<0.001	SPR	N.A.	N.A.
7kkl	33154106	10.1126/science.abe3255	0	auth_asym_id	E	N.A.	C	protein	<0.001	SPR	N.A.	N.A.
7kkl	33154106	10.1126/science.abe3255	0	auth_asym_id	F	N.A.	D	protein	<0.001	SPR	N.A.	N.A.
7klc	34156262	10.1128/mBio.00429-21	0	auth_asym_id	D	C	A	protein	N.A.	N.A.	N.A.	N.A.
7klc	34156262	10.1128/mBio.00429-21	0	auth_asym_id	H	L	A	protein	N.A.	N.A.	N.A.	N.A.
7klg	34329642	10.1016/j.jmb.2021.167177	0	auth_asym_id	H	L	A	protein	0.3	BLI	298	N.A.
7klg	34329642	10.1016/j.jmb.2021.167177	0	auth_asym_id	I	M	B	protein	0.3	BLI	298	N.A.
7klh	34329642	10.1016/j.jmb.2021.167177	0	auth_asym_id	H	L	A	protein	0.039	BLI	298	N.A.
7klh	34329642	10.1016/j.jmb.2021.167177	0	auth_asym_id	I	M	B	protein	0.039	BLI	298	N.A.
7klw	34537245	10.1016/j.jbc.2021.101202	0	auth_asym_id	B	N.A.	A	protein	47.1	SPR	298	N.A.
7klw	34537245	10.1016/j.jbc.2021.101202	0	auth_asym_id	C	N.A.	A	protein	62.7	SPR	298	N.A.
7kmd	34156262	10.1128/mBio.00429-21	0	auth_asym_id	H	L	G	protein	N.A.	N.A.	N.A.	N.A.
7kmd	34156262	10.1128/mBio.00429-21	0	auth_asym_id	A	E	G;T	protein;protein	N.A.	N.A.	N.A.	N.A.
7kmg	33820835	10.1126/scitranslmed.abf1906	0	auth_asym_id	A	B	C;F	protein;protein	3.5	BLI	N.A.	N.A.
7kmg	33820835	10.1126/scitranslmed.abf1906	0	auth_asym_id	D	E	C;F	protein;protein	3.5	BLI	N.A.	N.A.
7kmh	33820835	10.1126/scitranslmed.abf1906	0	auth_asym_id	A	B	C	protein	N.A.	N.A.	N.A.	N.A.
7kmi	33820835	10.1126/scitranslmed.abf1906	0	auth_asym_id	A	B	C	protein	N.A.	N.A.	N.A.	N.A.
7kmk	34329642	10.1016/j.jmb.2021.167177	0	auth_asym_id	H	L	A	protein	0.039	BLI	298	N.A.
7kmk	34329642	10.1016/j.jmb.2021.167177	0	auth_asym_id	I	M	B	protein	0.039	BLI	298	N.A.
7kml	34329642	10.1016/j.jmb.2021.167177	0	auth_asym_id	H	L	A	protein	0.039	BLI	298	N.A.
7kml	34329642	10.1016/j.jmb.2021.167177	0	auth_asym_id	I	M	B	protein	0.039	BLI	298	N.A.
7kml	34329642	10.1016/j.jmb.2021.167177	0	auth_asym_id	J	N	C	protein	0.039	BLI	298	N.A.
7kn3	34716683	10.1002/advs.202102181	0	auth_asym_id	H	L	A	protein	7.79	SPR	293	N.A.
7kn3	34716683	10.1002/advs.202102181	0	auth_asym_id	M	N	B	protein	7.79	SPR	293	N.A.
7kn4	34716683	10.1002/advs.202102181	0	auth_asym_id	H	L	A	protein	2.37	SPR	293	N.A.
7kn4	34716683	10.1002/advs.202102181	0	auth_asym_id	M	N	B	protein	2.37	SPR	293	N.A.
7kn5	33436526	10.1126/science.abe6230	0	auth_asym_id	C	N.A.	A	protein	1.86	SPR	298	N.A.
7kn5	33436526	10.1126/science.abe6230	0	auth_asym_id	D	N.A.	B	protein	1.86	SPR	298	N.A.
7kn5	33436526	10.1126/science.abe6230	0	auth_asym_id	E	N.A.	A	protein	21.4	SPR	298	N.A.
7kn5	33436526	10.1126/science.abe6230	0	auth_asym_id	F	N.A.	B	protein	21.4	SPR	298	N.A.
7kn6	33436526	10.1126/science.abe6230	0	auth_asym_id	C	N.A.	A	protein	8.92	SPR	298	N.A.
7kn6	33436526	10.1126/science.abe6230	0	auth_asym_id	H	L	A	protein	N.A.	N.A.	N.A.	N.A.
7kn7	33436526	10.1126/science.abe6230	0	auth_asym_id	B	N.A.	A	protein	22.2	SPR	298	N.A.
7kn7	33436526	10.1126/science.abe6230	0	auth_asym_id	H	L	A	protein	N.A.	N.A.	N.A.	N.A.
7kpg	33256806	10.1186/s13045-020-00989-w	0	auth_asym_id	H	L	S	protein	N.A.	N.A.	N.A.	N.A.
7kq7	33557673	10.1080/19420862.2021.1883239	0	auth_asym_id	H	L	B	protein	N.A.	N.A.	N.A.	N.A.
7kqb	33974910	10.1016/j.cell.2021.04.033	0	auth_asym_id	H	L	A	protein	7.61	BLI	298	N.A.
7kqb	33974910	10.1016/j.cell.2021.04.033	0	auth_asym_id	K	J	C	protein	7.61	BLI	298	N.A.
7kqe	33974910	10.1016/j.cell.2021.04.033	0	auth_asym_id	H	L	A	protein	1.64	BLI	298	N.A.
7kqe	33974910	10.1016/j.cell.2021.04.033	0	auth_asym_id	I	N	B	protein	1.64	BLI	298	N.A.
7kqe	33974910	10.1016/j.cell.2021.04.033	0	auth_asym_id	J	M	C	protein	1.64	BLI	298	N.A.
7kqg	33274930	10.1021/acsinfecdis.0c00726	0	auth_asym_id	B	C	A	protein	160	BLI	N.A.	N.A.
7kqh	33274930	10.1021/acsinfecdis.0c00726	0	auth_asym_id	C	D	A	protein	50	BLI	N.A.	N.A.
7kqh	33274930	10.1021/acsinfecdis.0c00726	0	auth_asym_id	H	L	B	protein	50	BLI	N.A.	N.A.
7kqi	33274930	10.1021/acsinfecdis.0c00726	0	auth_asym_id	A	C	B	protein	80	BLI	N.A.	N.A.
7kql	35316223	10.1172/JCI152864	0	auth_asym_id	H	L	T	protein	N.A.	N.A.	N.A.	N.A.
7kra	33236988	10.7554/eLife.62611	0	auth_asym_id	I	J	A	protein	N.A.	N.A.	N.A.	N.A.
7ks9	34587480	10.1016/j.celrep.2021.109771	0	auth_asym_id	H	L	B	protein	0.162	SPR	298	N.A.
7ksg	33436526	10.1126/science.abe6230	0	auth_asym_id	D	N.A.	A	protein	1.86	SPR	298	N.A.
7ksg	33436526	10.1126/science.abe6230	0	auth_asym_id	E	N.A.	B	protein	1.86	SPR	298	N.A.
7ksg	33436526	10.1126/science.abe6230	0	auth_asym_id	F	N.A.	C	protein	1.86	SPR	298	N.A.
7ktx	33236988	10.7554/eLife.62611	0	auth_asym_id	I	J	A	protein	N.A.	N.A.	N.A.	N.A.
7kxj	34329642	10.1016/j.jmb.2021.167177	0	auth_asym_id	H	L	A	protein	0.039	BLI	298	N.A.
7kxj	34329642	10.1016/j.jmb.2021.167177	0	auth_asym_id	I	M	B	protein	0.039	BLI	298	N.A.
7kxj	34329642	10.1016/j.jmb.2021.167177	0	auth_asym_id	J	N	C	protein	0.039	BLI	298	N.A.
7kxk	34329642	10.1016/j.jmb.2021.167177	0	auth_asym_id	H	L	A	protein	0.039	BLI	298	N.A.
7kxk	34329642	10.1016/j.jmb.2021.167177	0	auth_asym_id	I	M	B	protein	0.039	BLI	298	N.A.
7kxk	34329642	10.1016/j.jmb.2021.167177	0	auth_asym_id	J	N	C	protein	0.039	BLI	298	N.A.
7kyl	33831142	10.1084/jem.20210174	0	auth_asym_id	H	L	E	protein	68.4	BLI	N.A.	N.A.
7kyl	33831142	10.1084/jem.20210174	0	auth_asym_id	X	Y	Z	protein	68.4	BLI	N.A.	N.A.
7kyo	34362732	10.1126/sciadv.abg3980	0	auth_asym_id	H	L	B	protein	N.A.	N.A.	N.A.	N.A.
7kzb	34024246	10.1080/19420862.2021.1922134	0	auth_asym_id	A	B	C	protein	261	BLI	298	N.A.
7kzb	34024246	10.1080/19420862.2021.1922134	0	auth_asym_id	H	L	C	protein	61	BLI	298	N.A.
7kzx	34254979	10.1085/jgp.202112873	0	auth_asym_id	F	E	A	protein	N.A.	N.A.	N.A.	N.A.
7kzx	34254979	10.1085/jgp.202112873	0	auth_asym_id	D	C	B	protein	N.A.	N.A.	N.A.	N.A.
7kzz	34254979	10.1085/jgp.202112873	0	auth_asym_id	D	C	A	protein	N.A.	N.A.	N.A.	N.A.
7kzz	34254979	10.1085/jgp.202112873	0	auth_asym_id	F	E	B	protein	N.A.	N.A.	N.A.	N.A.
7l0n	33621484	10.1016/j.cell.2021.01.037	0	auth_asym_id	A	B	R	protein	N.A.	N.A.	N.A.	N.A.
7l0n	33621484	10.1016/j.cell.2021.01.037	0	auth_asym_id	C	D	S	protein	N.A.	N.A.	N.A.	N.A.
7l0n	33621484	10.1016/j.cell.2021.01.037	0	auth_asym_id	H	L	R	protein	N.A.	N.A.	N.A.	N.A.
7l0n	33621484	10.1016/j.cell.2021.01.037	0	auth_asym_id	M	N	S	protein	N.A.	N.A.	N.A.	N.A.
7l1v	33547286	10.1038/s41467-021-21087-6	0	auth_asym_id	H	N.A.	A;B	protein;protein	N.A.	N.A.	N.A.	N.A.
7l1v	33547286	10.1038/s41467-021-21087-6	0	auth_asym_id	S	N.A.	R	protein	0.6	grating coupled interferometry	N.A.	N.A.
7l2c	33789084	10.1016/j.chom.2021.03.005	0	auth_asym_id	H	L	A	protein	3.6035	SPR	298	N.A.
7l2c	33789084	10.1016/j.chom.2021.03.005	0	auth_asym_id	C	D	B	protein	3.6035	SPR	298	N.A.
7l2d	33789084	10.1016/j.chom.2021.03.005	0	auth_asym_id	H	L	A	protein	0.1359	SPR	298	N.A.
7l2e	33789084	10.1016/j.chom.2021.03.005	0	auth_asym_id	H	L	A	protein	0.0043	SPR	298	N.A.
7l2e	33789084	10.1016/j.chom.2021.03.005	0	auth_asym_id	G	J	B	protein	0.0043	SPR	298	N.A.
7l2e	33789084	10.1016/j.chom.2021.03.005	0	auth_asym_id	I	K	C	protein	0.0043	SPR	298	N.A.
7l2f	33789084	10.1016/j.chom.2021.03.005	0	auth_asym_id	H	L	A	protein	0.4162	SPR	298	N.A.
7l2f	33789084	10.1016/j.chom.2021.03.005	0	auth_asym_id	I	K	B	protein	0.4162	SPR	298	N.A.
7l2f	33789084	10.1016/j.chom.2021.03.005	0	auth_asym_id	G	J	C	protein	0.4162	SPR	298	N.A.
7l56	33794145	10.1016/j.celrep.2021.108950	0	auth_asym_id	H	L	A	protein	1.034	SPR	298	N.A.
7l56	33794145	10.1016/j.celrep.2021.108950	0	auth_asym_id	J	K	B	protein	1.034	SPR	298	N.A.
7l56	33794145	10.1016/j.celrep.2021.108950	0	auth_asym_id	F	G	C	protein	1.034	SPR	298	N.A.
7l57	33794145	10.1016/j.celrep.2021.108950	0	auth_asym_id	H	L	B	protein	0.0275	SPR	298	N.A.
7l58	33794145	10.1016/j.celrep.2021.108950	0	auth_asym_id	H	L	B	protein	4.48	SPR	298	KD from DOI: 10.1126/science.abc2241
7l5b	33794145	10.1016/j.celrep.2021.108950	0	auth_asym_id	H	L	A	protein	0.0275	SPR	298	N.A.
7l5j	33827952	10.1128/JVI.00176-21	0	auth_asym_id	Y	X	A	protein	46	SPR	298	N.A.
7l5j	33827952	10.1128/JVI.00176-21	0	auth_asym_id	W	L	B	protein	46	SPR	298	N.A.
7l6v	34990480	10.1371/journal.ppat.1010169	0	auth_asym_id	B	N.A.	A	protein	N.A.	N.A.	N.A.	N.A.
7l6v	34990480	10.1371/journal.ppat.1010169	0	auth_asym_id	C	N.A.	A	protein	N.A.	N.A.	N.A.	N.A.
7l6v	34990480	10.1371/journal.ppat.1010169	0	auth_asym_id	D	N.A.	A	protein	N.A.	N.A.	N.A.	N.A.
7l6v	34990480	10.1371/journal.ppat.1010169	0	auth_asym_id	E	N.A.	A	protein	N.A.	N.A.	N.A.	N.A.
7l6v	34990480	10.1371/journal.ppat.1010169	0	auth_asym_id	F	N.A.	A	protein	N.A.	N.A.	N.A.	N.A.
7l7d	34548634	10.1038/s41564-021-00972-2	0	auth_asym_id	H	L	E	protein	0.253	BLI	N.A.	N.A.
7l7e	34548634	10.1038/s41564-021-00972-2	0	auth_asym_id	E	F	G	protein	<0.001	BLI	N.A.	N.A.
7l7e	34548634	10.1038/s41564-021-00972-2	0	auth_asym_id	O	P	K	protein	<0.001	BLI	N.A.	N.A.
7l7e	34548634	10.1038/s41564-021-00972-2	0	auth_asym_id	M	N	S	protein	<0.001	BLI	N.A.	N.A.
7l7e	34548634	10.1038/s41564-021-00972-2	0	auth_asym_id	C	D	b	protein	<0.001	BLI	N.A.	N.A.
7l7e	34548634	10.1038/s41564-021-00972-2	0	auth_asym_id	A	B	G	protein	0.253	BLI	N.A.	N.A.
7l7e	34548634	10.1038/s41564-021-00972-2	0	auth_asym_id	I	J	K	protein	0.253	BLI	N.A.	N.A.
7l7e	34548634	10.1038/s41564-021-00972-2	0	auth_asym_id	H	L	S	protein	0.253	BLI	N.A.	N.A.
7l7e	34548634	10.1038/s41564-021-00972-2	0	auth_asym_id	T	U	b	protein	0.253	BLI	N.A.	N.A.
7l7r	34793197	10.1126/science.abl6502	0	auth_asym_id	B	A	G	protein	<0.022	BLI	N.A.	N.A.
7l7r	34793197	10.1126/science.abl6502	0	auth_asym_id	D	C	G	protein	N.A.	N.A.	N.A.	N.A.
7l8p	36113427	10.1016/j.cell.2022.08.008	0	auth_asym_id	H	L	A	protein	N.A.	N.A.	N.A.	N.A.
7l8p	36113427	10.1016/j.cell.2022.08.008	0	auth_asym_id	E	F	C	protein	N.A.	N.A.	N.A.	N.A.
7la4	33760023	10.1182/bloodadvances.2020004166	0	auth_asym_id	H	L	A	protein	N.A.	N.A.	N.A.	N.A.
7laa	34242577	10.1016/j.cell.2021.06.021	0	auth_asym_id	H	L	A	protein	0.3	SPR	N.A.	N.A.
7lab	34242577	10.1016/j.cell.2021.06.021	0	auth_asym_id	T	S	A	protein	294	SPR	N.A.	N.A.
7lab	34242577	10.1016/j.cell.2021.06.021	0	auth_asym_id	Y	X	B	protein	294	SPR	N.A.	N.A.
7lab	34242577	10.1016/j.cell.2021.06.021	0	auth_asym_id	H	L	C	protein	294	SPR	N.A.	N.A.
7lbe	33626330	10.1016/j.cell.2021.01.036	0	auth_asym_id	F	E	A	protein	N.A.	N.A.	N.A.	N.A.
7lbe	33626330	10.1016/j.cell.2021.01.036	0	auth_asym_id	H	G	A	protein	N.A.	N.A.	N.A.	N.A.
7lbf	33626330	10.1016/j.cell.2021.01.036	0	auth_asym_id	F	E	A	protein	N.A.	N.A.	N.A.	N.A.
7lbf	33626330	10.1016/j.cell.2021.01.036	0	auth_asym_id	H	G	A	protein	N.A.	N.A.	N.A.	N.A.
7lbg	33626330	10.1016/j.cell.2021.01.036	0	auth_asym_id	F	E	A	protein	N.A.	N.A.	N.A.	N.A.
7lbg	33626330	10.1016/j.cell.2021.01.036	0	auth_asym_id	H	G	A	protein	N.A.	N.A.	N.A.	N.A.
7lcn	34242577	10.1016/j.cell.2021.06.021	0	auth_asym_id	B	D	A	protein	16.4	SPR	N.A.	N.A.
7lcn	34242577	10.1016/j.cell.2021.06.021	0	auth_asym_id	H	L	C	protein	16.4	SPR	N.A.	N.A.
7lcn	34242577	10.1016/j.cell.2021.06.021	0	auth_asym_id	M	S	K	protein	16.4	SPR	N.A.	N.A.
7lcv	34125873	10.1371/journal.ppat.1009655	0	auth_asym_id	A	B	C	protein	66	SPR	N.A.	N.A.
7ld1	34242577	10.1016/j.cell.2021.06.021	0	auth_asym_id	P	O	A	protein	0.1	SPR	N.A.	N.A.
7ld1	34242577	10.1016/j.cell.2021.06.021	0	auth_asym_id	H	L	B	protein	0.1	SPR	N.A.	N.A.
7ld1	34242577	10.1016/j.cell.2021.06.021	0	auth_asym_id	M	N	C	protein	0.1	SPR	N.A.	N.A.
7ldd	33981040	10.1038/s41586-021-03540-0	0	auth_asym_id	L	N.A.	A	protein	N.A.	N.A.	N.A.	N.A.
7ldd	33981040	10.1038/s41586-021-03540-0	0	auth_asym_id	I	N.A.	C	protein	N.A.	N.A.	N.A.	N.A.
7ldd	33981040	10.1038/s41586-021-03540-0	0	auth_asym_id	N	M	B	protein	N.A.	N.A.	N.A.	N.A.
7ldd	33981040	10.1038/s41586-021-03540-0	0	auth_asym_id	K	J	D	protein	N.A.	N.A.	N.A.	N.A.
7lde	33981040	10.1038/s41586-021-03540-0	0	auth_asym_id	L	N.A.	A	protein	N.A.	N.A.	N.A.	N.A.
7lde	33981040	10.1038/s41586-021-03540-0	0	auth_asym_id	I	N.A.	C	protein	N.A.	N.A.	N.A.	N.A.
7lde	33981040	10.1038/s41586-021-03540-0	0	auth_asym_id	N	M	B	protein	N.A.	N.A.	N.A.	N.A.
7lde	33981040	10.1038/s41586-021-03540-0	0	auth_asym_id	K	J	D	protein	N.A.	N.A.	N.A.	N.A.
7ldj	N.A.	10.1073/pnas.210191811	0	auth_asym_id	F	N.A.	A;B	protein;protein	0.36	BLI	298	important KD data paper
7ldj	N.A.	10.1073/pnas.210191811	0	auth_asym_id	E	N.A.	B	protein	0.36	BLI	298	important KD data paper
7ldj	N.A.	10.1073/pnas.210191811	0	auth_asym_id	G	N.A.	C	protein	0.36	BLI	298	important KD data paper
7ldj	N.A.	10.1073/pnas.210191811	0	auth_asym_id	H	N.A.	D	protein	0.36	BLI	298	important KD data paper
7lex	34326456	10.1038/s42003-021-02444-z	0	auth_asym_id	D	E	A;B	protein;protein	N.A.	N.A.	N.A.	N.A.
7lex	34326456	10.1038/s42003-021-02444-z	0	auth_asym_id	G	I	A;C	protein;protein	N.A.	N.A.	N.A.	N.A.
7lex	34326456	10.1038/s42003-021-02444-z	0	auth_asym_id	F	H	B;C	protein;protein	N.A.	N.A.	N.A.	N.A.
7lex	34326456	10.1038/s42003-021-02444-z	0	auth_asym_id	K	L	J;M	protein;protein	N.A.	N.A.	N.A.	N.A.
7lex	34326456	10.1038/s42003-021-02444-z	0	auth_asym_id	R	P	J;N	protein;protein	N.A.	N.A.	N.A.	N.A.
7lex	34326456	10.1038/s42003-021-02444-z	0	auth_asym_id	Q	O	M;N	protein;protein	N.A.	N.A.	N.A.	N.A.
7ley	34326456	10.1038/s42003-021-02444-z	0	auth_asym_id	D	E	A	protein	N.A.	N.A.	N.A.	N.A.
7ley	34326456	10.1038/s42003-021-02444-z	0	auth_asym_id	G	F	B	protein	N.A.	N.A.	N.A.	N.A.
7ley	34326456	10.1038/s42003-021-02444-z	0	auth_asym_id	H	I	C	protein	N.A.	N.A.	N.A.	N.A.
7lez	34326456	10.1038/s42003-021-02444-z	0	auth_asym_id	D	E	A;B	protein;protein	N.A.	N.A.	N.A.	N.A.
7lez	34326456	10.1038/s42003-021-02444-z	0	auth_asym_id	G	I	A;C	protein;protein	N.A.	N.A.	N.A.	N.A.
7lez	34326456	10.1038/s42003-021-02444-z	0	auth_asym_id	Q	O	J;M	protein;protein	N.A.	N.A.	N.A.	N.A.
7lez	34326456	10.1038/s42003-021-02444-z	0	auth_asym_id	R	P	M;N	protein;protein	N.A.	N.A.	N.A.	N.A.
7lf0	34326456	10.1038/s42003-021-02444-z	0	auth_asym_id	D	E	A;B	protein;protein	N.A.	N.A.	N.A.	N.A.
7lf0	34326456	10.1038/s42003-021-02444-z	0	auth_asym_id	G	I	A;C	protein;protein	N.A.	N.A.	N.A.	N.A.
7lf0	34326456	10.1038/s42003-021-02444-z	0	auth_asym_id	F	H	B;C	protein;protein	N.A.	N.A.	N.A.	N.A.
7lf0	34326456	10.1038/s42003-021-02444-z	0	auth_asym_id	R	P	J;M	protein;protein	N.A.	N.A.	N.A.	N.A.
7lf0	34326456	10.1038/s42003-021-02444-z	0	auth_asym_id	Q	O	J;N	protein;protein	N.A.	N.A.	N.A.	N.A.
7lf0	34326456	10.1038/s42003-021-02444-z	0	auth_asym_id	K	L	M;N	protein;protein	N.A.	N.A.	N.A.	N.A.
7lf1	34326456	10.1038/s42003-021-02444-z	0	auth_asym_id	D	E	A;B	protein;protein	0.74	SPR	298	N.A.
7lf1	34326456	10.1038/s42003-021-02444-z	0	auth_asym_id	G	I	A;C	protein;protein	0.74	SPR	298	N.A.
7lf1	34326456	10.1038/s42003-021-02444-z	0	auth_asym_id	F	H	B;C	protein;protein	0.74	SPR	298	N.A.
7lf1	34326456	10.1038/s42003-021-02444-z	0	auth_asym_id	K	L	J;M	protein;protein	0.74	SPR	298	N.A.
7lf1	34326456	10.1038/s42003-021-02444-z	0	auth_asym_id	P	R	J;N	protein;protein	0.74	SPR	298	N.A.
7lf1	34326456	10.1038/s42003-021-02444-z	0	auth_asym_id	O	Q	M;N	protein;protein	0.74	SPR	298	N.A.
7lf2	34326456	10.1038/s42003-021-02444-z	0	auth_asym_id	D	E	A;B	protein;protein	0.56	SPR	298	N.A.
7lf2	34326456	10.1038/s42003-021-02444-z	0	auth_asym_id	G	I	A;C	protein;protein	0.56	SPR	298	N.A.
7lf2	34326456	10.1038/s42003-021-02444-z	0	auth_asym_id	F	H	B;C	protein;protein	0.56	SPR	298	N.A.
7lf2	34326456	10.1038/s42003-021-02444-z	0	auth_asym_id	K	L	J;Q	protein;protein	0.56	SPR	298	N.A.
7lf2	34326456	10.1038/s42003-021-02444-z	0	auth_asym_id	O	M	J;R	protein;protein	0.56	SPR	298	N.A.
7lf2	34326456	10.1038/s42003-021-02444-z	0	auth_asym_id	P	N	Q;R	protein;protein	0.56	SPR	298	N.A.
7lf7	34316015	10.1038/s42003-021-02387-5	0	auth_asym_id	H	L	K	protein	0.86	SPR	310	N.A.
7lf8	34316015	10.1038/s42003-021-02387-5	0	auth_asym_id	H	L	A	protein	N.A.	N.A.	N.A.	N.A.
7lfa	34316015	10.1038/s42003-021-02387-5	0	auth_asym_id	B	D	A	protein	1.56	SPR	310	N.A.
7lfa	34316015	10.1038/s42003-021-02387-5	0	auth_asym_id	H	L	C	protein	1.56	SPR	310	N.A.
7lfb	34316015	10.1038/s42003-021-02387-5	0	auth_asym_id	H	L	X	protein	1.63	SPR	310	N.A.
7lg6	34731616	10.1016/j.celrep.2021.109922	0	auth_asym_id	H	L	A	protein	N.A.	N.A.	N.A.	N.A.
7lg6	34731616	10.1016/j.celrep.2021.109922	0	auth_asym_id	O	Q	E	protein	N.A.	N.A.	N.A.	N.A.
7lg6	34731616	10.1016/j.celrep.2021.109922	0	auth_asym_id	P	R	F	protein	N.A.	N.A.	N.A.	N.A.
7lg6	34731616	10.1016/j.celrep.2021.109922	0	auth_asym_id	C	D	A;I	protein;protein	N.A.	N.A.	N.A.	N.A.
7lg6	34731616	10.1016/j.celrep.2021.109922	0	auth_asym_id	J	M	E;B	protein;protein	N.A.	N.A.	N.A.	N.A.
7lg6	34731616	10.1016/j.celrep.2021.109922	0	auth_asym_id	K	N	F;G	protein;protein	N.A.	N.A.	N.A.	N.A.
7li6	34851672	10.1126/sciadv.abl3857	0	auth_asym_id	B	C	A	protein	N.A.	N.A.	N.A.	N.A.
7li7	34851672	10.1126/sciadv.abl3857	0	auth_asym_id	B	C	A	protein	N.A.	N.A.	N.A.	N.A.
7li8	34851672	10.1126/sciadv.abl3857	0	auth_asym_id	B	C	A	protein	N.A.	N.A.	N.A.	N.A.
7li9	34851672	10.1126/sciadv.abl3857	0	auth_asym_id	B	C	A	protein	N.A.	N.A.	N.A.	N.A.
7lia	34851672	10.1126/sciadv.abl3857	0	auth_asym_id	B	C	A	protein	N.A.	N.A.	N.A.	N.A.
7lj4	34390650	10.1016/j.neuron.2021.07.009	0	auth_asym_id	E	D	A;B	protein;protein	N.A.	N.A.	N.A.	N.A.
7lj4	34390650	10.1016/j.neuron.2021.07.009	0	auth_asym_id	G	F	B	protein	N.A.	N.A.	N.A.	N.A.
7lj5	34390650	10.1016/j.neuron.2021.07.009	0	auth_asym_id	E	D	A;B	protein;protein	N.A.	N.A.	N.A.	N.A.
7lj5	34390650	10.1016/j.neuron.2021.07.009	0	auth_asym_id	G	F	B	protein	N.A.	N.A.	N.A.	N.A.
7lja	34390650	10.1016/j.neuron.2021.07.009	0	auth_asym_id	E	D	A;B	protein;protein	N.A.	N.A.	N.A.	N.A.
7lja	34390650	10.1016/j.neuron.2021.07.009	0	auth_asym_id	G	F	B	protein	N.A.	N.A.	N.A.	N.A.
7ljb	34390650	10.1016/j.neuron.2021.07.009	0	auth_asym_id	E	D	A;B	protein;protein	N.A.	N.A.	N.A.	N.A.
7ljb	34390650	10.1016/j.neuron.2021.07.009	0	auth_asym_id	G	F	B	protein	N.A.	N.A.	N.A.	N.A.
7ljr	33442694	10.1101/2020.12.31.424729	0	auth_asym_id	S	T	A	protein	1.6	SPR	N.A.	N.A.
7lk4	35279694	10.1038/s41418-022-00961-w	0	auth_asym_id	F	E	P	protein	N.A.	N.A.	N.A.	N.A.
7lk4	35279694	10.1038/s41418-022-00961-w	0	auth_asym_id	H	G	Q	protein	N.A.	N.A.	N.A.	N.A.
7lk4	35279694	10.1038/s41418-022-00961-w	0	auth_asym_id	B	A	R	protein	N.A.	N.A.	N.A.	N.A.
7lk4	35279694	10.1038/s41418-022-00961-w	0	auth_asym_id	D	C	S	protein	N.A.	N.A.	N.A.	N.A.
7lkf	34139175	10.1016/j.cell.2021.05.019	0	auth_asym_id	H	L	A	protein	N.A.	N.A.	N.A.	N.A.
7lkh	34139175	10.1016/j.cell.2021.05.019	0	auth_asym_id	H	L	A	protein	N.A.	N.A.	N.A.	N.A.
7ll1	34731616	10.1016/j.celrep.2021.109922	0	auth_asym_id	H	L	A	protein	60.2	BLI	310	N.A.
7ll1	34731616	10.1016/j.celrep.2021.109922	0	auth_asym_id	E	F	C	protein	60.2	BLI	310	N.A.
7ll1	34731616	10.1016/j.celrep.2021.109922	0	auth_asym_id	J	K	G	protein	60.2	BLI	310	N.A.
7ll2	34731616	10.1016/j.celrep.2021.109922	0	auth_asym_id	H	L	A	protein	N.A.	N.A.	N.A.	N.A.
7ll2	34731616	10.1016/j.celrep.2021.109922	0	auth_asym_id	I	J	C	protein	N.A.	N.A.	N.A.	N.A.
7ll2	34731616	10.1016/j.celrep.2021.109922	0	auth_asym_id	K	M	E	protein	N.A.	N.A.	N.A.	N.A.
7llk	34731616	10.1016/j.celrep.2021.109922	0	auth_asym_id	C	D	A	protein	N.A.	N.A.	N.A.	N.A.
7llk	34731616	10.1016/j.celrep.2021.109922	0	auth_asym_id	G	H	E	protein	N.A.	N.A.	N.A.	N.A.
7llk	34731616	10.1016/j.celrep.2021.109922	0	auth_asym_id	K	L	I	protein	N.A.	N.A.	N.A.	N.A.
7lm8	33894127	10.1016/j.chom.2021.04.005	0	auth_asym_id	H	L	A	protein	N.A.	N.A.	N.A.	N.A.
7lm8	33894127	10.1016/j.chom.2021.04.005	0	auth_asym_id	M	N	A	protein	29.2	BLI	N.A.	N.A.
7lm9	33894127	10.1016/j.chom.2021.04.005	0	auth_asym_id	H	L	A	protein	53.6	BLI	N.A.	N.A.
7lo6	33782388	10.1038/s41467-021-21816-x	0	auth_asym_id	L	K	A	protein	N.A.	N.A.	N.A.	N.A.
7lo6	33782388	10.1038/s41467-021-21816-x	0	auth_asym_id	J	I	C	protein	N.A.	N.A.	N.A.	N.A.
7lo6	33782388	10.1038/s41467-021-21816-x	0	auth_asym_id	H	G	E	protein	N.A.	N.A.	N.A.	N.A.
7lo7	35361990	10.1038/s41589-022-00994-9	0	auth_asym_id	H	L	Z	protein	1200	microscale thermophoresis	N.A.	N.A.
7lo8	35361990	10.1038/s41589-022-00994-9	0	auth_asym_id	H	L	Z	protein	140	microscale thermophoresis	N.A.	N.A.
7lok	33782388	10.1038/s41467-021-21816-x	0	auth_asym_id	K	J	A	protein	N.A.	N.A.	N.A.	N.A.
7lok	33782388	10.1038/s41467-021-21816-x	0	auth_asym_id	M	L	C	protein	N.A.	N.A.	N.A.	N.A.
7lop	34016740	10.1126/science.abh1139	0	auth_asym_id	H	L	A	protein	45.3	BLI	N.A.	N.A.
7lop	34016740	10.1126/science.abh1139	0	auth_asym_id	X	Y	Z	protein	45.3	BLI	N.A.	N.A.
7lop	34016740	10.1126/science.abh1139	0	auth_asym_id	B	C	A	protein	N.A.	N.A.	N.A.	N.A.
7lop	34016740	10.1126/science.abh1139	0	auth_asym_id	W	V	Z	protein	N.A.	N.A.	N.A.	N.A.
7lpn	35413243	10.1016/j.str.2022.03.012	0	auth_asym_id	D	N.A.	C	protein	N.A.	N.A.	N.A.	N.A.
7lpn	35413243	10.1016/j.str.2022.03.012	0	auth_asym_id	I	N.A.	F;G	protein;protein	N.A.	N.A.	N.A.	N.A.
7lpn	35413243	10.1016/j.str.2022.03.012	0	auth_asym_id	H	N.A.	G	protein	N.A.	N.A.	N.A.	N.A.
7lq7	34519517	10.1126/scitranslmed.abj5413	0	auth_asym_id	H	L	A	protein	N.A.	N.A.	N.A.	N.A.
7lq7	34519517	10.1126/scitranslmed.abj5413	0	auth_asym_id	C	D	B	protein	N.A.	N.A.	N.A.	N.A.
7lq7	34519517	10.1126/scitranslmed.abj5413	0	auth_asym_id	F	G	E	protein	N.A.	N.A.	N.A.	N.A.
7lq7	34519517	10.1126/scitranslmed.abj5413	0	auth_asym_id	P	Q	A	protein	N.A.	N.A.	N.A.	N.A.
7lq7	34519517	10.1126/scitranslmed.abj5413	0	auth_asym_id	T	U	B	protein	N.A.	N.A.	N.A.	N.A.
7lq7	34519517	10.1126/scitranslmed.abj5413	0	auth_asym_id	y	z	E	protein	N.A.	N.A.	N.A.	N.A.
7lqv	N.A.	10.1016/j.chom.2021.03.005	0	auth_asym_id	H	L	A	protein	4.4802	SPR	298	N.A.
7lqv	N.A.	10.1016/j.chom.2021.03.005	0	auth_asym_id	W	X	B	protein	4.4802	SPR	298	N.A.
7lqv	N.A.	10.1016/j.chom.2021.03.005	0	auth_asym_id	Y	Z	C	protein	4.4802	SPR	298	N.A.
7lqw	33789084	10.1016/j.chom.2021.03.005	0	auth_asym_id	H	L	C	protein	0.0003	SPR	298	N.A.
7lr3	34939934	10.7554/eLife.74707	0	auth_asym_id	A	B	C	protein	7.8	SPR	N.A.	Geometric mean of two replicates
7lr3	34939934	10.7554/eLife.74707	0	auth_asym_id	H	L	D	protein	7.8	SPR	N.A.	Geometric mean of two replicates
7lr4	34939934	10.7554/eLife.74707	0	auth_asym_id	A	B	C	protein	5.5	SPR	N.A.	Geometric mean of two replicates
7lr4	34939934	10.7554/eLife.74707	0	auth_asym_id	H	L	D	protein	5.5	SPR	N.A.	Geometric mean of two replicates
7lrs	34210892	10.1126/science.abh1766	0	auth_asym_id	D	E	C	protein	7.3	BLI	303	N.A.
7lrt	34210892	10.1126/science.abh1766	0	auth_asym_id	H	L	A	protein	7.3	BLI	303	N.A.
7lrt	34210892	10.1126/science.abh1766	0	auth_asym_id	F	G	B	protein	7.3	BLI	303	N.A.
7lrt	34210892	10.1126/science.abh1766	0	auth_asym_id	D	E	C	protein	7.3	BLI	303	N.A.
7ls9	34111408	10.1016/j.str.2021.05.014	0	auth_asym_id	H	L	A	protein	N.A.	N.A.	N.A.	N.A.
7ls9	34111408	10.1016/j.str.2021.05.014	0	auth_asym_id	D	F	B	protein	N.A.	N.A.	N.A.	N.A.
7ls9	34111408	10.1016/j.str.2021.05.014	0	auth_asym_id	E	G	C	protein	N.A.	N.A.	N.A.	N.A.
7lse	33831141	10.1084/jem.20210236	0	auth_asym_id	H	L	E	protein	N.A.	N.A.	N.A.	N.A.
7lsf	33831141	10.1084/jem.20210236	0	auth_asym_id	H	L	E	protein	N.A.	N.A.	N.A.	N.A.
7lsg	33831141	10.1084/jem.20210236	0	auth_asym_id	H	L	C	protein	N.A.	N.A.	N.A.	N.A.
7lss	34111408	10.1016/j.str.2021.05.014	0	auth_asym_id	H	L	B	protein	N.A.	N.A.	N.A.	N.A.
7luc	33823129	10.1016/j.immuni.2021.03.004	0	auth_asym_id	F	G	A	protein	0.0057	BLI	303	N.A.
7luc	33823129	10.1016/j.immuni.2021.03.004	0	auth_asym_id	H	I	B	protein	0.0057	BLI	303	N.A.
7luc	33823129	10.1016/j.immuni.2021.03.004	0	auth_asym_id	D	E	C	protein	0.0057	BLI	303	N.A.
7luc	33823129	10.1016/j.immuni.2021.03.004	0	auth_asym_id	J	K	A	protein	0.025	BLI	303	N.A.
7luc	33823129	10.1016/j.immuni.2021.03.004	0	auth_asym_id	L	M	B	protein	0.025	BLI	303	N.A.
7luc	33823129	10.1016/j.immuni.2021.03.004	0	auth_asym_id	N	O	C	protein	0.025	BLI	303	N.A.
7lue	33823129	10.1016/j.immuni.2021.03.004	0	auth_asym_id	H	L	A	protein	N.A.	N.A.	N.A.	N.A.
7lue	33823129	10.1016/j.immuni.2021.03.004	0	auth_asym_id	I	M	B	protein	N.A.	N.A.	N.A.	N.A.
7lue	33823129	10.1016/j.immuni.2021.03.004	0	auth_asym_id	J	N	C	protein	N.A.	N.A.	N.A.	N.A.
7lvw	33692208	10.1128/JVI.02279-20	0	auth_asym_id	G	N.A.	A	protein	0.084	SPR	N.A.	N.A.
7lvw	33692208	10.1128/JVI.02279-20	0	auth_asym_id	J	N.A.	B	protein	0.084	SPR	N.A.	N.A.
7lvw	33692208	10.1128/JVI.02279-20	0	auth_asym_id	L	N.A.	C	protein	0.084	SPR	N.A.	N.A.
7lvw	33692208	10.1128/JVI.02279-20	0	auth_asym_id	I	N.A.	D	protein	0.084	SPR	N.A.	N.A.
7lvw	33692208	10.1128/JVI.02279-20	0	auth_asym_id	H	N.A.	E	protein	0.084	SPR	N.A.	N.A.
7lvw	33692208	10.1128/JVI.02279-20	0	auth_asym_id	K	N.A.	F	protein	0.084	SPR	N.A.	N.A.
7lwd	34417466	10.1038/s41467-021-25363-3	0	auth_asym_id	H	L	A	protein	N.A.	N.A.	N.A.	N.A.
7lx2	37443366	10.1038/s41541-023-00696-w	0	auth_asym_id	H	L	A	protein	N.A.	BLI	N.A.	N.A.
7lx2	37443366	10.1038/s41541-023-00696-w	0	auth_asym_id	N	M	B	protein	N.A.	BLI	N.A.	N.A.
7lx2	37443366	10.1038/s41541-023-00696-w	0	auth_asym_id	P	O	C	protein	N.A.	BLI	N.A.	N.A.
7lx3	37443366	10.1038/s41541-023-00696-w	0	auth_asym_id	H	L	A	protein	N.A.	BLI	N.A.	N.A.
7lx3	37443366	10.1038/s41541-023-00696-w	0	auth_asym_id	N	M	B	protein	N.A.	BLI	N.A.	N.A.
7lx3	37443366	10.1038/s41541-023-00696-w	0	auth_asym_id	P	O	C	protein	N.A.	BLI	N.A.	N.A.
7lx5	33893175	10.1073/pnas.2101918118	0	auth_asym_id	A	N.A.	B	protein	0.36	BLI	298	N.A.
7lx5	33893175	10.1073/pnas.2101918118	0	auth_asym_id	C	N.A.	B	protein	0.68	BLI	298	N.A.
7lxm	37443366	10.1038/s41541-023-00696-w	0	auth_asym_id	H	L	A	protein	<0.001	BLI	N.A.	N.A.
7lxm	37443366	10.1038/s41541-023-00696-w	0	auth_asym_id	N	M	C	protein	<0.001	BLI	N.A.	N.A.
7lxm	37443366	10.1038/s41541-023-00696-w	0	auth_asym_id	P	O	E	protein	<0.001	BLI	N.A.	N.A.
7lxn	37443366	10.1038/s41541-023-00696-w	0	auth_asym_id	H	L	A	protein	<0.001	BLI	N.A.	N.A.
7lxn	37443366	10.1038/s41541-023-00696-w	0	auth_asym_id	I	M	C	protein	<0.001	BLI	N.A.	N.A.
7lxn	37443366	10.1038/s41541-023-00696-w	0	auth_asym_id	J	N	E	protein	<0.001	BLI	N.A.	N.A.
7lxw	33761326	10.1016/j.cell.2021.03.028	0	auth_asym_id	H	L	A	protein	1.8	BLI	310	N.A.
7lxx	33761326	10.1016/j.cell.2021.03.028	0	auth_asym_id	H	L	A	protein	0.3	BLI	310	N.A.
7lxy	33761326	10.1016/j.cell.2021.03.028	0	auth_asym_id	H	L	A	protein	1.8	BLI	310	N.A.
7lxy	33761326	10.1016/j.cell.2021.03.028	0	auth_asym_id	G	I	B	protein	1.8	BLI	310	N.A.
7lxy	33761326	10.1016/j.cell.2021.03.028	0	auth_asym_id	N	O	J	protein	1.8	BLI	310	N.A.
7lxy	33761326	10.1016/j.cell.2021.03.028	0	auth_asym_id	F	C	A;B	protein;protein	N.A.	N.A.	310	N.A.
7lxy	33761326	10.1016/j.cell.2021.03.028	0	auth_asym_id	E	D	A;J	protein;protein	N.A.	N.A.	310	N.A.
7lxy	33761326	10.1016/j.cell.2021.03.028	0	auth_asym_id	M	K	B;J	protein;protein	N.A.	N.A.	310	N.A.
7lxz	33761326	10.1016/j.cell.2021.03.028	0	auth_asym_id	H	J	A	protein	0.3	BLI	310	N.A.
7lxz	33761326	10.1016/j.cell.2021.03.028	0	auth_asym_id	G	I	B	protein	0.3	BLI	310	N.A.
7lxz	33761326	10.1016/j.cell.2021.03.028	0	auth_asym_id	N	O	K	protein	0.3	BLI	310	N.A.
7lxz	33761326	10.1016/j.cell.2021.03.028	0	auth_asym_id	F	C	A;B	protein;protein	N.A.	N.A.	310	N.A.
7lxz	33761326	10.1016/j.cell.2021.03.028	0	auth_asym_id	E	D	A;K	protein;protein	N.A.	N.A.	310	N.A.
7lxz	33761326	10.1016/j.cell.2021.03.028	0	auth_asym_id	M	L	B;K	protein;protein	N.A.	N.A.	310	N.A.
7ly0	33761326	10.1016/j.cell.2021.03.028	0	auth_asym_id	H	L	A	protein	8.7	BLI	310	N.A.
7ly2	33761326	10.1016/j.cell.2021.03.028	0	auth_asym_id	H	L	A	protein	8.7	BLI	310	N.A.
7ly2	33761326	10.1016/j.cell.2021.03.028	0	auth_asym_id	G	I	B	protein	8.7	BLI	310	N.A.
7ly2	33761326	10.1016/j.cell.2021.03.028	0	auth_asym_id	N	O	J	protein	8.7	BLI	310	N.A.
7ly2	33761326	10.1016/j.cell.2021.03.028	0	auth_asym_id	F	C	A;B	protein;protein	N.A.	N.A.	310	N.A.
7ly2	33761326	10.1016/j.cell.2021.03.028	0	auth_asym_id	E	D	A;J	protein;protein	N.A.	N.A.	310	N.A.
7ly2	33761326	10.1016/j.cell.2021.03.028	0	auth_asym_id	M	K	B;J	protein;protein	N.A.	N.A.	310	N.A.
7ly3	33761326	10.1016/j.cell.2021.03.028	0	auth_asym_id	D	C	A	protein	8.7	BLI	310	N.A.
7ly3	33761326	10.1016/j.cell.2021.03.028	0	auth_asym_id	F	E	B	protein	8.7	BLI	310	N.A.
7ly9	34753907	10.1038/s41467-021-26579-z	0	auth_asym_id	E	I	D	protein	N.A.	N.A.	N.A.	N.A.
7ly9	34753907	10.1038/s41467-021-26579-z	0	auth_asym_id	B	C	G	protein	N.A.	N.A.	N.A.	N.A.
7ly9	34753907	10.1038/s41467-021-26579-z	0	auth_asym_id	A	M	K	protein	N.A.	N.A.	N.A.	N.A.
7ly9	34753907	10.1038/s41467-021-26579-z	0	auth_asym_id	H	L	D;G;K	protein;protein;protein	N.A.	N.A.	N.A.	N.A.
7lzp	34990480	10.1371/journal.ppat.1010169	0	auth_asym_id	B	N.A.	A	protein	N.A.	N.A.	N.A.	N.A.
7lzp	34990480	10.1371/journal.ppat.1010169	0	auth_asym_id	E	N.A.	D	protein	N.A.	N.A.	N.A.	N.A.
7lzp	34990480	10.1371/journal.ppat.1010169	0	auth_asym_id	C	N.A.	A	protein	N.A.	N.A.	N.A.	N.A.
7lzp	34990480	10.1371/journal.ppat.1010169	0	auth_asym_id	F	N.A.	D	protein	N.A.	N.A.	N.A.	N.A.
7lzp	34990480	10.1371/journal.ppat.1010169	0	auth_asym_id	G	N.A.	A	protein	N.A.	N.A.	N.A.	N.A.
7lzp	34990480	10.1371/journal.ppat.1010169	0	auth_asym_id	H	N.A.	D	protein	N.A.	N.A.	N.A.	N.A.
7m1h	34990480	10.1371/journal.ppat.1010169	0	auth_asym_id	B	N.A.	A	protein	N.A.	N.A.	N.A.	N.A.
7m1h	34990480	10.1371/journal.ppat.1010169	0	auth_asym_id	C	N.A.	A	protein	N.A.	N.A.	N.A.	N.A.
7m1h	34990480	10.1371/journal.ppat.1010169	0	auth_asym_id	D	N.A.	A	protein	N.A.	N.A.	N.A.	N.A.
7m1h	34990480	10.1371/journal.ppat.1010169	0	auth_asym_id	E	N.A.	A	protein	N.A.	N.A.	N.A.	N.A.
7m1h	34990480	10.1371/journal.ppat.1010169	0	auth_asym_id	F	N.A.	A	protein	N.A.	N.A.	N.A.	N.A.
7m1h	34990480	10.1371/journal.ppat.1010169	0	auth_asym_id	G	N.A.	A	protein	N.A.	N.A.	N.A.	N.A.
7m2h	34627789	10.1016/j.jmb.2021.167296	0	auth_asym_id	A	B	C	protein	N.A.	N.A.	N.A.	N.A.
7m2h	34627789	10.1016/j.jmb.2021.167296	0	auth_asym_id	D	E	F	protein	N.A.	N.A.	N.A.	N.A.
7m2i	34627789	10.1016/j.jmb.2021.167296	0	auth_asym_id	A	B	C	protein	N.A.	N.A.	N.A.	N.A.
7m2j	34627789	10.1016/j.jmb.2021.167296	0	auth_asym_id	A	B	C	protein	N.A.	N.A.	N.A.	N.A.
7m30	35275718	10.1126/sciadv.abm2546	0	auth_asym_id	H	L	B	protein	N.A.	N.A.	N.A.	N.A.
7m30	35275718	10.1126/sciadv.abm2546	0	auth_asym_id	F	G	C;E	protein;protein	N.A.	N.A.	N.A.	N.A.
7m30	35275718	10.1126/sciadv.abm2546	0	auth_asym_id	M	N	C	protein	N.A.	N.A.	N.A.	N.A.
7m3i	34237283	10.1016/j.celrep.2021.109353	0	auth_asym_id	A	B	C	protein	N.A.	N.A.	N.A.	N.A.
7m3i	34237283	10.1016/j.celrep.2021.109353	0	auth_asym_id	H	L	R	protein	N.A.	N.A.	N.A.	N.A.
7m3n	34074770	10.1073/pnas.2025452118	0	auth_asym_id	H	L	A	protein	N.A.	N.A.	N.A.	N.A.
7m42	34161776	10.1016/j.cell.2021.06.002	0	auth_asym_id	B	A	E	protein	N.A.	N.A.	N.A.	N.A.
7m42	34161776	10.1016/j.cell.2021.06.002	0	auth_asym_id	D	C	E	protein	N.A.	N.A.	N.A.	N.A.
7m6d	34015271	10.1016/j.cell.2021.04.032	0	auth_asym_id	A	B	C	protein	N.A.	N.A.	N.A.	N.A.
7m6d	34015271	10.1016/j.cell.2021.04.032	0	auth_asym_id	H	L	C	protein	N.A.	N.A.	N.A.	N.A.
7m6e	34015271	10.1016/j.cell.2021.04.032	0	auth_asym_id	F	G	A;B	protein;protein	N.A.	N.A.	N.A.	N.A.
7m6e	34015271	10.1016/j.cell.2021.04.032	0	auth_asym_id	H	L	A;E	protein;protein	N.A.	N.A.	N.A.	N.A.
7m6e	34015271	10.1016/j.cell.2021.04.032	0	auth_asym_id	D	C	B;E	protein;protein	N.A.	N.A.	N.A.	N.A.
7m6f	34015271	10.1016/j.cell.2021.04.032	0	auth_asym_id	H	L	A	protein	N.A.	N.A.	N.A.	N.A.
7m6f	34015271	10.1016/j.cell.2021.04.032	0	auth_asym_id	C	D	E	protein	N.A.	N.A.	N.A.	N.A.
7m6g	34015271	10.1016/j.cell.2021.04.032	0	auth_asym_id	R	S	B	protein	N.A.	N.A.	N.A.	N.A.
7m6g	34015271	10.1016/j.cell.2021.04.032	0	auth_asym_id	H	L	C	protein	N.A.	N.A.	N.A.	N.A.
7m6h	34015271	10.1016/j.cell.2021.04.032	0	auth_asym_id	E	G	A	protein	N.A.	N.A.	N.A.	N.A.
7m6h	34015271	10.1016/j.cell.2021.04.032	0	auth_asym_id	D	F	B	protein	N.A.	N.A.	N.A.	N.A.
7m6i	34015271	10.1016/j.cell.2021.04.032	0	auth_asym_id	M	N	A	protein	N.A.	N.A.	N.A.	N.A.
7m6i	34015271	10.1016/j.cell.2021.04.032	0	auth_asym_id	H	L	C	protein	N.A.	N.A.	N.A.	N.A.
7m74	34437114	10.1126/science.abe7565	0	auth_asym_id	H	L	A	protein	N.A.	N.A.	N.A.	N.A.
7m7b	33974910	10.1016/j.cell.2021.04.033	0	auth_asym_id	H	L	A	protein	1.64	BLI	298	N.A.
7m7f	34735239	10.1126/science.abi8358	0	auth_asym_id	C	D	A;B	protein;protein	N.A.	N.A.	N.A.	N.A.
7m7f	34735239	10.1126/science.abi8358	0	auth_asym_id	E	F	A;B	protein;protein	N.A.	N.A.	N.A.	N.A.
7m7g	34735239	10.1126/science.abi8358	0	auth_asym_id	C	D	A;B	protein;protein	N.A.	N.A.	N.A.	N.A.
7m7g	34735239	10.1126/science.abi8358	0	auth_asym_id	E	F	A;B	protein;protein	N.A.	N.A.	N.A.	N.A.
7m7h	34735239	10.1126/science.abi8358	0	auth_asym_id	C	D	A;B	protein;protein	N.A.	N.A.	N.A.	N.A.
7m7h	34735239	10.1126/science.abi8358	0	auth_asym_id	E	F	A;B	protein;protein	N.A.	N.A.	N.A.	N.A.
7m7i	34735239	10.1126/science.abi8358	0	auth_asym_id	C	D	A;B	protein;protein	N.A.	N.A.	N.A.	N.A.
7m7i	34735239	10.1126/science.abi8358	0	auth_asym_id	E	F	A;B	protein;protein	N.A.	N.A.	N.A.	N.A.
7m7j	34735239	10.1126/science.abi8358	0	auth_asym_id	C	D	A;B	protein;protein	N.A.	N.A.	N.A.	N.A.
7m7j	34735239	10.1126/science.abi8358	0	auth_asym_id	E	F	A;B	protein;protein	N.A.	N.A.	N.A.	N.A.
7m7w	34261126	10.1038/s41586-021-03807-6	0	auth_asym_id	E	F	R	protein	0.04	SPR	298	important KD data paper
7m7w	34261126	10.1038/s41586-021-03807-6	0	auth_asym_id	C	D	S	protein	0.04	SPR	298	important KD data paper
7m7w	34261126	10.1038/s41586-021-03807-6	0	auth_asym_id	H	L	R	protein	0.08	SPR	298	KD = 0.49 nM by BLI
7m7w	34261126	10.1038/s41586-021-03807-6	0	auth_asym_id	A	B	S	protein	0.08	SPR	298	KD = 0.49 nM by BLI
7m8j	33947773	10.1126/science.abg5268	0	auth_asym_id	H	L	A	protein	9.4	BLI	298	N.A.
7m8l	34715022	10.1016/j.cell.2021.09.035	0	auth_asym_id	G	J	A	protein	N.A.	N.A.	N.A.	N.A.
7m8l	34715022	10.1016/j.cell.2021.09.035	0	auth_asym_id	H	K	B	protein	N.A.	N.A.	N.A.	N.A.
7m8l	34715022	10.1016/j.cell.2021.09.035	0	auth_asym_id	I	L	C	protein	N.A.	N.A.	N.A.	N.A.
7m8l	34715022	10.1016/j.cell.2021.09.035	0	auth_asym_id	M	P	A;D	protein;protein	N.A.	N.A.	N.A.	N.A.
7m8l	34715022	10.1016/j.cell.2021.09.035	0	auth_asym_id	N	Q	B;E	protein;protein	N.A.	N.A.	N.A.	N.A.
7m8l	34715022	10.1016/j.cell.2021.09.035	0	auth_asym_id	O	R	C;F	protein;protein	N.A.	N.A.	N.A.	N.A.
7mdj	35234830	10.1085/jgp.202112965	0	auth_asym_id	A	B	C	protein	N.A.	N.A.	N.A.	N.A.
7mdp	34992247	10.1038/s41587-021-01126-9	0	auth_asym_id	H	I	A	protein	N.A.	N.A.	N.A.	N.A.
7mdt	35044813	10.1126/sciadv.abk2039	0	auth_asym_id	H	L	A	protein	N.A.	N.A.	N.A.	N.A.
7mdu	35044813	10.1126/sciadv.abk2039	0	auth_asym_id	E	F	A	protein	N.A.	N.A.	N.A.	N.A.
7mdu	35044813	10.1126/sciadv.abk2039	0	auth_asym_id	H	L	A	protein	890	BLI	298	N.A.
7mdw	N.A.	10.1038/s41467-021-24963-3	0	auth_asym_id	A	N.A.	R	protein	N.A.	N.A.	N.A.	N.A.
7mdw	N.A.	10.1038/s41467-021-24963-3	0	auth_asym_id	B	N.A.	R	protein	N.A.	N.A.	N.A.	N.A.
7me7	N.A.	10.1038/s41467-021-24963-3	0	auth_asym_id	A	N.A.	R	protein	N.A.	N.A.	N.A.	N.A.
7me7	N.A.	10.1038/s41467-021-24963-3	0	auth_asym_id	B	N.A.	R	protein	N.A.	N.A.	N.A.	N.A.
7mej	N.A.	10.1038/s41467-021-24963-3	0	auth_asym_id	A	N.A.	R	protein	N.A.	N.A.	N.A.	N.A.
7mej	N.A.	10.1038/s41467-021-24963-3	0	auth_asym_id	B	N.A.	R	protein	N.A.	N.A.	N.A.	N.A.
7mem	34078743	10.1126/scitranslmed.abg4535	0	auth_asym_id	G	J	C	protein	N.A.	N.A.	N.A.	N.A.
7mem	34078743	10.1126/scitranslmed.abg4535	0	auth_asym_id	H	L	E	protein	N.A.	N.A.	N.A.	N.A.
7mem	34078743	10.1126/scitranslmed.abg4535	0	auth_asym_id	I	K	F	protein	N.A.	N.A.	N.A.	N.A.
7mep	35044813	10.1126/sciadv.abk2039	0	auth_asym_id	H	L	A	protein	180	BLI	298	N.A.
7mep	35044813	10.1126/sciadv.abk2039	0	auth_asym_id	I	G	A;E	protein;protein	N.A.	N.A.	N.A.	N.A.
7mep	35044813	10.1126/sciadv.abk2039	0	auth_asym_id	N	K	B;D	protein;protein	N.A.	N.A.	N.A.	N.A.
7mep	35044813	10.1126/sciadv.abk2039	0	auth_asym_id	M	J	C;F	protein;protein	N.A.	N.A.	N.A.	N.A.
7mf1	33932326	10.1016/j.celrep.2021.109109	0	auth_asym_id	H	L	A	protein	2	BLI	N.A.	N.A.
7mfu	34537245	10.1016/j.jbc.2021.101202	0	auth_asym_id	B	N.A.	A	protein	13.8	SPR	298	N.A.
7mfu	34537245	10.1016/j.jbc.2021.101202	0	auth_asym_id	E	N.A.	D	protein	13.8	SPR	298	N.A.
7mfu	34537245	10.1016/j.jbc.2021.101202	0	auth_asym_id	C	N.A.	A	protein	62.7	SPR	298	N.A.
7mfu	34537245	10.1016/j.jbc.2021.101202	0	auth_asym_id	F	N.A.	D	protein	62.7	SPR	298	N.A.
7mgw	34851672	10.1126/sciadv.abl3857	0	auth_asym_id	B	C	A	protein	N.A.	N.A.	N.A.	N.A.
7mhr	35322021	10.1038/s41467-022-28866-9	0	auth_asym_id	A	B	C	protein	N.A.	N.A.	N.A.	N.A.
7mhx	35322021	10.1038/s41467-022-28866-9	0	auth_asym_id	A	B	C	protein	N.A.	N.A.	N.A.	N.A.
7mhy	34112694	10.1126/science.abg4998	0	auth_asym_id	M	N	A	protein	N.A.	N.A.	N.A.	N.A.
7mhy	34112694	10.1126/science.abg4998	0	auth_asym_id	O	P	A	protein	N.A.	N.A.	N.A.	N.A.
7mhz	34112694	10.1126/science.abg4998	0	auth_asym_id	O	P	A	protein	N.A.	N.A.	N.A.	N.A.
7mjh	33914735	10.1371/journal.pbio.3001237	0	auth_asym_id	D	N.A.	A	protein	N.A.	N.A.	N.A.	N.A.
7mjh	33914735	10.1371/journal.pbio.3001237	0	auth_asym_id	E	N.A.	B;C	protein;protein	N.A.	N.A.	N.A.	N.A.
7mjh	33914735	10.1371/journal.pbio.3001237	0	auth_asym_id	F	N.A.	C	protein	N.A.	N.A.	N.A.	N.A.
7mji	33914735	10.1371/journal.pbio.3001237	0	auth_asym_id	E	N.A.	B	protein	N.A.	N.A.	N.A.	N.A.
7mjj	33914735	10.1371/journal.pbio.3001237	0	auth_asym_id	D	E	A	protein	N.A.	N.A.	N.A.	N.A.
7mjj	33914735	10.1371/journal.pbio.3001237	0	auth_asym_id	F	G	B	protein	N.A.	N.A.	N.A.	N.A.
7mjk	33914735	10.1371/journal.pbio.3001237	0	auth_asym_id	D	E	A	protein	N.A.	N.A.	N.A.	N.A.
7mjk	33914735	10.1371/journal.pbio.3001237	0	auth_asym_id	F	G	B	protein	N.A.	N.A.	N.A.	N.A.
7mjk	33914735	10.1371/journal.pbio.3001237	0	auth_asym_id	H	I	C	protein	N.A.	N.A.	N.A.	N.A.
7mjl	33914735	10.1371/journal.pbio.3001237	0	auth_asym_id	H	L	A	protein	N.A.	N.A.	N.A.	N.A.
7mjs	34135507	10.1038/s41586-021-03650-9	0	auth_asym_id	H	L	X	protein	N.A.	N.A.	N.A.	N.A.
7mjt	35322021	10.1038/s41467-022-28866-9	0	auth_asym_id	A	B	C	protein	N.A.	N.A.	N.A.	N.A.
7mk6	35322021	10.1038/s41467-022-28866-9	0	auth_asym_id	A	B	C	protein	N.A.	N.A.	N.A.	N.A.
7mkl	34481543	10.1016/j.immuni.2021.08.016	0	auth_asym_id	H	L	A	protein	6.5	BLI	N.A.	N.A.
7mkm	34481543	10.1016/j.immuni.2021.08.016	0	auth_asym_id	H	L	A	protein	6.5	BLI	N.A.	spike RBD;local refinement
7mlh	35799831	10.1093/pnasnexus/pgac054	0	auth_asym_id	E	D	B	protein	0.474	SPR	298	N.A.
7mlh	35799831	10.1093/pnasnexus/pgac054	0	auth_asym_id	C	A	F	protein	0.474	SPR	298	N.A.
7mlu	34555840	10.1038/s41586-021-04022-z	0	auth_asym_id	L	M	A;B	protein;protein	N.A.	N.A.	N.A.	N.A.
7mlu	34555840	10.1038/s41586-021-04022-z	0	auth_asym_id	F	K	A;E	protein;protein	N.A.	N.A.	N.A.	N.A.
7mlu	34555840	10.1038/s41586-021-04022-z	0	auth_asym_id	G	J	B;C	protein;protein	N.A.	N.A.	N.A.	N.A.
7mlu	34555840	10.1038/s41586-021-04022-z	0	auth_asym_id	H	I	C;D	protein;protein	N.A.	N.A.	N.A.	N.A.
7mlu	34555840	10.1038/s41586-021-04022-z	0	auth_asym_id	N	O	D;E	protein;protein	N.A.	N.A.	N.A.	N.A.
7mlv	34555840	10.1038/s41586-021-04022-z	0	auth_asym_id	L	M	A;B	protein;protein	N.A.	N.A.	N.A.	N.A.
7mlv	34555840	10.1038/s41586-021-04022-z	0	auth_asym_id	G	J	B;C	protein;protein	N.A.	N.A.	N.A.	N.A.
7mlv	34555840	10.1038/s41586-021-04022-z	0	auth_asym_id	H	I	C;D	protein;protein	N.A.	N.A.	N.A.	N.A.
7mlv	34555840	10.1038/s41586-021-04022-z	0	auth_asym_id	F	K	D	protein	N.A.	N.A.	N.A.	N.A.
7mly	34555840	10.1038/s41586-021-04022-z	0	auth_asym_id	L	M	A;B	protein;protein	N.A.	N.A.	N.A.	N.A.
7mly	34555840	10.1038/s41586-021-04022-z	0	auth_asym_id	G	J	B;C	protein;protein	N.A.	N.A.	N.A.	N.A.
7mly	34555840	10.1038/s41586-021-04022-z	0	auth_asym_id	H	I	C;D	protein;protein	N.A.	N.A.	N.A.	N.A.
7mly	34555840	10.1038/s41586-021-04022-z	0	auth_asym_id	F	K	D;E	protein;protein	N.A.	N.A.	N.A.	N.A.
7mlz	34210892	10.1126/science.abh1766	0	auth_asym_id	H	L	A	protein	2.55	BLI	303	N.A.
7mm0	34210892	10.1126/science.abh1766	0	auth_asym_id	H	L	A	protein	2.55	BLI	303	N.A.
7mmn	34420474	10.1080/19420862.2021.1955812	0	auth_asym_id	D	E	B;I	protein;protein	N.A.	N.A.	N.A.	N.A.
7mmn	34420474	10.1080/19420862.2021.1955812	0	auth_asym_id	M	G	B;K	protein;protein	N.A.	N.A.	N.A.	N.A.
7mmn	34420474	10.1080/19420862.2021.1955812	0	auth_asym_id	H	L	I;K	protein;protein	N.A.	N.A.	N.A.	N.A.
7mmo	33972947	10.1101/2021.04.30.442182	0	auth_asym_id	A	B	C;F	protein;protein	4.01	SPR	N.A.	N.A.
7mmo	33972947	10.1101/2021.04.30.442182	0	auth_asym_id	D	E	C;F	protein;protein	4.01	SPR	N.A.	N.A.
7mn8	34759323	10.1038/s41586-021-04084-z	0	auth_asym_id	D	C	B	protein	N.A.	N.A.	N.A.	N.A.
7mnl	35679405	10.1126/science.abm9129	0	auth_asym_id	H	L	A	protein	N.A.	N.A.	N.A.	N.A.
7mnl	35679405	10.1126/science.abm9129	0	auth_asym_id	K	M	B	protein	N.A.	N.A.	N.A.	N.A.
7mnm	35679405	10.1126/science.abm9129	0	auth_asym_id	H	L	A	protein	N.A.	N.A.	N.A.	N.A.
7mnm	35679405	10.1126/science.abm9129	0	auth_asym_id	K	M	B	protein	N.A.	N.A.	N.A.	N.A.
7mnn	35679405	10.1126/science.abm9129	0	auth_asym_id	H	L	A	protein	N.A.	N.A.	N.A.	N.A.
7mnn	35679405	10.1126/science.abm9129	0	auth_asym_id	K	M	B	protein	N.A.	N.A.	N.A.	N.A.
7mno	35679405	10.1126/science.abm9129	0	auth_asym_id	H	L	A	protein	N.A.	N.A.	N.A.	N.A.
7mno	35679405	10.1126/science.abm9129	0	auth_asym_id	K	M	B	protein	N.A.	N.A.	N.A.	N.A.
7mrz	35005539	10.1016/j.isci.2021.103590	0	auth_asym_id	X	Y	C	protein	N.A.	N.A.	N.A.	N.A.
7msq	34788600	10.1016/j.immuni.2021.10.019	0	auth_asym_id	H	L	A	protein	4	BLI	298	N.A.
7msq	34788600	10.1016/j.immuni.2021.10.019	0	auth_asym_id	D	E	B	protein	4	BLI	298	N.A.
7mta	34262173	10.1038/s41586-021-03721-x	0	auth_asym_id	H	L	G	protein	N.A.	N.A.	N.A.	N.A.
7mta	34262173	10.1038/s41586-021-03721-x	1	auth_asym_id	H	L	G	protein	N.A.	N.A.	N.A.	N.A.
7mta	34262173	10.1038/s41586-021-03721-x	2	auth_asym_id	H	L	G	protein	N.A.	N.A.	N.A.	N.A.
7mta	34262173	10.1038/s41586-021-03721-x	3	auth_asym_id	H	L	G	protein	N.A.	N.A.	N.A.	N.A.
7mta	34262173	10.1038/s41586-021-03721-x	4	auth_asym_id	H	L	G	protein	N.A.	N.A.	N.A.	N.A.
7mta	34262173	10.1038/s41586-021-03721-x	5	auth_asym_id	H	L	G	protein	N.A.	N.A.	N.A.	N.A.
7mta	34262173	10.1038/s41586-021-03721-x	0	auth_asym_id	H	L	G	protein	N.A.	N.A.	N.A.	N.A.
7mta	34262173	10.1038/s41586-021-03721-x	1	auth_asym_id	H	L	G	protein	N.A.	N.A.	N.A.	N.A.
7mta	34262173	10.1038/s41586-021-03721-x	2	auth_asym_id	H	L	G	protein	N.A.	N.A.	N.A.	N.A.
7mta	34262173	10.1038/s41586-021-03721-x	3	auth_asym_id	H	L	G	protein	N.A.	N.A.	N.A.	N.A.
7mta	34262173	10.1038/s41586-021-03721-x	4	auth_asym_id	H	L	G	protein	N.A.	N.A.	N.A.	N.A.
7mta	34262173	10.1038/s41586-021-03721-x	5	auth_asym_id	H	L	G	protein	N.A.	N.A.	N.A.	N.A.
7mta	34262173	10.1038/s41586-021-03721-x	0	auth_asym_id	H	L	G	protein	N.A.	N.A.	N.A.	N.A.
7mta	34262173	10.1038/s41586-021-03721-x	1	auth_asym_id	H	L	G	protein	N.A.	N.A.	N.A.	N.A.
7mta	34262173	10.1038/s41586-021-03721-x	2	auth_asym_id	H	L	G	protein	N.A.	N.A.	N.A.	N.A.
7mta	34262173	10.1038/s41586-021-03721-x	3	auth_asym_id	H	L	G	protein	N.A.	N.A.	N.A.	N.A.
7mta	34262173	10.1038/s41586-021-03721-x	4	auth_asym_id	H	L	G	protein	N.A.	N.A.	N.A.	N.A.
7mta	34262173	10.1038/s41586-021-03721-x	5	auth_asym_id	H	L	G	protein	N.A.	N.A.	N.A.	N.A.
7mta	34262173	10.1038/s41586-021-03721-x	0	auth_asym_id	H	L	G	protein	N.A.	N.A.	N.A.	N.A.
7mta	34262173	10.1038/s41586-021-03721-x	1	auth_asym_id	H	L	G	protein	N.A.	N.A.	N.A.	N.A.
7mta	34262173	10.1038/s41586-021-03721-x	2	auth_asym_id	H	L	G	protein	N.A.	N.A.	N.A.	N.A.
7mta	34262173	10.1038/s41586-021-03721-x	3	auth_asym_id	H	L	G	protein	N.A.	N.A.	N.A.	N.A.
7mta	34262173	10.1038/s41586-021-03721-x	4	auth_asym_id	H	L	G	protein	N.A.	N.A.	N.A.	N.A.
7mta	34262173	10.1038/s41586-021-03721-x	5	auth_asym_id	H	L	G	protein	N.A.	N.A.	N.A.	N.A.
7mta	34262173	10.1038/s41586-021-03721-x	0	auth_asym_id	H	L	G	protein	N.A.	N.A.	N.A.	N.A.
7mta	34262173	10.1038/s41586-021-03721-x	1	auth_asym_id	H	L	G	protein	N.A.	N.A.	N.A.	N.A.
7mta	34262173	10.1038/s41586-021-03721-x	2	auth_asym_id	H	L	G	protein	N.A.	N.A.	N.A.	N.A.
7mta	34262173	10.1038/s41586-021-03721-x	3	auth_asym_id	H	L	G	protein	N.A.	N.A.	N.A.	N.A.
7mta	34262173	10.1038/s41586-021-03721-x	4	auth_asym_id	H	L	G	protein	N.A.	N.A.	N.A.	N.A.
7mta	34262173	10.1038/s41586-021-03721-x	5	auth_asym_id	H	L	G	protein	N.A.	N.A.	N.A.	N.A.
7mta	34262173	10.1038/s41586-021-03721-x	0	auth_asym_id	H	L	G	protein	N.A.	N.A.	N.A.	N.A.
7mta	34262173	10.1038/s41586-021-03721-x	1	auth_asym_id	H	L	G	protein	N.A.	N.A.	N.A.	N.A.
7mta	34262173	10.1038/s41586-021-03721-x	2	auth_asym_id	H	L	G	protein	N.A.	N.A.	N.A.	N.A.
7mta	34262173	10.1038/s41586-021-03721-x	3	auth_asym_id	H	L	G	protein	N.A.	N.A.	N.A.	N.A.
7mta	34262173	10.1038/s41586-021-03721-x	4	auth_asym_id	H	L	G	protein	N.A.	N.A.	N.A.	N.A.
7mta	34262173	10.1038/s41586-021-03721-x	5	auth_asym_id	H	L	G	protein	N.A.	N.A.	N.A.	N.A.
7mtb	34262173	10.1038/s41586-021-03721-x	0	auth_asym_id	H	L	G	protein	N.A.	N.A.	N.A.	N.A.
7mtb	34262173	10.1038/s41586-021-03721-x	1	auth_asym_id	H	L	G	protein	N.A.	N.A.	N.A.	N.A.
7mtb	34262173	10.1038/s41586-021-03721-x	2	auth_asym_id	H	L	G	protein	N.A.	N.A.	N.A.	N.A.
7mtb	34262173	10.1038/s41586-021-03721-x	3	auth_asym_id	H	L	G	protein	N.A.	N.A.	N.A.	N.A.
7mtb	34262173	10.1038/s41586-021-03721-x	4	auth_asym_id	H	L	G	protein	N.A.	N.A.	N.A.	N.A.
7mtb	34262173	10.1038/s41586-021-03721-x	5	auth_asym_id	H	L	G	protein	N.A.	N.A.	N.A.	N.A.
7mtb	34262173	10.1038/s41586-021-03721-x	0	auth_asym_id	H	L	G	protein	N.A.	N.A.	N.A.	N.A.
7mtb	34262173	10.1038/s41586-021-03721-x	1	auth_asym_id	H	L	G	protein	N.A.	N.A.	N.A.	N.A.
7mtb	34262173	10.1038/s41586-021-03721-x	2	auth_asym_id	H	L	G	protein	N.A.	N.A.	N.A.	N.A.
7mtb	34262173	10.1038/s41586-021-03721-x	3	auth_asym_id	H	L	G	protein	N.A.	N.A.	N.A.	N.A.
7mtb	34262173	10.1038/s41586-021-03721-x	4	auth_asym_id	H	L	G	protein	N.A.	N.A.	N.A.	N.A.
7mtb	34262173	10.1038/s41586-021-03721-x	5	auth_asym_id	H	L	G	protein	N.A.	N.A.	N.A.	N.A.
7mtb	34262173	10.1038/s41586-021-03721-x	0	auth_asym_id	H	L	G	protein	N.A.	N.A.	N.A.	N.A.
7mtb	34262173	10.1038/s41586-021-03721-x	1	auth_asym_id	H	L	G	protein	N.A.	N.A.	N.A.	N.A.
7mtb	34262173	10.1038/s41586-021-03721-x	2	auth_asym_id	H	L	G	protein	N.A.	N.A.	N.A.	N.A.
7mtb	34262173	10.1038/s41586-021-03721-x	3	auth_asym_id	H	L	G	protein	N.A.	N.A.	N.A.	N.A.
7mtb	34262173	10.1038/s41586-021-03721-x	4	auth_asym_id	H	L	G	protein	N.A.	N.A.	N.A.	N.A.
7mtb	34262173	10.1038/s41586-021-03721-x	5	auth_asym_id	H	L	G	protein	N.A.	N.A.	N.A.	N.A.
7mtb	34262173	10.1038/s41586-021-03721-x	0	auth_asym_id	H	L	G	protein	N.A.	N.A.	N.A.	N.A.
7mtb	34262173	10.1038/s41586-021-03721-x	1	auth_asym_id	H	L	G	protein	N.A.	N.A.	N.A.	N.A.
7mtb	34262173	10.1038/s41586-021-03721-x	2	auth_asym_id	H	L	G	protein	N.A.	N.A.	N.A.	N.A.
7mtb	34262173	10.1038/s41586-021-03721-x	3	auth_asym_id	H	L	G	protein	N.A.	N.A.	N.A.	N.A.
7mtb	34262173	10.1038/s41586-021-03721-x	4	auth_asym_id	H	L	G	protein	N.A.	N.A.	N.A.	N.A.
7mtb	34262173	10.1038/s41586-021-03721-x	5	auth_asym_id	H	L	G	protein	N.A.	N.A.	N.A.	N.A.
7mtb	34262173	10.1038/s41586-021-03721-x	0	auth_asym_id	H	L	G	protein	N.A.	N.A.	N.A.	N.A.
7mtb	34262173	10.1038/s41586-021-03721-x	1	auth_asym_id	H	L	G	protein	N.A.	N.A.	N.A.	N.A.
7mtb	34262173	10.1038/s41586-021-03721-x	2	auth_asym_id	H	L	G	protein	N.A.	N.A.	N.A.	N.A.
7mtb	34262173	10.1038/s41586-021-03721-x	3	auth_asym_id	H	L	G	protein	N.A.	N.A.	N.A.	N.A.
7mtb	34262173	10.1038/s41586-021-03721-x	4	auth_asym_id	H	L	G	protein	N.A.	N.A.	N.A.	N.A.
7mtb	34262173	10.1038/s41586-021-03721-x	5	auth_asym_id	H	L	G	protein	N.A.	N.A.	N.A.	N.A.
7mtb	34262173	10.1038/s41586-021-03721-x	0	auth_asym_id	H	L	G	protein	N.A.	N.A.	N.A.	N.A.
7mtb	34262173	10.1038/s41586-021-03721-x	1	auth_asym_id	H	L	G	protein	N.A.	N.A.	N.A.	N.A.
7mtb	34262173	10.1038/s41586-021-03721-x	2	auth_asym_id	H	L	G	protein	N.A.	N.A.	N.A.	N.A.
7mtb	34262173	10.1038/s41586-021-03721-x	3	auth_asym_id	H	L	G	protein	N.A.	N.A.	N.A.	N.A.
7mtb	34262173	10.1038/s41586-021-03721-x	4	auth_asym_id	H	L	G	protein	N.A.	N.A.	N.A.	N.A.
7mtb	34262173	10.1038/s41586-021-03721-x	5	auth_asym_id	H	L	G	protein	N.A.	N.A.	N.A.	N.A.
7mub	35322021	10.1038/s41467-022-28866-9	0	auth_asym_id	A	B	C	protein	N.A.	N.A.	N.A.	N.A.
7mw2	35347138	10.1038/s41467-022-29288-3	0	auth_asym_id	F	G	A;B	protein;protein	N.A.	N.A.	N.A.	N.A.
7mw2	35347138	10.1038/s41467-022-29288-3	0	auth_asym_id	D	E	A;C	protein;protein	N.A.	N.A.	N.A.	N.A.
7mw2	35347138	10.1038/s41467-022-29288-3	0	auth_asym_id	H	L	B;C	protein;protein	N.A.	N.A.	N.A.	N.A.
7mw3	35347138	10.1038/s41467-022-29288-3	0	auth_asym_id	D	E	A	protein	N.A.	N.A.	N.A.	N.A.
7mw3	35347138	10.1038/s41467-022-29288-3	0	auth_asym_id	F	G	A;B	protein;protein	N.A.	N.A.	N.A.	N.A.
7mw3	35347138	10.1038/s41467-022-29288-3	0	auth_asym_id	H	L	C	protein	N.A.	N.A.	N.A.	N.A.
7mw4	35347138	10.1038/s41467-022-29288-3	0	auth_asym_id	D	E	A	protein	N.A.	N.A.	N.A.	N.A.
7mw4	35347138	10.1038/s41467-022-29288-3	0	auth_asym_id	F	G	B	protein	N.A.	N.A.	N.A.	N.A.
7mw4	35347138	10.1038/s41467-022-29288-3	0	auth_asym_id	H	L	C	protein	N.A.	N.A.	N.A.	N.A.
7mw5	35347138	10.1038/s41467-022-29288-3	0	auth_asym_id	D	E	A	protein	N.A.	N.A.	N.A.	N.A.
7mw5	35347138	10.1038/s41467-022-29288-3	0	auth_asym_id	F	G	B	protein	N.A.	N.A.	N.A.	N.A.
7mw5	35347138	10.1038/s41467-022-29288-3	0	auth_asym_id	H	L	C	protein	N.A.	N.A.	N.A.	N.A.
7mw6	35347138	10.1038/s41467-022-29288-3	0	auth_asym_id	D	E	A	protein	N.A.	N.A.	N.A.	N.A.
7mw6	35347138	10.1038/s41467-022-29288-3	0	auth_asym_id	F	G	B	protein	N.A.	N.A.	N.A.	N.A.
7mw6	35347138	10.1038/s41467-022-29288-3	0	auth_asym_id	H	L	C	protein	N.A.	N.A.	N.A.	N.A.
7mww	34526719	10.1038/s41586-021-03913-5	0	auth_asym_id	H	L	E	protein	N.A.	N.A.	N.A.	N.A.
7mwx	34526719	10.1038/s41586-021-03913-5	0	auth_asym_id	A	B	C	protein	N.A.	N.A.	N.A.	N.A.
7mwx	34526719	10.1038/s41586-021-03913-5	0	auth_asym_id	E	F	G	protein	N.A.	N.A.	N.A.	N.A.
7mxd	35319830	10.1002/advs.202200063	0	auth_asym_id	X	Y	F	protein	19.5	SPR	N.A.	N.A.
7mxd	35319830	10.1002/advs.202200063	0	auth_asym_id	C	D	A	protein	N.A.	N.A.	N.A.	N.A.
7mxd	35319830	10.1002/advs.202200063	0	auth_asym_id	J	K	F	protein	N.A.	N.A.	N.A.	N.A.
7mxd	35319830	10.1002/advs.202200063	0	auth_asym_id	S	U	G	protein	N.A.	N.A.	N.A.	N.A.
7mxe	34697307	10.1038/s41541-021-00387-4	0	auth_asym_id	M	O	C;P	protein;protein	N.A.	N.A.	N.A.	N.A.
7mxe	34697307	10.1038/s41541-021-00387-4	0	auth_asym_id	H	L	D;G	protein;protein	N.A.	N.A.	N.A.	N.A.
7mxe	34697307	10.1038/s41541-021-00387-4	0	auth_asym_id	A	B	F;J	protein;protein	N.A.	N.A.	N.A.	N.A.
7mxe	34697307	10.1038/s41541-021-00387-4	0	auth_asym_id	R	W	D;F;J	protein;protein;protein	N.A.	N.A.	N.A.	N.A.
7mxl	34126155	10.1016/j.jaci.2021.05.038	0	auth_asym_id	A	B	C	protein	0.475	SPR	N.A.	25 or 37 C
7mxl	34126155	10.1016/j.jaci.2021.05.038	0	auth_asym_id	H	L	C	protein	3.24	SPR	N.A.	25 or 37 C
7mxl	34126155	10.1016/j.jaci.2021.05.038	0	auth_asym_id	J	K	C	protein	1.81	SPR	N.A.	25 or 37 C
7mxp	34898670	10.1002/aic.17440	0	auth_asym_id	I	K	A	protein	N.A.	N.A.	N.A.	N.A.
7mxp	34898670	10.1002/aic.17440	0	auth_asym_id	G	J	B	protein	N.A.	N.A.	N.A.	N.A.
7mxp	34898670	10.1002/aic.17440	0	auth_asym_id	H	L	C	protein	N.A.	N.A.	N.A.	N.A.
7my2	34098567	10.1038/s41586-021-03676-z	0	auth_asym_id	A	N.A.	B	protein	0.82	BLI	N.A.	N.A.
7my2	34098567	10.1038/s41586-021-03676-z	0	auth_asym_id	D	N.A.	C	protein	0.82	BLI	N.A.	N.A.
7my2	34098567	10.1038/s41586-021-03676-z	0	auth_asym_id	H	N.A.	E	protein	0.82	BLI	N.A.	N.A.
7my3	34098567	10.1038/s41586-021-03676-z	0	auth_asym_id	E	N.A.	A	protein	<0.001	BLI	N.A.	N.A.
7my3	34098567	10.1038/s41586-021-03676-z	0	auth_asym_id	D	N.A.	A;B	protein;protein	<0.001	BLI	N.A.	N.A.
7myz	34471125	10.1038/s41467-021-25475-w	0	auth_asym_id	H	L	C	protein	N.A.	N.A.	N.A.	N.A.
7myz	34471125	10.1038/s41467-021-25475-w	0	auth_asym_id	I	M	D	protein	N.A.	N.A.	N.A.	N.A.
7mzf	34610292	10.1016/j.celrep.2021.109822	0	auth_asym_id	H	L	A	protein	5.69	BLI	298	N.A.
7mzg	34610292	10.1016/j.celrep.2021.109822	0	auth_asym_id	H	L	A	protein	1.1	BLI	298	N.A.
7mzh	34610292	10.1016/j.celrep.2021.109822	0	auth_asym_id	B	C	A	protein	8.12	BLI	298	N.A.
7mzh	34610292	10.1016/j.celrep.2021.109822	0	auth_asym_id	H	L	E	protein	8.12	BLI	298	N.A.
7mzi	34610292	10.1016/j.celrep.2021.109822	0	auth_asym_id	H	L	A	protein	16.1	BLI	298	N.A.
7mzj	34610292	10.1016/j.celrep.2021.109822	0	auth_asym_id	F	E	A	protein	16.1	BLI	298	N.A.
7mzj	34610292	10.1016/j.celrep.2021.109822	0	auth_asym_id	C	D	B	protein	16.1	BLI	298	N.A.
7mzj	34610292	10.1016/j.celrep.2021.109822	0	auth_asym_id	H	L	A	protein	0.5	BLI	298	N.A.
7mzj	34610292	10.1016/j.celrep.2021.109822	0	auth_asym_id	N	M	B	protein	0.5	BLI	298	N.A.
7mzk	34610292	10.1016/j.celrep.2021.109822	0	auth_asym_id	F	E	A	protein	16.1	BLI	298	N.A.
7mzk	34610292	10.1016/j.celrep.2021.109822	0	auth_asym_id	C	D	B	protein	16.1	BLI	298	N.A.
7mzk	34610292	10.1016/j.celrep.2021.109822	0	auth_asym_id	H	L	A	protein	2.6	BLI	298	N.A.
7mzk	34610292	10.1016/j.celrep.2021.109822	0	auth_asym_id	N	M	B	protein	2.6	BLI	298	N.A.
7mzl	34610292	10.1016/j.celrep.2021.109822	0	auth_asym_id	H	L	A	protein	0.91	BLI	298	N.A.
7mzm	34610292	10.1016/j.celrep.2021.109822	0	auth_asym_id	H	L	A	protein	0.24	BLI	298	N.A.
7mzn	34610292	10.1016/j.celrep.2021.109822	0	auth_asym_id	H	L	A	protein	0.38	BLI	298	N.A.
7n0a	36441800	10.1158/1078-0432.CCR-21-1888	0	auth_asym_id	B	A	C	protein	0.074	SPR	N.A.	N.A.
7n0g	34537245	10.1016/j.jbc.2021.101202	0	auth_asym_id	X	N.A.	A	protein	47.1	SPR	298	structure for Ab-spike;KD for Ab-RBD
7n0g	34537245	10.1016/j.jbc.2021.101202	0	auth_asym_id	Z	N.A.	A;C	protein;protein	47.1	SPR	298	structure for Ab-spike;KD for Ab-RBD
7n0g	34537245	10.1016/j.jbc.2021.101202	0	auth_asym_id	Y	N.A.	B;C	protein;protein	47.1	SPR	298	structure for Ab-spike;KD for Ab-RBD
7n0h	34537245	10.1016/j.jbc.2021.101202	0	auth_asym_id	X	N.A.	A	protein	47.1	SPR	298	structure for Ab-spike;KD for Ab-RBD
7n0h	34537245	10.1016/j.jbc.2021.101202	0	auth_asym_id	Z	N.A.	C	protein	47.1	SPR	298	structure for Ab-spike;KD for Ab-RBD
7n0r	34381460	10.3389/fimmu.2021.719037	0	auth_asym_id	C	N.A.	A	protein	1.1	SPR	298	N.A.
7n0r	34381460	10.3389/fimmu.2021.719037	0	auth_asym_id	D	N.A.	B	protein	1.1	SPR	298	N.A.
7n0u	34126155	10.1016/j.jaci.2021.05.038	0	auth_asym_id	H	L	C	protein	0.475	SPR	N.A.	25 or 37 C
7n0v	34126155	10.1016/j.jaci.2021.05.038	0	auth_asym_id	H	L	C	protein	1.81	SPR	N.A.	25 or 37 C
7n28	35319830	10.1002/advs.202200063	0	auth_asym_id	C	D	A	protein	N.A.	N.A.	N.A.	N.A.
7n28	35319830	10.1002/advs.202200063	0	auth_asym_id	J	K	F	protein	N.A.	N.A.	N.A.	N.A.
7n28	35319830	10.1002/advs.202200063	0	auth_asym_id	S	U	G	protein	N.A.	N.A.	N.A.	N.A.
7n28	35319830	10.1002/advs.202200063	0	auth_asym_id	X	Y	F;G	protein;protein	33.1	SPR	N.A.	N.A.
7n3c	38327783	10.1016/j.isci.2024.108976	0	auth_asym_id	H	L	C	protein	N.A.	N.A.	N.A.	N.A.
7n3d	38327783	10.1016/j.isci.2024.108976	0	auth_asym_id	H	L	C	protein	N.A.	N.A.	N.A.	N.A.
7n3i	34331873	10.1016/j.immuni.2021.07.008	0	auth_asym_id	H	L	C	protein	29.05	BLI	303	N.A.
7n4i	34716452	10.1038/s41590-021-01068-z	0	auth_asym_id	H	L	C	protein	<0.001	BLI	303	important KD data paper
7n4j	34716452	10.1038/s41590-021-01068-z	0	auth_asym_id	H	L	A	protein	0.0212	BLI	303	N.A.
7n4l	34716452	10.1038/s41590-021-01068-z	0	auth_asym_id	H	L	A	protein	0.0106	BLI	303	N.A.
7n4m	34716452	10.1038/s41590-021-01068-z	0	auth_asym_id	H	L	A	protein	<0.001	BLI	303	N.A.
7n4n	34553934	10.1021/acs.jmedchem.1c00935	0	auth_asym_id	D	N.A.	A	protein	N.A.	N.A.	N.A.	N.A.
7n5h	34836485	10.1080/22221751.2021.2011623	0	auth_asym_id	H	L	A	protein	3.26	SPR	298	N.A.
7n5h	34836485	10.1080/22221751.2021.2011623	0	auth_asym_id	E	F	B	protein	3.26	SPR	298	N.A.
7n5h	34836485	10.1080/22221751.2021.2011623	0	auth_asym_id	J	K	C	protein	3.26	SPR	298	N.A.
7n62	33758863	10.1101/2021.03.10.434840	0	auth_asym_id	H	L	A	protein	N.A.	N.A.	N.A.	N.A.
7n65	34263727	10.7554/eLife.68110	0	auth_asym_id	C	D	A	protein	3.2	BLI	296	N.A.
7n65	34263727	10.7554/eLife.68110	0	auth_asym_id	G	H	E	protein	3.2	BLI	296	N.A.
7n65	34263727	10.7554/eLife.68110	0	auth_asym_id	K	L	I	protein	3.2	BLI	296	N.A.
7n8h	34210893	10.1126/science.abi7994	0	auth_asym_id	E	D	A;F	protein;protein	N.A.	N.A.	N.A.	N.A.
7n8h	34210893	10.1126/science.abi7994	0	auth_asym_id	M	L	A;K	protein;protein	N.A.	N.A.	N.A.	N.A.
7n8h	34210893	10.1126/science.abi7994	0	auth_asym_id	H	G	F;K	protein;protein	N.A.	N.A.	N.A.	N.A.
7n8h	34210893	10.1126/science.abi7994	0	auth_asym_id	C	B	A	protein	N.A.	N.A.	N.A.	N.A.
7n8h	34210893	10.1126/science.abi7994	0	auth_asym_id	J	I	F	protein	N.A.	N.A.	N.A.	N.A.
7n8h	34210893	10.1126/science.abi7994	0	auth_asym_id	O	N	K	protein	N.A.	N.A.	N.A.	N.A.
7n8i	34210893	10.1126/science.abi7994	0	auth_asym_id	H	L	A	protein	N.A.	N.A.	N.A.	N.A.
7n8q	35069563	10.3389/fimmu.2021.787603	0	auth_asym_id	C	D	A	protein	2.54	SPR	298	N.A.
7n8q	35069563	10.3389/fimmu.2021.787603	0	auth_asym_id	H	L	G	protein	2.54	SPR	298	N.A.
7n9a	N.A.	N.A.	0	auth_asym_id	A	N.A.	E	protein	N.A.	N.A.	N.A.	N.A.
7n9b	N.A.	10.1038/s41467-021-24963-3	0	auth_asym_id	D	N.A.	A	protein	N.A.	N.A.	N.A.	N.A.
7n9b	N.A.	10.1038/s41467-021-24963-3	0	auth_asym_id	F	N.A.	B;C	protein;protein	N.A.	N.A.	N.A.	N.A.
7n9c	N.A.	10.1038/s41467-021-24963-3	0	auth_asym_id	E	N.A.	A	protein	N.A.	N.A.	N.A.	N.A.
7n9c	N.A.	10.1038/s41467-021-24963-3	0	auth_asym_id	D	N.A.	C	protein	N.A.	N.A.	N.A.	N.A.
7n9t	N.A.	10.1038/s41467-021-24963-3	0	auth_asym_id	E	N.A.	A	protein	N.A.	N.A.	N.A.	N.A.
7n9t	N.A.	10.1038/s41467-021-24963-3	0	auth_asym_id	F	N.A.	B	protein	N.A.	N.A.	N.A.	N.A.
7n9t	N.A.	10.1038/s41467-021-24963-3	0	auth_asym_id	D	N.A.	C	protein	N.A.	N.A.	N.A.	N.A.
7n9v	N.A.	N.A.	0	auth_asym_id	L	N.A.	A	protein	N.A.	N.A.	N.A.	N.A.
7n9v	N.A.	N.A.	0	auth_asym_id	B	N.A.	C	protein	N.A.	N.A.	N.A.	N.A.
7n9v	N.A.	N.A.	0	auth_asym_id	E	N.A.	D	protein	N.A.	N.A.	N.A.	N.A.
7n9v	N.A.	N.A.	0	auth_asym_id	F	N.A.	G	protein	N.A.	N.A.	N.A.	N.A.
7n9v	N.A.	N.A.	0	auth_asym_id	J	N.A.	I	protein	N.A.	N.A.	N.A.	N.A.
7n9v	N.A.	N.A.	0	auth_asym_id	H	N.A.	K	protein	N.A.	N.A.	N.A.	N.A.
7na9	34990480	10.1371/journal.ppat.1010169	0	auth_asym_id	D	N.A.	A	protein	N.A.	N.A.	N.A.	N.A.
7ncs	34234105	10.1038/s41467-021-24432-x	0	auth_asym_id	H	L	A	protein	N.A.	N.A.	N.A.	N.A.
7nd0	34234105	10.1038/s41467-021-24432-x	0	auth_asym_id	H	L	A	protein	N.A.	N.A.	N.A.	N.A.
7nd3	33756110	10.1016/j.cell.2021.02.032	0	auth_asym_id	H	L	B	protein	N.A.	N.A.	N.A.	N.A.
7nd4	33756110	10.1016/j.cell.2021.02.032	0	auth_asym_id	D	E	A	protein	1.2	BLI	N.A.	N.A.
7nd4	33756110	10.1016/j.cell.2021.02.032	0	auth_asym_id	F	G	B	protein	1.2	BLI	N.A.	N.A.
7nd4	33756110	10.1016/j.cell.2021.02.032	0	auth_asym_id	H	L	C	protein	1.2	BLI	N.A.	N.A.
7nd5	33756110	10.1016/j.cell.2021.02.032	0	auth_asym_id	H	L	B	protein	0.9	BLI	N.A.	N.A.
7nd6	33756110	10.1016/j.cell.2021.02.032	0	auth_asym_id	H	L	B	protein	0.7	BLI	N.A.	N.A.
7nd7	33756110	10.1016/j.cell.2021.02.032	0	auth_asym_id	H	L	A	protein	2	BLI	N.A.	N.A.
7nd7	33756110	10.1016/j.cell.2021.02.032	0	auth_asym_id	F	G	B	protein	2	BLI	N.A.	N.A.
7nd7	33756110	10.1016/j.cell.2021.02.032	0	auth_asym_id	J	K	C	protein	2	BLI	N.A.	N.A.
7nd8	33756110	10.1016/j.cell.2021.02.032	0	auth_asym_id	H	L	B	protein	2.7	BLI	N.A.	N.A.
7nd9	33756110	10.1016/j.cell.2021.02.032	0	auth_asym_id	H	L	B	protein	1.5	BLI	N.A.	N.A.
7ndb	33756110	10.1016/j.cell.2021.02.032	0	auth_asym_id	H	L	B	protein	3.1	BLI	N.A.	N.A.
7ndc	33756110	10.1016/j.cell.2021.02.032	0	auth_asym_id	F	G	A	protein	1.1	BLI	N.A.	N.A.
7ndc	33756110	10.1016/j.cell.2021.02.032	0	auth_asym_id	H	L	B	protein	1.1	BLI	N.A.	N.A.
7ndc	33756110	10.1016/j.cell.2021.02.032	0	auth_asym_id	D	E	C	protein	1.1	BLI	N.A.	N.A.
7ndd	33756110	10.1016/j.cell.2021.02.032	0	auth_asym_id	F	G	A	protein	1.1	BLI	N.A.	N.A.
7ndd	33756110	10.1016/j.cell.2021.02.032	0	auth_asym_id	H	L	B	protein	1.1	BLI	N.A.	N.A.
7ndd	33756110	10.1016/j.cell.2021.02.032	0	auth_asym_id	D	E	C	protein	1.1	BLI	N.A.	N.A.
7ndf	36223470	10.1126/sciadv.abn6845	0	auth_asym_id	D	N.A.	A	protein	9	grating coupled interferometry	298	N.A.
7ndf	36223470	10.1126/sciadv.abn6845	0	auth_asym_id	C	N.A.	B	protein	9	grating coupled interferometry	298	N.A.
7neg	33743891	10.1016/j.cell.2021.02.033	0	auth_asym_id	H	L	E	protein	2.2	BLI	N.A.	N.A.
7neh	33743891	10.1016/j.cell.2021.02.033	0	auth_asym_id	H	L	E	protein	2.2	BLI	N.A.	N.A.
7neq	33838147	10.1016/j.jmb.2021.166980	0	auth_asym_id	D	C	A;B	protein;protein	N.A.	N.A.	N.A.	N.A.
7neq	33838147	10.1016/j.jmb.2021.166980	0	auth_asym_id	F	E	A;B	protein;protein	N.A.	N.A.	N.A.	N.A.
7nez	33838147	10.1016/j.jmb.2021.166980	0	auth_asym_id	D	C	A;B	protein;protein	N.A.	N.A.	N.A.	N.A.
7nez	33838147	10.1016/j.jmb.2021.166980	0	auth_asym_id	F	E	A;B	protein;protein	N.A.	N.A.	N.A.	N.A.
7nfd	33838147	10.1016/j.jmb.2021.166980	0	auth_asym_id	D	C	A;B	protein;protein	N.A.	N.A.	N.A.	N.A.
7nfd	33838147	10.1016/j.jmb.2021.166980	0	auth_asym_id	F	E	A;B	protein;protein	N.A.	N.A.	N.A.	N.A.
7nfq	35017564	10.1038/s41467-021-27950-w	0	auth_asym_id	C	N.A.	A	protein	N.A.	N.A.	N.A.	N.A.
7nfq	35017564	10.1038/s41467-021-27950-w	0	auth_asym_id	D	N.A.	B	protein	N.A.	N.A.	N.A.	N.A.
7nfr	35017564	10.1038/s41467-021-27950-w	0	auth_asym_id	B	N.A.	A	protein	N.A.	N.A.	N.A.	N.A.
7nft	35017564	10.1038/s41467-021-27950-w	0	auth_asym_id	C	N.A.	A	protein	N.A.	N.A.	N.A.	N.A.
7nft	35017564	10.1038/s41467-021-27950-w	0	auth_asym_id	D	N.A.	B	protein	N.A.	N.A.	N.A.	N.A.
7ngh	34140623	10.1038/s42003-021-02267-y	0	auth_asym_id	D	N.A.	B	protein	N.A.	N.A.	N.A.	N.A.
7niu	34385322	10.1073/pnas.2106702118	0	auth_asym_id	C	B	A	protein	N.A.	N.A.	N.A.	N.A.
7niu	34385322	10.1073/pnas.2106702118	0	auth_asym_id	E	D	A	protein	N.A.	N.A.	N.A.	N.A.
7niv	34385322	10.1073/pnas.2106702118	0	auth_asym_id	C	B	A	protein	N.A.	N.A.	N.A.	N.A.
7niv	34385322	10.1073/pnas.2106702118	0	auth_asym_id	E	D	A	protein	N.A.	N.A.	N.A.	N.A.
7niw	34385322	10.1073/pnas.2106702118	0	auth_asym_id	C	B	A	protein	N.A.	N.A.	N.A.	N.A.
7nks	34225492	10.1128/mBio.02531-20	0	auth_asym_id	H	L	A	protein	N.A.	N.A.	N.A.	N.A.
7nks	34225492	10.1128/mBio.02531-20	0	auth_asym_id	C	D	B	protein	N.A.	N.A.	N.A.	N.A.
7nkt	33904225	10.15252/embr.202052325	0	label_asym_id	B	N.A.	A	protein	3.66	BLI	N.A.	N.A.
7nll	35013189	10.1038/s41467-021-27610-z	0	auth_asym_id	C	N.A.	B	protein	N.A.	N.A.	N.A.	N.A.
7nll	35013189	10.1038/s41467-021-27610-z	0	auth_asym_id	A	N.A.	D	protein	N.A.	N.A.	N.A.	N.A.
7nmu	33512486	10.1182/blood.2020009440	0	label_asym_id	D	N.A.	A	protein	0.57	SPR	298	N.A.
7nmu	33512486	10.1182/blood.2020009440	0	label_asym_id	C	N.A.	B	protein	0.57	SPR	298	N.A.
7now	38649536	10.1038/s44318-024-00081-w	0	auth_asym_id	A	N.A.	B	protein	<0.01	BLI	298	N.A.
7now	38649536	10.1038/s44318-024-00081-w	0	auth_asym_id	C	N.A.	D	protein	<0.01	BLI	298	N.A.
7np1	34211469	10.3389/fimmu.2021.678570	0	auth_asym_id	H	L	A	protein	1.5	SPR	298	important KD data paper
7np1	34211469	10.3389/fimmu.2021.678570	0	auth_asym_id	I	M	B	protein	1.5	SPR	298	important KD data paper
7np1	34211469	10.3389/fimmu.2021.678570	0	auth_asym_id	J	N	C	protein	1.5	SPR	298	important KD data paper
7np1	34211469	10.3389/fimmu.2021.678570	0	auth_asym_id	K	O	D	protein	1.5	SPR	298	important KD data paper
7nqa	38649536	10.1038/s44318-024-00081-w	0	auth_asym_id	C	N.A.	A;B	protein;protein	<0.01	BLI	298	N.A.
7nqa	38649536	10.1038/s44318-024-00081-w	0	auth_asym_id	D	N.A.	A;B	protein;protein	<0.01	BLI	298	N.A.
7nqk	34433568	10.1126/sciadv.abh3355	0	auth_asym_id	B	N.A.	A	protein	26.3	BLI	N.A.	N.A.
7nrh	34225492	10.1128/mBio.02531-20	0	auth_asym_id	H	L	A	protein	N.A.	N.A.	N.A.	N.A.
7ns6	35013189	10.1038/s41467-021-27610-z	0	auth_asym_id	T	N.A.	I	protein	N.A.	N.A.	N.A.	N.A.
7ns6	35013189	10.1038/s41467-021-27610-z	0	auth_asym_id	H	N.A.	J	protein	N.A.	N.A.	N.A.	N.A.
7ns6	35013189	10.1038/s41467-021-27610-z	0	auth_asym_id	U	N.A.	K	protein	N.A.	N.A.	N.A.	N.A.
7ns6	35013189	10.1038/s41467-021-27610-z	0	auth_asym_id	G	N.A.	L	protein	N.A.	N.A.	N.A.	N.A.
7ns6	35013189	10.1038/s41467-021-27610-z	0	auth_asym_id	S	N.A.	M	protein	N.A.	N.A.	N.A.	N.A.
7ns6	35013189	10.1038/s41467-021-27610-z	0	auth_asym_id	O	N.A.	N	protein	N.A.	N.A.	N.A.	N.A.
7ntc	33888467	10.1126/sciadv.abg7607	0	auth_asym_id	H	L	C	protein	N.A.	N.A.	N.A.	N.A.
7nvl	35449234	10.1038/s41594-022-00755-1	0	auth_asym_id	N	N.A.	E	protein	86	BLI	298	N.A.
7nvl	35449234	10.1038/s41594-022-00755-1	0	auth_asym_id	n	N.A.	e	protein	86	BLI	298	N.A.
7nvm	35449234	10.1038/s41594-022-00755-1	0	auth_asym_id	N	N.A.	E	protein	86	BLI	298	N.A.
7nvm	35449234	10.1038/s41594-022-00755-1	0	auth_asym_id	n	N.A.	e	protein	86	BLI	298	N.A.
7nvn	35449234	10.1038/s41594-022-00755-1	0	auth_asym_id	N	N.A.	E	protein	86	BLI	298	N.A.
7nvn	35449234	10.1038/s41594-022-00755-1	0	auth_asym_id	n	N.A.	e	protein	86	BLI	298	N.A.
7nwl	33962943	10.1126/sciadv.abe9716	0	auth_asym_id	D	E	B	protein	N.A.	N.A.	N.A.	N.A.
7nx0	34646012	10.1038/s41586-021-03959-5	0	auth_asym_id	E	N.A.	B	protein	N.A.	N.A.	N.A.	N.A.
7nx0	34646012	10.1038/s41586-021-03959-5	0	auth_asym_id	D	N.A.	C	protein	N.A.	N.A.	N.A.	N.A.
7nx3	34646012	10.1038/s41586-021-03959-5	0	auth_asym_id	E	D	A	protein	N.A.	N.A.	N.A.	N.A.
7nx3	34646012	10.1038/s41586-021-03959-5	0	auth_asym_id	B	C	F	protein	N.A.	N.A.	N.A.	N.A.
7nx6	33852911	10.1016/j.cell.2021.03.055	0	auth_asym_id	A	B	E	protein	1.36	BLI	303	N.A.
7nx6	33852911	10.1016/j.cell.2021.03.055	0	auth_asym_id	H	L	E	protein	N.A.	BLI	303	N.A.
7nx7	33852911	10.1016/j.cell.2021.03.055	0	auth_asym_id	A	B	E	protein	5.16	BLI	303	N.A.
7nx7	33852911	10.1016/j.cell.2021.03.055	0	auth_asym_id	H	L	E	protein	N.A.	BLI	303	N.A.
7nx8	33852911	10.1016/j.cell.2021.03.055	0	auth_asym_id	A	B	E	protein	3.96	BLI	303	N.A.
7nx8	33852911	10.1016/j.cell.2021.03.055	0	auth_asym_id	H	L	E	protein	N.A.	BLI	303	N.A.
7nx9	33852911	10.1016/j.cell.2021.03.055	0	auth_asym_id	A	B	E	protein	N.A.	BLI	303	N.A.
7nx9	33852911	10.1016/j.cell.2021.03.055	0	auth_asym_id	H	L	E	protein	N.A.	BLI	303	N.A.
7nxa	33852911	10.1016/j.cell.2021.03.055	0	auth_asym_id	A	B	E	protein	N.A.	BLI	303	N.A.
7nxa	33852911	10.1016/j.cell.2021.03.055	0	auth_asym_id	H	L	E	protein	N.A.	BLI	303	N.A.
7nxb	33852911	10.1016/j.cell.2021.03.055	0	auth_asym_id	A	B	E	protein	1.92	BLI	303	N.A.
7nxb	33852911	10.1016/j.cell.2021.03.055	0	auth_asym_id	H	L	E	protein	N.A.	BLI	303	N.A.
7nxx	N.A.	N.A.	0	auth_asym_id	B	N.A.	A	protein	N.A.	N.A.	N.A.	N.A.
7o06	34499853	10.1016/j.str.2021.08.007	0	auth_asym_id	A	N.A.	C	protein	N.A.	N.A.	N.A.	N.A.
7o06	34499853	10.1016/j.str.2021.08.007	0	auth_asym_id	B	N.A.	D	protein	N.A.	N.A.	N.A.	N.A.
7o0s	34499853	10.1016/j.str.2021.08.007	0	auth_asym_id	A	N.A.	B	protein	N.A.	N.A.	N.A.	N.A.
7o3b	34499853	10.1016/j.str.2021.08.007	0	auth_asym_id	A	N.A.	G	protein	N.A.	N.A.	N.A.	N.A.
7o3b	34499853	10.1016/j.str.2021.08.007	0	auth_asym_id	B	N.A.	H	protein	N.A.	N.A.	N.A.	N.A.
7o3b	34499853	10.1016/j.str.2021.08.007	0	auth_asym_id	C	N.A.	I	protein	N.A.	N.A.	N.A.	N.A.
7o52	34273351	10.1016/j.jbc.2021.100966	0	auth_asym_id	H	L	U	protein	24.8	BLI	N.A.	N.A.
7o9s	34225492	10.1128/mBio.02531-20	0	auth_asym_id	H	L	A	protein	N.A.	N.A.	N.A.	N.A.
7o9w	34928144	10.1021/acs.jmedchem.1c01272	0	auth_asym_id	C	B	A	protein	N.A.	N.A.	N.A.	N.A.
7oan	34552091	10.1038/s41467-021-25480-z	0	auth_asym_id	F	N.A.	A	protein	0.35	SPR	298	important KD data paper
7oan	34552091	10.1038/s41467-021-25480-z	0	auth_asym_id	G	N.A.	B	protein	0.35	SPR	298	important KD data paper
7oan	34552091	10.1038/s41467-021-25480-z	0	auth_asym_id	H	N.A.	C	protein	0.35	SPR	298	important KD data paper
7oao	34552091	10.1038/s41467-021-25480-z	0	label_asym_id	B	N.A.	A	protein	0.099	SPR	298	N.A.
7oap	34552091	10.1038/s41467-021-25480-z	0	label_asym_id	A	N.A.	B	protein	0.615	SPR	298	N.A.
7oap	34552091	10.1038/s41467-021-25480-z	0	label_asym_id	C	N.A.	B	protein	0.025	SPR	298	N.A.
7oaq	34552091	10.1038/s41467-021-25480-z	0	label_asym_id	A	N.A.	B	protein	0.725	SPR	298	N.A.
7oaq	34552091	10.1038/s41467-021-25480-z	0	label_asym_id	C	N.A.	B	protein	0.102	SPR	298	N.A.
7oau	34552091	10.1038/s41467-021-25480-z	0	label_asym_id	B	N.A.	A	protein	2.523	SPR	298	N.A.
7oau	34552091	10.1038/s41467-021-25480-z	0	label_asym_id	D	N.A.	C	protein	2.523	SPR	298	N.A.
7oay	34552091	10.1038/s41467-021-25480-z	0	label_asym_id	B	N.A.	A;E	protein;protein	0.04	SPR	298	N.A.
7oay	34552091	10.1038/s41467-021-25480-z	0	label_asym_id	D	N.A.	C	protein	0.04	SPR	298	N.A.
7oay	34552091	10.1038/s41467-021-25480-z	0	label_asym_id	F	N.A.	C;E	protein;protein	0.04	SPR	298	N.A.
7oay	34552091	10.1038/s41467-021-25480-z	0	label_asym_id	H	N.A.	G	protein	0.04	SPR	298	N.A.
7oay	34552091	10.1038/s41467-021-25480-z	0	label_asym_id	J	N.A.	I	protein	0.04	SPR	298	N.A.
7oay	34552091	10.1038/s41467-021-25480-z	0	label_asym_id	L	N.A.	K	protein	0.04	SPR	298	N.A.
7ocj	36240773	10.1016/j.str.2022.09.004	0	auth_asym_id	G	N.A.	A	protein	80	fluorescence polarization	303	N.A.
7ocj	36240773	10.1016/j.str.2022.09.004	0	auth_asym_id	E	N.A.	A;C	protein;protein	80	fluorescence polarization	303	N.A.
7ocj	36240773	10.1016/j.str.2022.09.004	0	auth_asym_id	B	N.A.	D	protein	80	fluorescence polarization	303	N.A.
7ocj	36240773	10.1016/j.str.2022.09.004	0	auth_asym_id	H	N.A.	D;F	protein;protein	80	fluorescence polarization	303	N.A.
7oh0	34618682	10.1172/JCI151676	0	auth_asym_id	C	B	A	protein	N.A.	N.A.	N.A.	N.A.
7oh1	34618682	10.1172/JCI151676	0	auth_asym_id	E	D	A	protein	N.A.	N.A.	N.A.	N.A.
7oly	35005539	10.1016/j.isci.2021.103590	0	auth_asym_id	H	L	C	protein	N.A.	N.A.	N.A.	N.A.
7olz	34302370	10.15252/embj.2021107985	0	auth_asym_id	B	N.A.	A	protein	4	BLI	298	important KD data paper
7olz	34302370	10.15252/embj.2021107985	0	auth_asym_id	C	N.A.	A	protein	0.002	BLI	298	N.A.
7om4	35232398	10.1186/s12860-022-00412-x	0	auth_asym_id	B	N.A.	A	protein	N.A.	N.A.	N.A.	N.A.
7omm	35383177	10.1038/s41467-022-29459-2	0	auth_asym_id	C	N.A.	A	protein	N.A.	N.A.	N.A.	N.A.
7omm	35383177	10.1038/s41467-022-29459-2	0	auth_asym_id	D	N.A.	A	protein	N.A.	N.A.	N.A.	N.A.
7or9	34242578	10.1016/j.cell.2021.06.020	0	auth_asym_id	A	B	E	protein	0.25	BLI	303	N.A.
7or9	34242578	10.1016/j.cell.2021.06.020	0	auth_asym_id	H	L	E	protein	1.6	BLI	303	N.A.
7ora	34242578	10.1016/j.cell.2021.06.020	0	auth_asym_id	D	E	C	protein	N.A.	N.A.	N.A.	N.A.
7ora	34242578	10.1016/j.cell.2021.06.020	0	auth_asym_id	A	B	R	protein	N.A.	N.A.	N.A.	N.A.
7ora	34242578	10.1016/j.cell.2021.06.020	0	auth_asym_id	H	L	C	protein	0.78	BLI	303	N.A.
7ora	34242578	10.1016/j.cell.2021.06.020	0	auth_asym_id	F	G	R	protein	0.78	BLI	303	N.A.
7orb	34242578	10.1016/j.cell.2021.06.020	0	auth_asym_id	A	B	R	protein	N.A.	N.A.	N.A.	N.A.
7orb	34242578	10.1016/j.cell.2021.06.020	0	auth_asym_id	E	F	X	protein	N.A.	N.A.	N.A.	N.A.
7orb	34242578	10.1016/j.cell.2021.06.020	0	auth_asym_id	H	L	R	protein	1.6	BLI	303	N.A.
7orb	34242578	10.1016/j.cell.2021.06.020	0	auth_asym_id	C	D	X	protein	1.6	BLI	303	N.A.
7ox1	N.A.	10.1101/2022.12.30.522308	0	auth_asym_id	A	B	G	protein	1.81	BLI	298	N.A.
7ox1	N.A.	10.1101/2022.12.30.522308	0	auth_asym_id	H	L	X;Y	protein;protein	1.81	BLI	298	N.A.
7ox1	N.A.	10.1101/2022.12.30.522308	0	auth_asym_id	E	F	Y	protein	1.81	BLI	298	N.A.
7ox1	N.A.	10.1101/2022.12.30.522308	0	auth_asym_id	C	D	Z	protein	1.81	BLI	298	N.A.
7ox2	N.A.	10.1101/2022.12.30.522308	0	auth_asym_id	D	E	M	protein	0.24	BLI	298	N.A.
7ox2	N.A.	10.1101/2022.12.30.522308	0	auth_asym_id	J	K	N	protein	0.24	BLI	298	N.A.
7ox2	N.A.	10.1101/2022.12.30.522308	0	auth_asym_id	B	C	O	protein	0.24	BLI	298	N.A.
7ox2	N.A.	10.1101/2022.12.30.522308	0	auth_asym_id	A	L	T	protein	0.24	BLI	298	N.A.
7ox3	N.A.	10.1101/2022.12.30.522308	0	auth_asym_id	A	B	C	protein	0.13	BLI	298	N.A.
7ox4	N.A.	10.1101/2022.12.30.522308	0	auth_asym_id	A	B	C	protein	N.A.	N.A.	N.A.	N.A.
7p14	34263724	10.7554/eLife.69800	0	auth_asym_id	B	N.A.	A	protein	N.A.	N.A.	N.A.	N.A.
7p16	34263724	10.7554/eLife.69800	0	auth_asym_id	B	N.A.	A	protein	N.A.	N.A.	N.A.	N.A.
7p2d	35738398	10.1016/j.jbc.2022.102168	0	auth_asym_id	C	N.A.	A	protein	N.A.	N.A.	N.A.	N.A.
7p40	34599871	10.1016/j.celrep.2021.109814	0	auth_asym_id	F	B	A	protein	N.A.	N.A.	N.A.	N.A.
7p40	34599871	10.1016/j.celrep.2021.109814	0	auth_asym_id	C	D	E	protein	N.A.	N.A.	N.A.	N.A.
7p40	34599871	10.1016/j.celrep.2021.109814	0	auth_asym_id	I	H	G	protein	N.A.	N.A.	N.A.	N.A.
7p5v	34521847	10.1038/s41467-021-25742-w	0	auth_asym_id	G	N.A.	A	protein	22	SPR	293	N.A.
7p5v	34521847	10.1038/s41467-021-25742-w	0	auth_asym_id	H	N.A.	B	protein	22	SPR	293	N.A.
7p5v	34521847	10.1038/s41467-021-25742-w	0	auth_asym_id	I	N.A.	C	protein	22	SPR	293	N.A.
7p5v	34521847	10.1038/s41467-021-25742-w	0	auth_asym_id	J	N.A.	D	protein	22	SPR	293	N.A.
7p5v	34521847	10.1038/s41467-021-25742-w	0	auth_asym_id	K	N.A.	E	protein	22	SPR	293	N.A.
7p5v	34521847	10.1038/s41467-021-25742-w	0	auth_asym_id	L	N.A.	F	protein	22	SPR	293	N.A.
7p5w	34521847	10.1038/s41467-021-25742-w	0	auth_asym_id	G	N.A.	A	protein	35	SPR	293	N.A.
7p5w	34521847	10.1038/s41467-021-25742-w	0	auth_asym_id	H	N.A.	B	protein	35	SPR	293	N.A.
7p5w	34521847	10.1038/s41467-021-25742-w	0	auth_asym_id	I	N.A.	C	protein	35	SPR	293	N.A.
7p5w	34521847	10.1038/s41467-021-25742-w	0	auth_asym_id	J	N.A.	D	protein	35	SPR	293	N.A.
7p5w	34521847	10.1038/s41467-021-25742-w	0	auth_asym_id	K	N.A.	E	protein	35	SPR	293	N.A.
7p5w	34521847	10.1038/s41467-021-25742-w	0	auth_asym_id	L	N.A.	F	protein	35	SPR	293	N.A.
7p5y	34521847	10.1038/s41467-021-25742-w	0	auth_asym_id	G	N.A.	A	protein	913	SPR	293	N.A.
7p5y	34521847	10.1038/s41467-021-25742-w	0	auth_asym_id	H	N.A.	A;B	protein;protein	913	SPR	293	N.A.
7p5y	34521847	10.1038/s41467-021-25742-w	0	auth_asym_id	I	N.A.	C	protein	913	SPR	293	N.A.
7p5y	34521847	10.1038/s41467-021-25742-w	0	auth_asym_id	J	N.A.	D	protein	913	SPR	293	N.A.
7p5y	34521847	10.1038/s41467-021-25742-w	0	auth_asym_id	K	N.A.	E	protein	913	SPR	293	N.A.
7p5y	34521847	10.1038/s41467-021-25742-w	0	auth_asym_id	L	N.A.	F	protein	913	SPR	293	N.A.
7p60	34521847	10.1038/s41467-021-25742-w	0	auth_asym_id	G	N.A.	B	protein	17	SPR	293	N.A.
7p60	34521847	10.1038/s41467-021-25742-w	0	auth_asym_id	H	N.A.	D	protein	17	SPR	293	N.A.
7p60	34521847	10.1038/s41467-021-25742-w	0	auth_asym_id	I	N.A.	F	protein	17	SPR	293	N.A.
7p6k	34521847	10.1038/s41467-021-25742-w	0	auth_asym_id	G	N.A.	B	protein	170	SPR	293	N.A.
7p6k	34521847	10.1038/s41467-021-25742-w	0	auth_asym_id	H	N.A.	D	protein	170	SPR	293	N.A.
7p6k	34521847	10.1038/s41467-021-25742-w	0	auth_asym_id	I	N.A.	F	protein	170	SPR	293	N.A.
7p77	35253970	10.15252/embr.202154199	0	auth_asym_id	A	N.A.	B	protein	25	grating coupled interferometry	298	N.A.
7p77	35253970	10.15252/embr.202154199	0	auth_asym_id	D	N.A.	C	protein	25	grating coupled interferometry	298	N.A.
7p77	35253970	10.15252/embr.202154199	0	auth_asym_id	H	N.A.	E	protein	25	grating coupled interferometry	298	N.A.
7p77	35253970	10.15252/embr.202154199	0	auth_asym_id	W	N.A.	B	protein	94.78	grating coupled interferometry	298	N.A.
7p77	35253970	10.15252/embr.202154199	0	auth_asym_id	Y	N.A.	C	protein	94.78	grating coupled interferometry	298	N.A.
7p77	35253970	10.15252/embr.202154199	0	auth_asym_id	X	N.A.	E	protein	94.78	grating coupled interferometry	298	N.A.
7p78	35253970	10.15252/embr.202154199	0	auth_asym_id	B	N.A.	A	protein	25	grating coupled interferometry	298	N.A.
7p78	35253970	10.15252/embr.202154199	0	auth_asym_id	D	N.A.	C	protein	25	grating coupled interferometry	298	N.A.
7p78	35253970	10.15252/embr.202154199	0	auth_asym_id	H	N.A.	E	protein	25	grating coupled interferometry	298	N.A.
7p78	35253970	10.15252/embr.202154199	0	auth_asym_id	W	N.A.	C	protein	94.78	grating coupled interferometry	298	N.A.
7p78	35253970	10.15252/embr.202154199	0	auth_asym_id	Y	N.A.	E	protein	94.78	grating coupled interferometry	298	N.A.
7p79	35253970	10.15252/embr.202154199	0	auth_asym_id	H	N.A.	A	protein	25	grating coupled interferometry	298	N.A.
7p79	35253970	10.15252/embr.202154199	0	auth_asym_id	B	N.A.	C	protein	25	grating coupled interferometry	298	N.A.
7p79	35253970	10.15252/embr.202154199	0	auth_asym_id	D	N.A.	E	protein	25	grating coupled interferometry	298	N.A.
7p7a	35253970	10.15252/embr.202154199	0	auth_asym_id	A	N.A.	B	protein	94.78	grating coupled interferometry	298	N.A.
7p7a	35253970	10.15252/embr.202154199	0	auth_asym_id	D	N.A.	E	protein	94.78	grating coupled interferometry	298	N.A.
7pa5	36892280	10.1128/aac.01499-22	0	auth_asym_id	B	N.A.	A	protein	66	BLI	303	N.A.
7paf	35235350	10.1126/sciadv.abm1122	0	auth_asym_id	C	N.A.	A	protein	44.05	grating coupled interferometry	298	Geometric mean of two replicates
7paf	35235350	10.1126/sciadv.abm1122	0	auth_asym_id	B	N.A.	D	protein	44.05	grating coupled interferometry	298	Geometric mean of two replicates
7pc2	35230385	10.1084/jem.20212045	0	auth_asym_id	K	L	A	protein	N.A.	N.A.	N.A.	N.A.
7pc2	35230385	10.1084/jem.20212045	0	auth_asym_id	I	J	B	protein	N.A.	N.A.	N.A.	N.A.
7pc2	35230385	10.1084/jem.20212045	0	auth_asym_id	G	H	C	protein	N.A.	N.A.	N.A.	N.A.
7pc2	35230385	10.1084/jem.20212045	0	auth_asym_id	Q	R	A	protein	N.A.	N.A.	N.A.	N.A.
7pg8	35655098	10.1038/s41594-022-00775-x	0	auth_asym_id	L	J	C	protein	N.A.	N.A.	N.A.	N.A.
7pg8	35655098	10.1038/s41594-022-00775-x	0	auth_asym_id	B	A	E	protein	N.A.	N.A.	N.A.	N.A.
7pg8	35655098	10.1038/s41594-022-00775-x	0	auth_asym_id	F	D	H	protein	N.A.	N.A.	N.A.	N.A.
7pg8	35655098	10.1038/s41594-022-00775-x	0	auth_asym_id	I	G	K	protein	N.A.	N.A.	N.A.	N.A.
7pg8	35655098	10.1038/s41594-022-00775-x	0	auth_asym_id	X	V	O	protein	N.A.	N.A.	N.A.	N.A.
7pg8	35655098	10.1038/s41594-022-00775-x	0	auth_asym_id	N	M	Q	protein	N.A.	N.A.	N.A.	N.A.
7pg8	35655098	10.1038/s41594-022-00775-x	0	auth_asym_id	R	P	T	protein	N.A.	N.A.	N.A.	N.A.
7pg8	35655098	10.1038/s41594-022-00775-x	0	auth_asym_id	U	S	W	protein	N.A.	N.A.	N.A.	N.A.
7pgb	35655098	10.1038/s41594-022-00775-x	0	auth_asym_id	A	B	C;W	protein;protein	N.A.	N.A.	N.A.	N.A.
7pgb	35655098	10.1038/s41594-022-00775-x	0	auth_asym_id	R	S	T	protein	N.A.	N.A.	N.A.	N.A.
7pgb	35655098	10.1038/s41594-022-00775-x	0	auth_asym_id	H	L	T;c	protein;protein	N.A.	N.A.	N.A.	N.A.
7pgb	35655098	10.1038/s41594-022-00775-x	0	auth_asym_id	U	V	W	protein	N.A.	N.A.	N.A.	N.A.
7pgb	35655098	10.1038/s41594-022-00775-x	0	auth_asym_id	X	Y	Z	protein	N.A.	N.A.	N.A.	N.A.
7pgb	35655098	10.1038/s41594-022-00775-x	0	auth_asym_id	i	k	Z;h	protein;protein	N.A.	N.A.	N.A.	N.A.
7pgb	35655098	10.1038/s41594-022-00775-x	0	auth_asym_id	a	b	d	protein	N.A.	N.A.	N.A.	N.A.
7pgb	35655098	10.1038/s41594-022-00775-x	0	auth_asym_id	p	q	d;o	protein;protein	N.A.	N.A.	N.A.	N.A.
7pgb	35655098	10.1038/s41594-022-00775-x	0	auth_asym_id	f	g	e;h	protein;protein	N.A.	N.A.	N.A.	N.A.
7pgb	35655098	10.1038/s41594-022-00775-x	0	auth_asym_id	m	n	l;o	protein;protein	N.A.	N.A.	N.A.	N.A.
7ph2	36223470	10.1126/sciadv.abn6845	0	auth_asym_id	D	N.A.	A	protein	N.A.	N.A.	N.A.	N.A.
7ph2	36223470	10.1126/sciadv.abn6845	0	auth_asym_id	C	N.A.	B	protein	N.A.	N.A.	N.A.	N.A.
7ph3	36223470	10.1126/sciadv.abn6845	0	auth_asym_id	D	N.A.	A	protein	N.A.	N.A.	N.A.	N.A.
7ph3	36223470	10.1126/sciadv.abn6845	0	auth_asym_id	C	N.A.	B	protein	N.A.	N.A.	N.A.	N.A.
7ph4	36223470	10.1126/sciadv.abn6845	0	auth_asym_id	D	N.A.	A	protein	N.A.	N.A.	N.A.	N.A.
7ph4	36223470	10.1126/sciadv.abn6845	0	auth_asym_id	C	N.A.	B	protein	N.A.	N.A.	N.A.	N.A.
7ph7	36223470	10.1126/sciadv.abn6845	0	auth_asym_id	D	N.A.	A	protein	N.A.	N.A.	N.A.	N.A.
7ph7	36223470	10.1126/sciadv.abn6845	0	auth_asym_id	C	N.A.	B	protein	N.A.	N.A.	N.A.	N.A.
7phg	34599871	10.1016/j.celrep.2021.109814	0	auth_asym_id	H	L	A	protein	N.A.	N.A.	N.A.	N.A.
7php	34782475	10.1073/pnas.2115435118	0	auth_asym_id	N	N.A.	A	protein	N.A.	N.A.	N.A.	N.A.
7phq	34782475	10.1073/pnas.2115435118	0	auth_asym_id	N	N.A.	B	protein	N.A.	N.A.	N.A.	N.A.
7phq	34782475	10.1073/pnas.2115435118	0	auth_asym_id	E	N.A.	D	protein	N.A.	N.A.	N.A.	N.A.
7phu	35177602	10.1038/s41467-022-28601-4	0	auth_asym_id	B	C	A	protein	N.A.	N.A.	N.A.	N.A.
7phu	35177602	10.1038/s41467-022-28601-4	0	auth_asym_id	D	E	A	protein	N.A.	N.A.	N.A.	N.A.
7phv	35177602	10.1038/s41467-022-28601-4	0	auth_asym_id	B	C	A	protein	110	SPR	298	KD without CaCl2
7phv	35177602	10.1038/s41467-022-28601-4	0	auth_asym_id	E	F	D	protein	110	SPR	298	KD without CaCl2
7phw	35177602	10.1038/s41467-022-28601-4	0	auth_asym_id	B	C	A	protein	2800	SPR	298	N.A.
7phw	35177602	10.1038/s41467-022-28601-4	0	auth_asym_id	E	F	D	protein	2800	SPR	298	N.A.
7pi2	35177602	10.1038/s41467-022-28601-4	0	auth_asym_id	B	C	A	protein	38	SPR	298	N.A.
7pi2	35177602	10.1038/s41467-022-28601-4	0	auth_asym_id	E	F	D	protein	38	SPR	298	N.A.
7pi2	35177602	10.1038/s41467-022-28601-4	0	auth_asym_id	H	I	G	protein	38	SPR	298	N.A.
7pi2	35177602	10.1038/s41467-022-28601-4	0	auth_asym_id	K	L	J	protein	38	SPR	298	N.A.
7pi3	35177602	10.1038/s41467-022-28601-4	0	auth_asym_id	B	C	A	protein	38	SPR	298	N.A.
7pi3	35177602	10.1038/s41467-022-28601-4	0	auth_asym_id	I	J	H	protein	38	SPR	298	N.A.
7pi3	35177602	10.1038/s41467-022-28601-4	0	auth_asym_id	P	Q	O	protein	38	SPR	298	N.A.
7pi3	35177602	10.1038/s41467-022-28601-4	0	auth_asym_id	W	X	V	protein	38	SPR	298	N.A.
7pi3	35177602	10.1038/s41467-022-28601-4	0	auth_asym_id	D	E	A	protein	110	SPR	298	N.A.
7pi3	35177602	10.1038/s41467-022-28601-4	0	auth_asym_id	K	L	H	protein	110	SPR	298	N.A.
7pi3	35177602	10.1038/s41467-022-28601-4	0	auth_asym_id	R	S	O	protein	110	SPR	298	N.A.
7pi3	35177602	10.1038/s41467-022-28601-4	0	auth_asym_id	Y	Z	V	protein	110	SPR	298	N.A.
7pi3	35177602	10.1038/s41467-022-28601-4	0	auth_asym_id	F	G	A	protein	2800	SPR	298	N.A.
7pi3	35177602	10.1038/s41467-022-28601-4	0	auth_asym_id	M	N	H	protein	2800	SPR	298	N.A.
7pi3	35177602	10.1038/s41467-022-28601-4	0	auth_asym_id	T	U	O	protein	2800	SPR	298	N.A.
7pi3	35177602	10.1038/s41467-022-28601-4	0	auth_asym_id	a	b	V	protein	2800	SPR	298	N.A.
7pi7	35177602	10.1038/s41467-022-28601-4	0	auth_asym_id	B	C	A	protein	0.94	SPR	298	N.A.
7pi7	35177602	10.1038/s41467-022-28601-4	0	auth_asym_id	E	F	D	protein	0.94	SPR	298	N.A.
7pij	34782475	10.1073/pnas.2115435118	0	auth_asym_id	N	N.A.	B	protein	N.A.	N.A.	N.A.	N.A.
7pnm	35614127	10.1038/s41467-022-30658-0	0	auth_asym_id	H	L	A	protein	3.43	BLI	N.A.	important KD data paper
7pnm	35614127	10.1038/s41467-022-30658-0	0	auth_asym_id	G	D	B	protein	3.43	BLI	N.A.	important KD data paper
7pnm	35614127	10.1038/s41467-022-30658-0	0	auth_asym_id	I	E	C	protein	3.43	BLI	N.A.	important KD data paper
7pnq	35614127	10.1038/s41467-022-30658-0	0	auth_asym_id	H	L	A	protein	18.9	BLI	N.A.	N.A.
7pnq	35614127	10.1038/s41467-022-30658-0	0	auth_asym_id	D	F	B	protein	18.9	BLI	N.A.	N.A.
7pnq	35614127	10.1038/s41467-022-30658-0	0	auth_asym_id	X	Y	C	protein	18.9	BLI	N.A.	N.A.
7po5	35614127	10.1038/s41467-022-30658-0	0	auth_asym_id	H	L	A	protein	33.4	BLI	N.A.	N.A.
7po5	35614127	10.1038/s41467-022-30658-0	0	auth_asym_id	Z	D	B	protein	33.4	BLI	N.A.	N.A.
7po5	35614127	10.1038/s41467-022-30658-0	0	auth_asym_id	X	F	C	protein	33.4	BLI	N.A.	N.A.
7pqg	35545671	10.1038/s41586-022-04723-z	0	auth_asym_id	B	N.A.	A	protein	N.A.	N.A.	N.A.	N.A.
7pqq	35545671	10.1038/s41586-022-04723-z	0	auth_asym_id	B	N.A.	A	protein	N.A.	N.A.	N.A.	N.A.
7pqy	34987630	10.7150/thno.65563	0	auth_asym_id	B	C	A	protein	N.A.	N.A.	N.A.	N.A.
7pqy	34987630	10.7150/thno.65563	0	auth_asym_id	H	L	E	protein	N.A.	N.A.	N.A.	N.A.
7pqz	34987630	10.7150/thno.65563	0	auth_asym_id	A	B	E	protein	N.A.	N.A.	N.A.	N.A.
7pqz	34987630	10.7150/thno.65563	0	auth_asym_id	H	L	E	protein	N.A.	N.A.	N.A.	N.A.
7pr0	34987630	10.7150/thno.65563	0	auth_asym_id	C	B	A	protein	N.A.	N.A.	N.A.	N.A.
7pr0	34987630	10.7150/thno.65563	0	auth_asym_id	G	F	D	protein	N.A.	N.A.	N.A.	N.A.
7pr0	34987630	10.7150/thno.65563	0	auth_asym_id	H	L	E	protein	N.A.	N.A.	N.A.	N.A.
7pry	34921776	10.1016/j.chom.2021.11.013	0	auth_asym_id	F	G	E	protein	N.A.	N.A.	N.A.	N.A.
7pry	34921776	10.1016/j.chom.2021.11.013	0	auth_asym_id	A	B	I	protein	N.A.	N.A.	N.A.	N.A.
7pry	34921776	10.1016/j.chom.2021.11.013	0	auth_asym_id	H	L	E	protein	N.A.	N.A.	N.A.	N.A.
7pry	34921776	10.1016/j.chom.2021.11.013	0	auth_asym_id	C	D	I	protein	N.A.	N.A.	N.A.	N.A.
7prz	34921776	10.1016/j.chom.2021.11.013	0	auth_asym_id	H	L	E	protein	N.A.	N.A.	N.A.	N.A.
7ps0	34921776	10.1016/j.chom.2021.11.013	0	auth_asym_id	B	C	A	protein	N.A.	N.A.	N.A.	N.A.
7ps0	34921776	10.1016/j.chom.2021.11.013	0	auth_asym_id	H	L	E	protein	N.A.	N.A.	N.A.	N.A.
7ps1	34921776	10.1016/j.chom.2021.11.013	0	auth_asym_id	A	B	E	protein	N.A.	N.A.	N.A.	N.A.
7ps2	34921776	10.1016/j.chom.2021.11.013	0	auth_asym_id	A	B	G	protein	N.A.	N.A.	N.A.	N.A.
7ps2	34921776	10.1016/j.chom.2021.11.013	0	auth_asym_id	H	L	G	protein	N.A.	N.A.	N.A.	N.A.
7ps4	34921776	10.1016/j.chom.2021.11.013	0	auth_asym_id	B	C	A	protein	N.A.	N.A.	N.A.	N.A.
7ps4	34921776	10.1016/j.chom.2021.11.013	0	auth_asym_id	H	L	E	protein	N.A.	N.A.	N.A.	N.A.
7ps5	34921776	10.1016/j.chom.2021.11.013	0	auth_asym_id	H	L	E	protein	N.A.	N.A.	N.A.	N.A.
7ps6	34921776	10.1016/j.chom.2021.11.013	0	auth_asym_id	C	D	E	protein	N.A.	N.A.	N.A.	N.A.
7ps6	34921776	10.1016/j.chom.2021.11.013	0	auth_asym_id	H	L	E	protein	N.A.	N.A.	N.A.	N.A.
7ps7	34921776	10.1016/j.chom.2021.11.013	0	auth_asym_id	A	B	E	protein	N.A.	N.A.	N.A.	N.A.
7ps7	34921776	10.1016/j.chom.2021.11.013	0	auth_asym_id	H	L	R	protein	N.A.	N.A.	N.A.	N.A.
7q0a	34987630	10.7150/thno.65563	0	auth_asym_id	Y	Z	B	protein	N.A.	N.A.	N.A.	N.A.
7q0g	34921776	10.1016/j.chom.2021.11.013	0	auth_asym_id	A	B	E	protein	N.A.	N.A.	N.A.	N.A.
7q0g	34921776	10.1016/j.chom.2021.11.013	0	auth_asym_id	H	L	E	protein	N.A.	N.A.	N.A.	N.A.
7q0h	34921776	10.1016/j.chom.2021.11.013	0	auth_asym_id	A	B	E	protein	N.A.	N.A.	N.A.	N.A.
7q0h	34921776	10.1016/j.chom.2021.11.013	0	auth_asym_id	H	L	E	protein	N.A.	N.A.	N.A.	N.A.
7q0i	34921776	10.1016/j.chom.2021.11.013	0	auth_asym_id	H	L	C	protein	N.A.	N.A.	N.A.	N.A.
7q0i	34921776	10.1016/j.chom.2021.11.013	0	auth_asym_id	A	B	D	protein	N.A.	N.A.	N.A.	N.A.
7q1u	34890564	10.1016/j.molcel.2021.11.018	0	auth_asym_id	B	N.A.	A	protein	N.A.	N.A.	N.A.	N.A.
7q3q	N.A.	N.A.	0	auth_asym_id	B	N.A.	A	protein	N.A.	N.A.	N.A.	N.A.
7q3r	N.A.	N.A.	0	auth_asym_id	F	N.A.	A	protein	N.A.	N.A.	N.A.	N.A.
7q3r	N.A.	N.A.	0	auth_asym_id	G	N.A.	A	protein	N.A.	N.A.	N.A.	N.A.
7q6c	35551129	10.1159/000524587	0	auth_asym_id	H	L	A	protein	2.8	BLI	303	N.A.
7q6e	34921776	10.1016/j.chom.2021.11.013	0	auth_asym_id	H	L	A	protein	N.A.	N.A.	N.A.	N.A.
7q6e	34921776	10.1016/j.chom.2021.11.013	0	auth_asym_id	E	F	B	protein	N.A.	N.A.	N.A.	N.A.
7q6e	34921776	10.1016/j.chom.2021.11.013	0	auth_asym_id	J	K	C	protein	N.A.	N.A.	N.A.	N.A.
7q6z	34890564	10.1016/j.molcel.2021.11.018	0	auth_asym_id	B	N.A.	A	protein	N.A.	N.A.	N.A.	N.A.
7q9f	34921776	10.1016/j.chom.2021.11.013	0	auth_asym_id	H	L	A	protein	N.A.	N.A.	N.A.	N.A.
7q9f	34921776	10.1016/j.chom.2021.11.013	0	auth_asym_id	E	F	B	protein	N.A.	N.A.	N.A.	N.A.
7q9f	34921776	10.1016/j.chom.2021.11.013	0	auth_asym_id	J	K	C	protein	N.A.	N.A.	N.A.	N.A.
7q9g	34921776	10.1016/j.chom.2021.11.013	0	auth_asym_id	H	L	A	protein	N.A.	N.A.	N.A.	N.A.
7q9g	34921776	10.1016/j.chom.2021.11.013	0	auth_asym_id	E	F	B	protein	N.A.	N.A.	N.A.	N.A.
7q9i	34921776	10.1016/j.chom.2021.11.013	0	auth_asym_id	H	L	A	protein	N.A.	N.A.	N.A.	N.A.
7q9i	34921776	10.1016/j.chom.2021.11.013	0	auth_asym_id	E	F	B	protein	N.A.	N.A.	N.A.	N.A.
7q9i	34921776	10.1016/j.chom.2021.11.013	0	auth_asym_id	J	K	C	protein	N.A.	N.A.	N.A.	N.A.
7q9j	34921776	10.1016/j.chom.2021.11.013	0	auth_asym_id	H	L	A	protein	N.A.	N.A.	N.A.	N.A.
7q9j	34921776	10.1016/j.chom.2021.11.013	0	auth_asym_id	E	F	B	protein	N.A.	N.A.	N.A.	N.A.
7q9j	34921776	10.1016/j.chom.2021.11.013	0	auth_asym_id	J	K	C	protein	N.A.	N.A.	N.A.	N.A.
7q9k	34921776	10.1016/j.chom.2021.11.013	0	auth_asym_id	D	E	B	protein	N.A.	N.A.	N.A.	N.A.
7q9k	34921776	10.1016/j.chom.2021.11.013	0	auth_asym_id	H	L	C	protein	N.A.	N.A.	N.A.	N.A.
7q9m	34921776	10.1016/j.chom.2021.11.013	0	auth_asym_id	J	K	A	protein	N.A.	N.A.	N.A.	N.A.
7q9m	34921776	10.1016/j.chom.2021.11.013	0	auth_asym_id	E	F	B	protein	N.A.	N.A.	N.A.	N.A.
7q9m	34921776	10.1016/j.chom.2021.11.013	0	auth_asym_id	H	L	C	protein	N.A.	N.A.	N.A.	N.A.
7q9p	34921776	10.1016/j.chom.2021.11.013	0	auth_asym_id	H	L	A	protein	N.A.	N.A.	N.A.	N.A.
7q9p	34921776	10.1016/j.chom.2021.11.013	0	auth_asym_id	E	F	B	protein	N.A.	N.A.	N.A.	N.A.
7q9p	34921776	10.1016/j.chom.2021.11.013	0	auth_asym_id	J	K	C	protein	N.A.	N.A.	N.A.	N.A.
7qbe	35218573	10.1096/fj.202101376RR	0	auth_asym_id	E	N.A.	A	protein	N.A.	N.A.	N.A.	N.A.
7qbe	35218573	10.1096/fj.202101376RR	0	auth_asym_id	F	N.A.	C	protein	N.A.	N.A.	N.A.	N.A.
7qbf	35218573	10.1096/fj.202101376RR	0	auth_asym_id	B	N.A.	A	protein	12.8	microscale thermophoresis	N.A.	N.A.
7qe5	35927235	10.1038/s41467-022-31907-y	0	auth_asym_id	B	N.A.	A	protein	N.A.	N.A.	N.A.	N.A.
7qez	35704748	10.1084/jem.20220638	0	auth_asym_id	E	F	A	protein	N.A.	N.A.	N.A.	N.A.
7qez	35704748	10.1084/jem.20220638	0	auth_asym_id	H	L	A	protein	0.67	SPR	298	N.A.
7qf0	35704748	10.1084/jem.20220638	0	auth_asym_id	H	L	A	protein	280	SPR	298	N.A.
7qf1	35704748	10.1084/jem.20220638	0	auth_asym_id	C	B	A	protein	N.A.	N.A.	N.A.	N.A.
7qf1	35704748	10.1084/jem.20220638	0	auth_asym_id	E	D	F	protein	N.A.	N.A.	N.A.	N.A.
7qia	35001872	10.7554/eLife.74589	0	auth_asym_id	B	N.A.	A	protein	N.A.	N.A.	N.A.	N.A.
7qia	35001872	10.7554/eLife.74589	0	auth_asym_id	C	N.A.	A	protein	N.A.	N.A.	N.A.	N.A.
7qic	35001872	10.7554/eLife.74589	0	auth_asym_id	B	N.A.	A	protein	N.A.	N.A.	N.A.	N.A.
7qic	35001872	10.7554/eLife.74589	0	auth_asym_id	C	N.A.	A	protein	N.A.	N.A.	N.A.	N.A.
7qji	35001872	10.7554/eLife.74589	0	auth_asym_id	B	N.A.	A	protein	N.A.	N.A.	N.A.	N.A.
7qji	35001872	10.7554/eLife.74589	0	auth_asym_id	G	N.A.	E	protein	N.A.	N.A.	N.A.	N.A.
7qji	35001872	10.7554/eLife.74589	0	auth_asym_id	C	N.A.	A	protein	N.A.	N.A.	N.A.	N.A.
7qji	35001872	10.7554/eLife.74589	0	auth_asym_id	F	N.A.	E	protein	N.A.	N.A.	N.A.	N.A.
7qjj	35001872	10.7554/eLife.74589	0	auth_asym_id	B	N.A.	A	protein	N.A.	N.A.	N.A.	N.A.
7qjj	35001872	10.7554/eLife.74589	0	auth_asym_id	G	N.A.	E	protein	N.A.	N.A.	N.A.	N.A.
7qjj	35001872	10.7554/eLife.74589	0	auth_asym_id	C	N.A.	A	protein	N.A.	N.A.	N.A.	N.A.
7qjj	35001872	10.7554/eLife.74589	0	auth_asym_id	F	N.A.	E	protein	N.A.	N.A.	N.A.	N.A.
7qn5	35355020	10.1038/s41586-022-04517-3	0	auth_asym_id	F	N.A.	B;C	protein;protein	N.A.	N.A.	N.A.	N.A.
7qn5	35355020	10.1038/s41586-022-04517-3	0	auth_asym_id	G	N.A.	C;D	protein;protein	N.A.	N.A.	N.A.	N.A.
7qn6	35355020	10.1038/s41586-022-04517-3	0	auth_asym_id	K	N.A.	A;B	protein;protein	N.A.	N.A.	N.A.	N.A.
7qn6	35355020	10.1038/s41586-022-04517-3	0	auth_asym_id	L	N.A.	B;C	protein;protein	N.A.	N.A.	N.A.	N.A.
7qn6	35355020	10.1038/s41586-022-04517-3	0	auth_asym_id	M	N.A.	C;D	protein;protein	N.A.	N.A.	N.A.	N.A.
7qn7	35355020	10.1038/s41586-022-04517-3	0	auth_asym_id	F	N.A.	B;C	protein;protein	N.A.	N.A.	N.A.	N.A.
7qn7	35355020	10.1038/s41586-022-04517-3	0	auth_asym_id	G	N.A.	C;D	protein;protein	N.A.	N.A.	N.A.	N.A.
7qn8	35355020	10.1038/s41586-022-04517-3	0	auth_asym_id	K	N.A.	A;B	protein;protein	N.A.	N.A.	N.A.	N.A.
7qn8	35355020	10.1038/s41586-022-04517-3	0	auth_asym_id	L	N.A.	B;C	protein;protein	N.A.	N.A.	N.A.	N.A.
7qn8	35355020	10.1038/s41586-022-04517-3	0	auth_asym_id	M	N.A.	C;D	protein;protein	N.A.	N.A.	N.A.	N.A.
7qn9	35355020	10.1038/s41586-022-04517-3	0	auth_asym_id	L	N.A.	B;C	protein;protein	N.A.	N.A.	N.A.	N.A.
7qn9	35355020	10.1038/s41586-022-04517-3	0	auth_asym_id	M	N.A.	C;D	protein;protein	N.A.	N.A.	N.A.	N.A.
7qnc	35355020	10.1038/s41586-022-04517-3	0	auth_asym_id	F	N.A.	B;C	protein;protein	N.A.	N.A.	N.A.	N.A.
7qnc	35355020	10.1038/s41586-022-04517-3	0	auth_asym_id	G	N.A.	C;D	protein;protein	N.A.	N.A.	N.A.	N.A.
7qnd	35355020	10.1038/s41586-022-04517-3	0	auth_asym_id	K	N.A.	A;B	protein;protein	N.A.	N.A.	N.A.	N.A.
7qnd	35355020	10.1038/s41586-022-04517-3	0	auth_asym_id	L	N.A.	B;C	protein;protein	N.A.	N.A.	N.A.	N.A.
7qnd	35355020	10.1038/s41586-022-04517-3	0	auth_asym_id	M	N.A.	C;D	protein;protein	N.A.	N.A.	N.A.	N.A.
7qnw	35081335	10.1016/j.cell.2021.12.046	0	auth_asym_id	A	B	E	protein	0.199	SPR	298	N.A.
7qnw	35081335	10.1016/j.cell.2021.12.046	0	auth_asym_id	H	L	E	protein	7.5	SPR	298	N.A.
7qnx	35081335	10.1016/j.cell.2021.12.046	0	auth_asym_id	A	B	E	protein	0.177	SPR	298	N.A.
7qnx	35081335	10.1016/j.cell.2021.12.046	0	auth_asym_id	H	L	E	protein	7.7	SPR	298	N.A.
7qny	35081335	10.1016/j.cell.2021.12.046	0	auth_asym_id	A	B	E	protein	N.A.	N.A.	N.A.	N.A.
7qny	35081335	10.1016/j.cell.2021.12.046	0	auth_asym_id	H	L	E	protein	N.A.	N.A.	N.A.	N.A.
7qti	35879526	10.1038/s41564-022-01198-6	0	auth_asym_id	B	C	A	protein	N.A.	N.A.	N.A.	N.A.
7qti	35879526	10.1038/s41564-022-01198-6	0	auth_asym_id	I	J	D	protein	N.A.	N.A.	N.A.	N.A.
7qti	35879526	10.1038/s41564-022-01198-6	0	auth_asym_id	G	H	K	protein	N.A.	N.A.	N.A.	N.A.
7qti	35879526	10.1038/s41564-022-01198-6	0	auth_asym_id	F	E	A	protein	N.A.	N.A.	N.A.	N.A.
7qtj	35879526	10.1038/s41564-022-01198-6	0	auth_asym_id	B	C	A	protein	N.A.	N.A.	N.A.	N.A.
7qtj	35879526	10.1038/s41564-022-01198-6	0	auth_asym_id	F	E	A	protein	N.A.	N.A.	N.A.	N.A.
7qtk	35879526	10.1038/s41564-022-01198-6	0	auth_asym_id	B	C	D	protein	N.A.	N.A.	N.A.	N.A.
7qu1	35315691	10.1128/mbio.02650-21	0	auth_asym_id	A	B	C	protein	N.A.	N.A.	N.A.	N.A.
7qu2	35315691	10.1128/mbio.02650-21	0	auth_asym_id	A	B	C	protein	N.A.	N.A.	N.A.	N.A.
7quh	36711084	10.1021/jacsau.2c00592	0	auth_asym_id	H	L	A	protein	0.464	BLI	298	KD from DOI: 10.1159/000501637
7r1z	35671319	10.1371/journal.pone.0269281	0	auth_asym_id	C	N.A.	A	protein	3.49	ITC	293	N.A.
7r1z	35671319	10.1371/journal.pone.0269281	0	auth_asym_id	E	N.A.	A	protein	1.12	ITC	293	N.A.
7r23	N.A.	N.A.	0	auth_asym_id	B	N.A.	A	protein	N.A.	N.A.	N.A.	N.A.
7r23	N.A.	N.A.	0	auth_asym_id	C	N.A.	A	protein	N.A.	N.A.	N.A.	N.A.
7r24	N.A.	N.A.	0	auth_asym_id	C	N.A.	A	protein	N.A.	N.A.	N.A.	N.A.
7r24	N.A.	N.A.	0	auth_asym_id	E	N.A.	A	protein	N.A.	N.A.	N.A.	N.A.
7r40	35471062	10.1126/sciimmunol.abp9312	0	auth_asym_id	H	L	A	protein	0.019	BLI	N.A.	N.A.
7r40	35471062	10.1126/sciimmunol.abp9312	0	auth_asym_id	D	F	B	protein	0.019	BLI	N.A.	N.A.
7r40	35471062	10.1126/sciimmunol.abp9312	0	auth_asym_id	E	G	C	protein	0.019	BLI	N.A.	N.A.
7r4i	35547740	10.3389/fimmu.2022.863831	0	auth_asym_id	D	N.A.	A	protein	0.31	SPR	N.A.	N.A.
7r4i	35547740	10.3389/fimmu.2022.863831	0	auth_asym_id	E	N.A.	B	protein	0.31	SPR	N.A.	N.A.
7r4q	35547740	10.3389/fimmu.2022.863831	0	auth_asym_id	E	N.A.	B	protein	4.58	SPR	N.A.	N.A.
7r4r	35547740	10.3389/fimmu.2022.863831	0	auth_asym_id	D	N.A.	C	protein	3.88	SPR	N.A.	N.A.
7r58	36375047	10.1182/bloodadvances.2022007863	0	auth_asym_id	H	L	A	protein	12.6	SPR	N.A.	N.A.
7r6w	34261126	10.1038/s41586-021-03807-6	0	auth_asym_id	A	B	R	protein	0.2	SPR	298	N.A.
7r6w	34261126	10.1038/s41586-021-03807-6	0	auth_asym_id	H	L	R	protein	0.2	SPR	298	N.A.
7r6x	34261126	10.1038/s41586-021-03807-6	0	auth_asym_id	A	B	R	protein	0.2	SPR	298	N.A.
7r6x	34261126	10.1038/s41586-021-03807-6	0	auth_asym_id	C	D	R	protein	1.7	SPR	298	N.A.
7r6x	34261126	10.1038/s41586-021-03807-6	0	auth_asym_id	H	L	R	protein	1	SPR	298	N.A.
7r73	35413243	10.1016/j.str.2022.03.012	0	auth_asym_id	A	N.A.	G	protein	N.A.	N.A.	N.A.	N.A.
7r74	35413243	10.1016/j.str.2022.03.012	0	auth_asym_id	D	N.A.	A	protein	N.A.	N.A.	N.A.	N.A.
7r74	35413243	10.1016/j.str.2022.03.012	0	auth_asym_id	B	N.A.	C	protein	N.A.	N.A.	N.A.	N.A.
7r7n	34261126	10.1038/s41586-021-03807-6	0	auth_asym_id	H	L	E	protein	0.05	SPR	298	N.A.
7r8l	34331873	10.1016/j.immuni.2021.07.008	0	auth_asym_id	C	D	E	protein	N.A.	N.A.	N.A.	N.A.
7r8l	34331873	10.1016/j.immuni.2021.07.008	0	auth_asym_id	H	L	E	protein	0.0039	BLI	303	N.A.
7r8m	34331873	10.1016/j.immuni.2021.07.008	0	auth_asym_id	H	L	B	protein	30.25	BLI	303	N.A.
7r8m	34331873	10.1016/j.immuni.2021.07.008	0	auth_asym_id	D	E	C	protein	30.25	BLI	303	N.A.
7r8n	34331873	10.1016/j.immuni.2021.07.008	0	auth_asym_id	H	L	A;B	protein;protein	0.0031	BLI	303	N.A.
7r8n	34331873	10.1016/j.immuni.2021.07.008	0	auth_asym_id	M	N	A;E	protein;protein	0.0031	BLI	303	N.A.
7r8n	34331873	10.1016/j.immuni.2021.07.008	0	auth_asym_id	O	P	B;E	protein;protein	0.0031	BLI	303	N.A.
7r8o	34331873	10.1016/j.immuni.2021.07.008	0	auth_asym_id	O	P	A;B	protein;protein	2.828	BLI	303	N.A.
7r8o	34331873	10.1016/j.immuni.2021.07.008	0	auth_asym_id	M	N	A;E	protein;protein	2.828	BLI	303	N.A.
7r8o	34331873	10.1016/j.immuni.2021.07.008	0	auth_asym_id	H	L	B;E	protein;protein	2.828	BLI	303	N.A.
7r98	34381460	10.3389/fimmu.2021.719037	0	auth_asym_id	D	N.A.	A	protein	1.6	SPR	298	N.A.
7r98	34381460	10.3389/fimmu.2021.719037	0	auth_asym_id	E	N.A.	B	protein	1.6	SPR	298	N.A.
7r98	34381460	10.3389/fimmu.2021.719037	0	auth_asym_id	F	N.A.	C	protein	1.6	SPR	298	N.A.
7ra3	35333651	10.1073/pnas.2116506119	0	auth_asym_id	E	N.A.	A;B	protein;protein	N.A.	N.A.	N.A.	N.A.
7ra3	35333651	10.1073/pnas.2116506119	0	auth_asym_id	N	N.A.	A;B	protein;protein	N.A.	N.A.	N.A.	N.A.
7ra8	34280951	10.1038/s41586-021-03817-4	0	auth_asym_id	H	L	A	protein	<0.1	SPR	298	N.A.
7ra8	34280951	10.1038/s41586-021-03817-4	0	auth_asym_id	C	D	B	protein	<0.1	SPR	298	N.A.
7ra8	34280951	10.1038/s41586-021-03817-4	0	auth_asym_id	F	G	E	protein	<0.1	SPR	298	N.A.
7rah	34547035	10.1371/journal.ppat.1009920	0	auth_asym_id	B	A	E	protein	0.87	SPR	N.A.	N.A.
7rah	34547035	10.1371/journal.ppat.1009920	0	auth_asym_id	D	C	E	protein	0.75	SPR	N.A.	N.A.
7rai	34753944	10.1038/s41467-021-26846-z	0	auth_asym_id	H	L	A;C	protein;protein	N.A.	N.A.	N.A.	N.A.
7rai	34753944	10.1038/s41467-021-26846-z	0	auth_asym_id	J	N	A;E	protein;protein	N.A.	N.A.	N.A.	N.A.
7rai	34753944	10.1038/s41467-021-26846-z	0	auth_asym_id	I	M	C;E	protein;protein	N.A.	N.A.	N.A.	N.A.
7ral	34280951	10.1038/s41586-021-03817-4	0	auth_asym_id	H	L	B	protein	0.08	SPR	298	KD = 0.49 nM by BLI
7rbt	35333651	10.1073/pnas.2116506119	0	auth_asym_id	E	N.A.	A;B	protein;protein	N.A.	N.A.	N.A.	N.A.
7rbt	35333651	10.1073/pnas.2116506119	0	auth_asym_id	N	N.A.	A;B	protein;protein	N.A.	N.A.	N.A.	N.A.
7rbu	35467422	10.1128/mbio.03580-21	0	auth_asym_id	H	L	B	protein	N.A.	N.A.	N.A.	N.A.
7rbv	35467422	10.1128/mbio.03580-21	0	auth_asym_id	h	l	A	protein	N.A.	N.A.	N.A.	N.A.
7rbv	35467422	10.1128/mbio.03580-21	0	auth_asym_id	H	L	B	protein	N.A.	N.A.	N.A.	N.A.
7rby	35289719	10.1080/19420862.2022.2047144	0	auth_asym_id	B	N.A.	A	protein	1.59	BLI	N.A.	important KD data paper
7rby	35289719	10.1080/19420862.2022.2047144	0	auth_asym_id	D	N.A.	C	protein	1.59	BLI	N.A.	important KD data paper
7rco	34785671	10.1038/s41598-021-01530-w	0	auth_asym_id	D	C	A;B	protein;protein	1.4	SPR	310	important KD data paper
7rco	34785671	10.1038/s41598-021-01530-w	0	auth_asym_id	F	E	A;B	protein;protein	1.4	SPR	310	important KD data paper
7rd5	34739841	10.1016/j.str.2021.10.007	0	auth_asym_id	D	C	E	protein	N.A.	N.A.	N.A.	N.A.
7rd5	34739841	10.1016/j.str.2021.10.007	0	auth_asym_id	B	A	F	protein	N.A.	N.A.	N.A.	N.A.
7rdw	35507661	10.1126/sciadv.abm3948	0	auth_asym_id	Q	R	C	protein	2.64	BLI	N.A.	N.A.
7rdw	35507661	10.1126/sciadv.abm3948	0	auth_asym_id	H	L	M	protein	2.64	BLI	N.A.	N.A.
7rew	34973336	10.1016/j.jbc.2021.101533	0	auth_asym_id	A	B	G	protein	0.000034	kinetic exclusion assay	297	N.A.
7rew	34973336	10.1016/j.jbc.2021.101533	0	auth_asym_id	H	L	I	protein	0.000034	kinetic exclusion assay	297	N.A.
7rfb	34990590	10.1016/j.immuni.2021.12.003	0	auth_asym_id	A	B	C	protein	N.A.	N.A.	N.A.	N.A.
7rfb	34990590	10.1016/j.immuni.2021.12.003	0	auth_asym_id	H	L	D	protein	N.A.	N.A.	N.A.	N.A.
7rfc	34990590	10.1016/j.immuni.2021.12.003	0	auth_asym_id	A	B	C	protein	N.A.	N.A.	N.A.	N.A.
7rfc	34990590	10.1016/j.immuni.2021.12.003	0	auth_asym_id	H	L	D	protein	N.A.	N.A.	N.A.	N.A.
7rfp	35213218	10.1126/sciadv.abm4552	0	auth_asym_id	H	L	A	protein	N.A.	N.A.	N.A.	N.A.
7rfp	35213218	10.1126/sciadv.abm4552	0	auth_asym_id	I	M	B	protein	N.A.	N.A.	N.A.	N.A.
7rg9	35333651	10.1073/pnas.2116506119	0	auth_asym_id	E	N.A.	A;B	protein;protein	N.A.	N.A.	N.A.	N.A.
7rg9	35333651	10.1073/pnas.2116506119	0	auth_asym_id	N	N.A.	A;B	protein;protein	N.A.	N.A.	N.A.	N.A.
7rgp	35333651	10.1073/pnas.2116506119	0	auth_asym_id	E	N.A.	A;B	protein;protein	N.A.	N.A.	N.A.	N.A.
7rgp	35333651	10.1073/pnas.2116506119	0	auth_asym_id	N	N.A.	A;B	protein;protein	N.A.	N.A.	N.A.	N.A.
7ri1	35413243	10.1016/j.str.2022.03.012	0	auth_asym_id	B	N.A.	A	protein	3.7	SPR	298	important KD data paper
7ri2	35413243	10.1016/j.str.2022.03.012	0	auth_asym_id	B	N.A.	A	protein	N.A.	N.A.	N.A.	N.A.
7rk1	34613806	10.1128/JVI.01415-21	0	auth_asym_id	C	N.A.	A	protein	40.03	BLI	295	N.A.
7rk1	34613806	10.1128/JVI.01415-21	0	auth_asym_id	D	N.A.	B	protein	40.03	BLI	295	N.A.
7rk2	34613806	10.1128/JVI.01415-21	0	auth_asym_id	D	N.A.	A	protein	2.45	BLI	295	N.A.
7rk2	34613806	10.1128/JVI.01415-21	0	auth_asym_id	C	N.A.	B	protein	2.45	BLI	295	N.A.
7rks	34534459	10.1016/j.celrep.2021.109760	0	auth_asym_id	H	L	R	protein	N.A.	N.A.	N.A.	N.A.
7rks	34534459	10.1016/j.celrep.2021.109760	0	auth_asym_id	I	M	S	protein	N.A.	N.A.	N.A.	N.A.
7rkv	34534459	10.1016/j.celrep.2021.109760	0	auth_asym_id	E	F	A	protein	N.A.	N.A.	N.A.	N.A.
7rkv	34534459	10.1016/j.celrep.2021.109760	0	auth_asym_id	D	H	B	protein	N.A.	N.A.	N.A.	N.A.
7rkv	34534459	10.1016/j.celrep.2021.109760	0	auth_asym_id	G	L	C	protein	N.A.	N.A.	N.A.	N.A.
7rnn	34319232	10.7554/eLife.67115	0	auth_asym_id	C	N.A.	D	protein	<0.2	SPR	N.A.	N.A.
7rp0	34627789	10.1016/j.jmb.2021.167296	0	auth_asym_id	A	B	C	protein	N.A.	N.A.	N.A.	N.A.
7rp2	34992247	10.1038/s41587-021-01126-9	0	auth_asym_id	H	I	A	protein	N.A.	N.A.	N.A.	N.A.
7rp3	34992247	10.1038/s41587-021-01126-9	0	auth_asym_id	H	I	A	protein	N.A.	N.A.	N.A.	N.A.
7rq6	35123652	10.1016/j.celrep.2022.110368	0	auth_asym_id	H	L	A	protein	55.2	SPR	298	N.A.
7rq6	35123652	10.1016/j.celrep.2022.110368	0	auth_asym_id	D	E	B	protein	55.2	SPR	298	N.A.
7rq6	35123652	10.1016/j.celrep.2022.110368	0	auth_asym_id	J	K	C	protein	55.2	SPR	298	N.A.
7rr0	34610292	10.1016/j.celrep.2021.109822	0	auth_asym_id	B	C	A	protein	0.25	BLI	298	N.A.
7rsn	34669426	10.1128/JVI.01552-21	0	auth_asym_id	H	L	A	protein	N.A.	N.A.	N.A.	N.A.
7rsn	34669426	10.1128/JVI.01552-21	0	auth_asym_id	E	J	C	protein	N.A.	N.A.	N.A.	N.A.
7rsn	34669426	10.1128/JVI.01552-21	0	auth_asym_id	F	K	G	protein	N.A.	N.A.	N.A.	N.A.
7rso	34669426	10.1128/JVI.01552-21	0	auth_asym_id	H	L	A	protein	N.A.	N.A.	N.A.	N.A.
7rso	34669426	10.1128/JVI.01552-21	0	auth_asym_id	G	J	C	protein	N.A.	N.A.	N.A.	N.A.
7rso	34669426	10.1128/JVI.01552-21	0	auth_asym_id	I	K	D	protein	N.A.	N.A.	N.A.	N.A.
7ru3	35971553	10.1016/j.isci.2022.104914	0	auth_asym_id	H	L	A	protein	257	SPR	298	N.A.
7ru3	35971553	10.1016/j.isci.2022.104914	0	auth_asym_id	E	F	B	protein	257	SPR	298	N.A.
7ru4	35971553	10.1016/j.isci.2022.104914	0	auth_asym_id	H	L	A	protein	257	SPR	298	N.A.
7ru5	35971553	10.1016/j.isci.2022.104914	0	auth_asym_id	H	L	A	protein	1.71	SPR	298	N.A.
7ru5	35971553	10.1016/j.isci.2022.104914	0	auth_asym_id	D	E	B	protein	1.71	SPR	298	N.A.
7ru8	35971553	10.1016/j.isci.2022.104914	0	auth_asym_id	H	L	C	protein	1.71	SPR	298	N.A.
7rw2	34706271	10.1016/j.celrep.2021.109928	0	auth_asym_id	H	L	A	protein	6.94	SPR	298	N.A.
7rw2	34706271	10.1016/j.celrep.2021.109928	0	auth_asym_id	G	J	B	protein	6.94	SPR	298	N.A.
7rw2	34706271	10.1016/j.celrep.2021.109928	0	auth_asym_id	I	K	C	protein	6.94	SPR	298	N.A.
7rxc	34620716	10.1073/pnas.2115001118	0	auth_asym_id	N	N.A.	K	protein	N.A.	N.A.	N.A.	N.A.
7rxd	34620716	10.1073/pnas.2115001118	0	auth_asym_id	N	N.A.	R	protein	N.A.	N.A.	N.A.	N.A.
7rxi	35344575	10.1371/journal.ppat.1010409	0	auth_asym_id	H	L	A	protein	0.00377	SPR	298	important KD data paper
7rxj	35344575	10.1371/journal.ppat.1010409	0	auth_asym_id	A	B	G	protein	0.00278	SPR	298	N.A.
7rxj	35344575	10.1371/journal.ppat.1010409	0	auth_asym_id	H	L	I	protein	0.00278	SPR	298	N.A.
7rxl	35344575	10.1371/journal.ppat.1010409	0	auth_asym_id	H	L	E	protein	0.36	SPR	298	N.A.
7rxl	35344575	10.1371/journal.ppat.1010409	0	auth_asym_id	C	D	F	protein	0.36	SPR	298	N.A.
7rxp	35344575	10.1371/journal.ppat.1010409	0	auth_asym_id	H	L	A	protein	0.0291	SPR	298	N.A.
7s07	36306784	10.1016/j.immuni.2022.10.003	0	auth_asym_id	H	L	A	protein	0.46	BLI	N.A.	Ab-gH/gL KD = 0.03 nM
7s07	36306784	10.1016/j.immuni.2022.10.003	0	auth_asym_id	X	Y	A;B	protein;protein	2.05	BLI	N.A.	Ab-gH/gL KD = 1.16 nM
7s0b	35114110	10.1016/j.celrep.2022.110348	0	auth_asym_id	C	D	E	protein	2.98	BLI	N.A.	N.A.
7s0b	35114110	10.1016/j.celrep.2022.110348	0	auth_asym_id	A	B	F	protein	2.98	BLI	N.A.	N.A.
7s0c	35114110	10.1016/j.celrep.2022.110348	0	auth_asym_id	H	L	A	protein	<0.001	BLI	N.A.	N.A.
7s0c	35114110	10.1016/j.celrep.2022.110348	0	auth_asym_id	M	N	B	protein	<0.001	BLI	N.A.	N.A.
7s0d	35114110	10.1016/j.celrep.2022.110348	0	auth_asym_id	M	N	A	protein	0.00328	BLI	N.A.	N.A.
7s0d	35114110	10.1016/j.celrep.2022.110348	0	auth_asym_id	O	P	B	protein	0.00328	BLI	N.A.	N.A.
7s0d	35114110	10.1016/j.celrep.2022.110348	0	auth_asym_id	H	L	C	protein	0.00328	BLI	N.A.	N.A.
7s0e	35114110	10.1016/j.celrep.2022.110348	0	auth_asym_id	H	L	A	protein	2.15	BLI	N.A.	N.A.
7s0x	35344575	10.1371/journal.ppat.1010409	0	auth_asym_id	H	L	E	protein	0.0116	SPR	298	N.A.
7s0x	35344575	10.1371/journal.ppat.1010409	0	auth_asym_id	C	D	F	protein	0.0116	SPR	298	N.A.
7s11	34595996	10.1080/19420862.2021.1979800	0	auth_asym_id	H	L	C	protein	47.2	SPR	310	N.A.
7s11	34595996	10.1080/19420862.2021.1979800	0	auth_asym_id	I	M	D	protein	47.2	SPR	310	N.A.
7s11	34595996	10.1080/19420862.2021.1979800	0	auth_asym_id	J	N	E	protein	47.2	SPR	310	N.A.
7s11	34595996	10.1080/19420862.2021.1979800	0	auth_asym_id	K	O	F	protein	47.2	SPR	310	N.A.
7s13	34595996	10.1080/19420862.2021.1979800	0	auth_asym_id	H	L	C;D	protein;protein	<0.01	SPR	310	N.A.
7s13	34595996	10.1080/19420862.2021.1979800	0	auth_asym_id	I	M	C;D	protein;protein	<0.01	SPR	310	N.A.
7s1b	36306784	10.1016/j.immuni.2022.10.003	0	auth_asym_id	H	L	A	protein	0.21	BLI	N.A.	Ab-gH/gL KD = 0.32 nM
7s1b	36306784	10.1016/j.immuni.2022.10.003	0	auth_asym_id	X	Y	A;B	protein;protein	2.05	BLI	N.A.	Ab-gH/gL KD = 1.16 nM
7s2r	35325595	10.1016/j.cell.2022.02.025	0	auth_asym_id	B	N.A.	A	protein	69	SPR	N.A.	N.A.
7s2s	35325595	10.1016/j.cell.2022.02.025	0	auth_asym_id	C	N.A.	B	protein	25	SPR	N.A.	N.A.
7s2s	35325595	10.1016/j.cell.2022.02.025	0	auth_asym_id	A	N.A.	D	protein	25	SPR	N.A.	N.A.
7s4s	37334379	10.3389/fimmu.2023.1178355	0	auth_asym_id	H	L	A	protein	2.1	BLI	N.A.	N.A.
7s5p	35076281	10.1126/science.abm5835	0	auth_asym_id	H	L	A	protein	N.A.	N.A.	N.A.	N.A.
7s5q	35076281	10.1126/science.abm5835	0	auth_asym_id	B	C	A	protein	N.A.	N.A.	N.A.	N.A.
7s5q	35076281	10.1126/science.abm5835	0	auth_asym_id	H	L	A	protein	N.A.	N.A.	N.A.	N.A.
7s5r	35076281	10.1126/science.abm5835	0	auth_asym_id	B	C	A	protein	N.A.	N.A.	N.A.	N.A.
7s5r	35076281	10.1126/science.abm5835	0	auth_asym_id	H	L	A	protein	N.A.	N.A.	N.A.	N.A.
7s6c	34735234	10.1126/science.abi8532	0	auth_asym_id	E	G	A;B	protein;protein	N.A.	N.A.	N.A.	N.A.
7s6c	34735234	10.1126/science.abi8532	0	auth_asym_id	H	F	A;B	protein;protein	N.A.	N.A.	N.A.	N.A.
7s6d	34735234	10.1126/science.abi8532	0	auth_asym_id	D	F	A;B	protein;protein	N.A.	N.A.	N.A.	N.A.
7s6d	34735234	10.1126/science.abi8532	0	auth_asym_id	E	G	A;B	protein;protein	N.A.	N.A.	N.A.	N.A.
7s6j	35549549	10.1073/pnas.2120976119	0	auth_asym_id	H	L	A	protein	N.A.	BLI	N.A.	N.A.
7s6j	35549549	10.1073/pnas.2120976119	0	auth_asym_id	C	D	B	protein	N.A.	BLI	N.A.	N.A.
7s6j	35549549	10.1073/pnas.2120976119	0	auth_asym_id	F	G	E	protein	N.A.	BLI	N.A.	N.A.
7s6k	35549549	10.1073/pnas.2120976119	0	auth_asym_id	C	D	A;B	protein;protein	N.A.	BLI	N.A.	N.A.
7s6k	35549549	10.1073/pnas.2120976119	0	auth_asym_id	H	L	A;E	protein;protein	N.A.	BLI	N.A.	N.A.
7s6k	35549549	10.1073/pnas.2120976119	0	auth_asym_id	F	G	B;E	protein;protein	N.A.	BLI	N.A.	N.A.
7s6l	35549549	10.1073/pnas.2120976119	0	auth_asym_id	H	L	A	protein	N.A.	BLI	N.A.	N.A.
7s7i	36791402	10.1021/acs.analchem.2c03091	0	auth_asym_id	H	L	A	protein	N.A.	N.A.	N.A.	N.A.
7s7i	36791402	10.1021/acs.analchem.2c03091	0	auth_asym_id	I	M	B	protein	N.A.	N.A.	N.A.	N.A.
7s7i	36791402	10.1021/acs.analchem.2c03091	0	auth_asym_id	J	N	C	protein	N.A.	N.A.	N.A.	N.A.
7s7i	36791402	10.1021/acs.analchem.2c03091	0	auth_asym_id	U	V	D	protein	N.A.	N.A.	N.A.	N.A.
7s7i	36791402	10.1021/acs.analchem.2c03091	0	auth_asym_id	W	X	E	protein	N.A.	N.A.	N.A.	N.A.
7s7i	36791402	10.1021/acs.analchem.2c03091	0	auth_asym_id	Y	Z	F	protein	N.A.	N.A.	N.A.	N.A.
7s7r	35308105	10.1093/femsmc/xtac005	0	auth_asym_id	B	N.A.	A	protein	26.25	BLI	N.A.	important KD data paper
7s8h	35613585	10.1016/j.celrep.2022.110841	0	auth_asym_id	B	C	A	protein	N.A.	N.A.	N.A.	N.A.
7s8h	35613585	10.1016/j.celrep.2022.110841	0	auth_asym_id	H	L	a	protein	N.A.	N.A.	N.A.	N.A.
7sa6	N.A.	N.A.	0	auth_asym_id	H	L	A	protein	N.A.	N.A.	N.A.	N.A.
7sai	36040252	10.1002/pro.4383	0	auth_asym_id	C	N.A.	A	protein	N.A.	N.A.	N.A.	N.A.
7saj	36040252	10.1002/pro.4383	0	auth_asym_id	B	N.A.	A	protein	N.A.	N.A.	N.A.	N.A.
7saj	36040252	10.1002/pro.4383	0	auth_asym_id	D	N.A.	C	protein	N.A.	N.A.	N.A.	N.A.
7saj	36040252	10.1002/pro.4383	0	auth_asym_id	F	N.A.	E	protein	N.A.	N.A.	N.A.	N.A.
7saj	36040252	10.1002/pro.4383	0	auth_asym_id	J	N.A.	E;I	protein;protein	N.A.	N.A.	N.A.	N.A.
7saj	36040252	10.1002/pro.4383	0	auth_asym_id	H	N.A.	G	protein	N.A.	N.A.	N.A.	N.A.
7sak	36040252	10.1002/pro.4383	0	auth_asym_id	B	N.A.	A	protein	N.A.	N.A.	N.A.	N.A.
7sbd	35902770	10.1038/s42003-022-03718-w	0	auth_asym_id	H	L	C	protein	370	BLI	298	N.A.
7sbg	35902770	10.1038/s42003-022-03718-w	0	auth_asym_id	H	L	C	protein	370	BLI	298	N.A.
7sbu	35549549	10.1073/pnas.2120976119	0	auth_asym_id	H	L	A	protein	N.A.	N.A.	N.A.	N.A.
7sbz	N.A.	N.A.	0	auth_asym_id	H	L	C	protein	N.A.	N.A.	N.A.	N.A.
7sbz	N.A.	N.A.	0	auth_asym_id	A	B	D	protein	N.A.	N.A.	N.A.	N.A.
7sc1	34973165	10.1016/j.chom.2021.12.010	0	auth_asym_id	H	L	A	protein	N.A.	N.A.	N.A.	N.A.
7sc1	34973165	10.1016/j.chom.2021.12.010	0	auth_asym_id	M	N	B	protein	N.A.	N.A.	N.A.	N.A.
7sc1	34973165	10.1016/j.chom.2021.12.010	0	auth_asym_id	P	Q	C	protein	N.A.	N.A.	N.A.	N.A.
7sd3	36302771	10.1038/s41467-022-34008-y	0	auth_asym_id	K	N	B	protein	N.A.	N.A.	N.A.	N.A.
7sd3	36302771	10.1038/s41467-022-34008-y	0	auth_asym_id	G	H	B;F	protein;protein	N.A.	N.A.	N.A.	N.A.
7sd3	36302771	10.1038/s41467-022-34008-y	0	auth_asym_id	I	M	D	protein	N.A.	N.A.	N.A.	N.A.
7sd5	35438546	10.1126/scitranslmed.abn6859	0	auth_asym_id	H	L	A	protein	0.00452	SPR	298	important KD data paper
7seg	35001074	10.1038/s41375-021-01478-w	0	auth_asym_id	H	L	C	protein	24.5	SPR	N.A.	KD for RO7297089-CD16
7seg	35001074	10.1038/s41375-021-01478-w	0	auth_asym_id	A	B	D	protein	24.5	SPR	N.A.	KD for RO7297089-CD16
7sem	35288548	10.1038/s41467-022-28931-3	0	auth_asym_id	B	C	F	protein	N.A.	N.A.	N.A.	N.A.
7sfv	35297953	10.1084/jem.20212532	0	auth_asym_id	M	N	B	protein	N.A.	N.A.	N.A.	N.A.
7sfv	35297953	10.1084/jem.20212532	0	auth_asym_id	O	P	E	protein	N.A.	N.A.	N.A.	N.A.
7sfv	35297953	10.1084/jem.20212532	0	auth_asym_id	Q	R	H	protein	N.A.	N.A.	N.A.	N.A.
7sfv	35297953	10.1084/jem.20212532	0	auth_asym_id	S	T	K	protein	N.A.	N.A.	N.A.	N.A.
7sfw	35297953	10.1084/jem.20212532	0	auth_asym_id	M	N	B	protein	N.A.	N.A.	N.A.	N.A.
7sfw	35297953	10.1084/jem.20212532	0	auth_asym_id	O	P	E	protein	N.A.	N.A.	N.A.	N.A.
7sfw	35297953	10.1084/jem.20212532	0	auth_asym_id	Q	R	H	protein	N.A.	N.A.	N.A.	N.A.
7sfw	35297953	10.1084/jem.20212532	0	auth_asym_id	S	T	K	protein	N.A.	N.A.	N.A.	N.A.
7sg4	34726473	10.1126/scitranslmed.abj7125	0	auth_asym_id	H	L	A	protein	<0.1	SPR	N.A.	N.A.
7sht	34862384	10.1038/s41467-021-27397-z	0	auth_asym_id	H	L	B	protein	0.581	BLI	N.A.	N.A.
7sht	34862384	10.1038/s41467-021-27397-z	0	auth_asym_id	J	K	D	protein	0.581	BLI	N.A.	N.A.
7shu	34862384	10.1038/s41467-021-27397-z	0	auth_asym_id	C	D	A	protein	0.95	BLI	N.A.	N.A.
7shu	34862384	10.1038/s41467-021-27397-z	0	auth_asym_id	E	F	B	protein	0.95	BLI	N.A.	N.A.
7shy	34862384	10.1038/s41467-021-27397-z	0	auth_asym_id	C	D	A	protein	2.02	BLI	N.A.	N.A.
7shy	34862384	10.1038/s41467-021-27397-z	0	auth_asym_id	E	F	B;G	protein;protein	2.02	BLI	N.A.	N.A.
7shy	34862384	10.1038/s41467-021-27397-z	0	auth_asym_id	I	J	G	protein	2.02	BLI	N.A.	N.A.
7shy	34862384	10.1038/s41467-021-27397-z	0	auth_asym_id	K	L	H	protein	2.02	BLI	N.A.	N.A.
7shz	34862384	10.1038/s41467-021-27397-z	0	auth_asym_id	C	D	A	protein	0.166	BLI	N.A.	N.A.
7shz	34862384	10.1038/s41467-021-27397-z	0	auth_asym_id	E	F	B	protein	0.166	BLI	N.A.	N.A.
7shz	34862384	10.1038/s41467-021-27397-z	0	auth_asym_id	I	J	G	protein	0.166	BLI	N.A.	N.A.
7shz	34862384	10.1038/s41467-021-27397-z	0	auth_asym_id	K	L	H	protein	0.166	BLI	N.A.	N.A.
7si0	34862384	10.1038/s41467-021-27397-z	0	auth_asym_id	C	D	A	protein	1.86	BLI	N.A.	N.A.
7si0	34862384	10.1038/s41467-021-27397-z	0	auth_asym_id	E	F	B	protein	1.86	BLI	N.A.	N.A.
7si0	34862384	10.1038/s41467-021-27397-z	0	auth_asym_id	I	J	G	protein	1.86	BLI	N.A.	N.A.
7si0	34862384	10.1038/s41467-021-27397-z	0	auth_asym_id	K	L	H	protein	1.86	BLI	N.A.	N.A.
7si2	35438546	10.1126/scitranslmed.abn6859	0	auth_asym_id	H	L	A	protein	0.000782	SPR	298	N.A.
7si2	35438546	10.1126/scitranslmed.abn6859	0	auth_asym_id	E	D	B	protein	0.000782	SPR	298	N.A.
7si2	35438546	10.1126/scitranslmed.abn6859	0	auth_asym_id	G	F	C	protein	0.000782	SPR	298	N.A.
7sj0	N.A.	N.A.	0	auth_asym_id	B	L	A	protein	N.A.	N.A.	N.A.	N.A.
7sjn	36064790	10.1038/s41467-022-32760-9	0	auth_asym_id	H	L	A	protein	118	SPR	298	N.A.
7sjn	36064790	10.1038/s41467-022-32760-9	0	auth_asym_id	D	E	B	protein	118	SPR	298	N.A.
7sjn	36064790	10.1038/s41467-022-32760-9	0	auth_asym_id	F	G	C	protein	118	SPR	298	N.A.
7sjo	36064790	10.1038/s41467-022-32760-9	0	auth_asym_id	H	L	A	protein	N.A.	N.A.	N.A.	N.A.
7sjo	36064790	10.1038/s41467-022-32760-9	0	auth_asym_id	I	J	B	protein	N.A.	N.A.	N.A.	N.A.
7sjo	36064790	10.1038/s41467-022-32760-9	0	auth_asym_id	E	F	C	protein	N.A.	N.A.	N.A.	N.A.
7sk3	35857509	10.1126/sciadv.abn8063	0	auth_asym_id	F	E	A	protein	N.A.	N.A.	N.A.	N.A.
7sk3	35857509	10.1126/sciadv.abn8063	0	auth_asym_id	D	C	A;B	protein;protein	N.A.	N.A.	N.A.	N.A.
7sk4	35857509	10.1126/sciadv.abn8063	0	auth_asym_id	F	E	A	protein	N.A.	N.A.	N.A.	N.A.
7sk4	35857509	10.1126/sciadv.abn8063	0	auth_asym_id	D	C	A;B	protein;protein	N.A.	N.A.	N.A.	N.A.
7sk5	35857509	10.1126/sciadv.abn8063	0	auth_asym_id	F	E	A	protein	N.A.	N.A.	N.A.	N.A.
7sk6	35857509	10.1126/sciadv.abn8063	0	auth_asym_id	F	E	A	protein	N.A.	N.A.	N.A.	N.A.
7sk8	35857509	10.1126/sciadv.abn8063	0	auth_asym_id	F	E	A	protein	N.A.	N.A.	N.A.	N.A.
7sk8	35857509	10.1126/sciadv.abn8063	0	auth_asym_id	D	C	A;B	protein;protein	N.A.	N.A.	N.A.	N.A.
7sk9	35857509	10.1126/sciadv.abn8063	0	auth_asym_id	F	E	A	protein	N.A.	N.A.	N.A.	N.A.
7sl8	34880492	10.1038/s41586-021-04211-w	0	auth_asym_id	B	N.A.	A	protein	N.A.	N.A.	N.A.	N.A.
7sl9	34880492	10.1038/s41586-021-04211-w	0	auth_asym_id	B	N.A.	A	protein	N.A.	N.A.	N.A.	N.A.
7sla	34880492	10.1038/s41586-021-04211-w	0	auth_asym_id	B	N.A.	A	protein	N.A.	N.A.	N.A.	N.A.
7sn2	34855508	10.1126/science.abl6251	0	auth_asym_id	H	L	A	protein	0.656	BLI	N.A.	N.A.
7sn3	34855508	10.1126/science.abl6251	0	auth_asym_id	D	E	A	protein	0.656	BLI	N.A.	N.A.
7sn3	34855508	10.1126/science.abl6251	0	auth_asym_id	F	G	B	protein	0.656	BLI	N.A.	N.A.
7sn3	34855508	10.1126/science.abl6251	0	auth_asym_id	H	L	C	protein	0.656	BLI	N.A.	N.A.
7so5	35469152	10.1016/j.crstbi.2022.03.003	0	auth_asym_id	H	L	A	protein	0.593	BLI	298	N.A.
7so7	35469152	10.1016/j.crstbi.2022.03.003	0	auth_asym_id	H	L	A	protein	0.259	BLI	298	N.A.
7so7	35469152	10.1016/j.crstbi.2022.03.003	0	auth_asym_id	X	Y	B	protein	0.259	BLI	298	N.A.
7so9	34751595	10.1126/science.abl8506	0	auth_asym_id	C	B	A	protein	N.A.	N.A.	N.A.	N.A.
7so9	34751595	10.1126/science.abl8506	0	auth_asym_id	J	I	F	protein	N.A.	N.A.	N.A.	N.A.
7so9	34751595	10.1126/science.abl8506	0	auth_asym_id	O	N	K	protein	N.A.	N.A.	N.A.	N.A.
7so9	34751595	10.1126/science.abl8506	0	auth_asym_id	H	G	A;F	protein;protein	N.A.	N.A.	N.A.	N.A.
7so9	34751595	10.1126/science.abl8506	0	auth_asym_id	E	D	A;K	protein;protein	N.A.	N.A.	N.A.	N.A.
7so9	34751595	10.1126/science.abl8506	0	auth_asym_id	M	L	F;K	protein;protein	N.A.	N.A.	N.A.	N.A.
7soa	34751595	10.1126/science.abl8506	0	auth_asym_id	H	L	A	protein	N.A.	N.A.	N.A.	N.A.
7sob	34751595	10.1126/science.abl8506	0	auth_asym_id	G	I	A	protein	N.A.	N.A.	N.A.	N.A.
7sob	34751595	10.1126/science.abl8506	0	auth_asym_id	H	J	D	protein	N.A.	N.A.	N.A.	N.A.
7sob	34751595	10.1126/science.abl8506	0	auth_asym_id	N	O	K	protein	N.A.	N.A.	N.A.	N.A.
7sob	34751595	10.1126/science.abl8506	0	auth_asym_id	C	B	A;D	protein;protein	N.A.	N.A.	N.A.	N.A.
7sob	34751595	10.1126/science.abl8506	0	auth_asym_id	M	L	A;K	protein;protein	N.A.	N.A.	N.A.	N.A.
7sob	34751595	10.1126/science.abl8506	0	auth_asym_id	F	E	D;K	protein;protein	N.A.	N.A.	N.A.	N.A.
7soc	34751595	10.1126/science.abl8506	0	auth_asym_id	H	L	A	protein	N.A.	N.A.	N.A.	N.A.
7sod	34751595	10.1126/science.abl8506	0	auth_asym_id	H	L	A	protein	N.A.	N.A.	N.A.	N.A.
7sp6	35355017	10.1038/s41586-022-04534-2	0	auth_asym_id	B	N.A.	A	protein	N.A.	N.A.	N.A.	N.A.
7sp6	35355017	10.1038/s41586-022-04534-2	0	auth_asym_id	C	N.A.	A	protein	N.A.	N.A.	N.A.	N.A.
7sp7	35355017	10.1038/s41586-022-04534-2	0	auth_asym_id	B	N.A.	A	protein	N.A.	N.A.	N.A.	N.A.
7sp7	35355017	10.1038/s41586-022-04534-2	0	auth_asym_id	C	N.A.	A	protein	N.A.	N.A.	N.A.	N.A.
7sp8	35355017	10.1038/s41586-022-04534-2	0	auth_asym_id	B	N.A.	A	protein	N.A.	N.A.	N.A.	N.A.
7sp8	35355017	10.1038/s41586-022-04534-2	0	auth_asym_id	C	N.A.	A	protein	N.A.	N.A.	N.A.	N.A.
7sp9	35355017	10.1038/s41586-022-04534-2	0	auth_asym_id	B	N.A.	A	protein	N.A.	N.A.	N.A.	N.A.
7sp9	35355017	10.1038/s41586-022-04534-2	0	auth_asym_id	C	N.A.	A	protein	N.A.	N.A.	N.A.	N.A.
7spa	35355017	10.1038/s41586-022-04534-2	0	auth_asym_id	B	N.A.	A	protein	N.A.	N.A.	N.A.	N.A.
7spa	35355017	10.1038/s41586-022-04534-2	0	auth_asym_id	C	N.A.	A	protein	N.A.	N.A.	N.A.	N.A.
7sq1	35121758	10.1038/s41467-022-28363-z	0	auth_asym_id	H	L	E	protein	N.A.	N.A.	N.A.	N.A.
7sq1	35121758	10.1038/s41467-022-28363-z	0	auth_asym_id	A	I	G	protein	N.A.	N.A.	N.A.	N.A.
7sqp	37207206	10.3389/fimmu.2023.1170462	0	auth_asym_id	B	N.A.	A	protein	N.A.	N.A.	N.A.	N.A.
7sqp	37207206	10.3389/fimmu.2023.1170462	0	auth_asym_id	D	N.A.	C	protein	N.A.	N.A.	N.A.	N.A.
7sqw	36112676	10.1126/sciadv.abn1731	0	auth_asym_id	A	B	C	protein	N.A.	N.A.	N.A.	N.A.
7sr0	37207206	10.3389/fimmu.2023.1170462	0	auth_asym_id	B	N.A.	A	protein	N.A.	N.A.	N.A.	N.A.
7sr0	37207206	10.3389/fimmu.2023.1170462	0	auth_asym_id	D	N.A.	C	protein	N.A.	N.A.	N.A.	N.A.
7sr3	37207206	10.3389/fimmu.2023.1170462	0	auth_asym_id	B	N.A.	A	protein	N.A.	N.A.	N.A.	N.A.
7sr3	37207206	10.3389/fimmu.2023.1170462	0	auth_asym_id	D	N.A.	C	protein	N.A.	N.A.	N.A.	N.A.
7sr4	37207206	10.3389/fimmu.2023.1170462	0	auth_asym_id	B	N.A.	A	protein	N.A.	N.A.	N.A.	N.A.
7sr4	37207206	10.3389/fimmu.2023.1170462	0	auth_asym_id	D	N.A.	C	protein	N.A.	N.A.	N.A.	N.A.
7sr5	37207206	10.3389/fimmu.2023.1170462	0	auth_asym_id	B	N.A.	A	protein	N.A.	N.A.	N.A.	N.A.
7sr5	37207206	10.3389/fimmu.2023.1170462	0	auth_asym_id	D	N.A.	C	protein	N.A.	N.A.	N.A.	N.A.
7srk	37207206	10.3389/fimmu.2023.1170462	0	auth_asym_id	B	N.A.	A;C	protein;protein	N.A.	N.A.	N.A.	N.A.
7srk	37207206	10.3389/fimmu.2023.1170462	0	auth_asym_id	D	N.A.	A;C	protein;protein	N.A.	N.A.	N.A.	N.A.
7srs	36087581	10.1016/j.neuron.2022.08.006	0	auth_asym_id	H	L	C	protein	N.A.	N.A.	N.A.	N.A.
7srs	36087581	10.1016/j.neuron.2022.08.006	0	auth_asym_id	Q	P	R	protein	N.A.	N.A.	N.A.	N.A.
7ssz	35788586	10.1038/s41467-022-31285-5	0	auth_asym_id	E	N.A.	A;B	protein;protein	N.A.	N.A.	N.A.	N.A.
7ssz	35788586	10.1038/s41467-022-31285-5	0	auth_asym_id	H	N.A.	A;D	protein;protein	N.A.	N.A.	N.A.	N.A.
7ssz	35788586	10.1038/s41467-022-31285-5	0	auth_asym_id	F	N.A.	B;C	protein;protein	N.A.	N.A.	N.A.	N.A.
7ssz	35788586	10.1038/s41467-022-31285-5	0	auth_asym_id	G	N.A.	C;D	protein;protein	N.A.	N.A.	N.A.	N.A.
7st5	38319147	10.1158/2767-9764.CRC-23-0634	0	auth_asym_id	H	L	A	protein	0.0541	SPR	N.A.	N.A.
7st5	38319147	10.1158/2767-9764.CRC-23-0634	0	auth_asym_id	h	l	F	protein	0.0541	SPR	N.A.	N.A.
7str	38327783	10.1016/j.isci.2024.108976	0	auth_asym_id	H	L	C	protein	N.A.	N.A.	N.A.	N.A.
7sts	38327783	10.1016/j.isci.2024.108976	0	auth_asym_id	H	L	C	protein	N.A.	N.A.	N.A.	N.A.
7sts	38327783	10.1016/j.isci.2024.108976	0	auth_asym_id	A	B	D	protein	N.A.	N.A.	N.A.	N.A.
7stz	36157596	10.1093/pnasnexus/pgac163	0	auth_asym_id	H	L	C	protein	N.A.	N.A.	N.A.	N.A.
7stz	36157596	10.1093/pnasnexus/pgac163	0	auth_asym_id	I	M	D	protein	N.A.	N.A.	N.A.	N.A.
7su0	35192429	10.1080/19420862.2021.2024642	0	auth_asym_id	H	L	C	protein	3.5	SPR	310	N.A.
7su0	35192429	10.1080/19420862.2021.2024642	0	auth_asym_id	I	M	D	protein	3.5	SPR	310	N.A.
7su1	35192429	10.1080/19420862.2021.2024642	0	auth_asym_id	H	L	C	protein	25	SPR	310	N.A.
7sue	38327783	10.1016/j.isci.2024.108976	0	auth_asym_id	H	L	C	protein	N.A.	N.A.	N.A.	N.A.
7sue	38327783	10.1016/j.isci.2024.108976	0	auth_asym_id	B	A	D	protein	N.A.	N.A.	N.A.	N.A.
7sue	38327783	10.1016/j.isci.2024.108976	0	auth_asym_id	F	E	J	protein	N.A.	N.A.	N.A.	N.A.
7sue	38327783	10.1016/j.isci.2024.108976	0	auth_asym_id	I	G	K	protein	N.A.	N.A.	N.A.	N.A.
7swd	35303429	10.1016/j.cell.2022.02.023	0	auth_asym_id	J	K	A;C	protein;protein	N.A.	N.A.	N.A.	N.A.
7swd	35303429	10.1016/j.cell.2022.02.023	0	auth_asym_id	G	N.A.	A;B;F	protein;protein;protein	N.A.	N.A.	N.A.	N.A.
7swd	35303429	10.1016/j.cell.2022.02.023	0	auth_asym_id	I	N.A.	C;B;D	protein;protein;protein	N.A.	N.A.	N.A.	N.A.
7swd	35303429	10.1016/j.cell.2022.02.023	0	auth_asym_id	H	N.A.	D;F	protein;protein	N.A.	N.A.	N.A.	N.A.
7swn	35536154	10.1126/sciimmunol.abo3425	0	auth_asym_id	H	L	A	protein	53	BLI	N.A.	N.A.
7swo	35536154	10.1126/sciimmunol.abo3425	0	auth_asym_id	H	L	A	protein	3	BLI	N.A.	N.A.
7swp	35536154	10.1126/sciimmunol.abo3425	0	auth_asym_id	H	L	A	protein	57	BLI	N.A.	N.A.
7sww	N.A.	N.A.	0	auth_asym_id	H	L	A	protein	N.A.	N.A.	N.A.	N.A.
7swx	N.A.	N.A.	0	auth_asym_id	H	L	A	protein	N.A.	N.A.	N.A.	N.A.
7sx6	N.A.	N.A.	0	auth_asym_id	B	C	A	protein	N.A.	N.A.	N.A.	N.A.
7sx6	N.A.	N.A.	0	auth_asym_id	H	L	G	protein	N.A.	N.A.	N.A.	N.A.
7sx7	N.A.	N.A.	0	auth_asym_id	B	C	A	protein	N.A.	N.A.	N.A.	N.A.
7sx7	N.A.	N.A.	0	auth_asym_id	H	L	G	protein	N.A.	N.A.	N.A.	N.A.
7syy	35617431	10.1073/pnas.2122769119	0	auth_asym_id	H	L	A	protein	N.A.	N.A.	N.A.	N.A.
7syz	35617431	10.1073/pnas.2122769119	0	auth_asym_id	H	L	A	protein	N.A.	N.A.	N.A.	N.A.
7t01	34592170	10.1016/j.celrep.2021.109784	0	auth_asym_id	H	L	A	protein	21.8	BLI	N.A.	N.A.
7t0r	34896364	10.1016/j.jmb.2021.167395	0	auth_asym_id	H	L	A	protein	N.A.	N.A.	N.A.	N.A.
7t0r	34896364	10.1016/j.jmb.2021.167395	0	auth_asym_id	C	B	D	protein	N.A.	N.A.	N.A.	N.A.
7t17	36402135	10.1016/j.cell.2022.10.023	0	auth_asym_id	F	G	A	protein	123	BLI	298	N.A.
7t17	36402135	10.1016/j.cell.2022.10.023	0	auth_asym_id	J	K	I;C	protein;protein	123	BLI	298	N.A.
7t25	N.A.	N.A.	0	auth_asym_id	A	B	C	protein	N.A.	N.A.	N.A.	N.A.
7t25	N.A.	N.A.	0	auth_asym_id	H	L	E	protein	N.A.	N.A.	N.A.	N.A.
7t3d	34942633	10.1038/s41586-021-04356-8	0	auth_asym_id	C	D	A	protein	N.A.	N.A.	N.A.	N.A.
7t3d	34942633	10.1038/s41586-021-04356-8	0	auth_asym_id	J	M	E	protein	N.A.	N.A.	N.A.	N.A.
7t3d	34942633	10.1038/s41586-021-04356-8	0	auth_asym_id	K	N	F	protein	N.A.	N.A.	N.A.	N.A.
7t3d	34942633	10.1038/s41586-021-04356-8	0	auth_asym_id	H	L	A;B	protein;protein	N.A.	N.A.	N.A.	N.A.
7t3d	34942633	10.1038/s41586-021-04356-8	0	auth_asym_id	O	Q	E;G	protein;protein	N.A.	N.A.	N.A.	N.A.
7t3d	34942633	10.1038/s41586-021-04356-8	0	auth_asym_id	P	R	F;I	protein;protein	N.A.	N.A.	N.A.	N.A.
7t3m	36192374	10.1038/s41467-022-33030-4	0	auth_asym_id	D	N.A.	A	protein	0.107	BLI	N.A.	N.A.
7t3m	36192374	10.1038/s41467-022-33030-4	0	auth_asym_id	I	N.A.	C	protein	0.107	BLI	N.A.	N.A.
7t3m	36192374	10.1038/s41467-022-33030-4	0	auth_asym_id	H	N.A.	G	protein	0.107	BLI	N.A.	N.A.
7t4g	36068229	10.1038/s41467-022-32783-2	0	auth_asym_id	H	L	A	protein	N.A.	N.A.	N.A.	N.A.
7t4g	36068229	10.1038/s41467-022-32783-2	0	auth_asym_id	G	I	C	protein	N.A.	N.A.	N.A.	N.A.
7t4g	36068229	10.1038/s41467-022-32783-2	0	auth_asym_id	J	K	E	protein	N.A.	N.A.	N.A.	N.A.
7t4q	35275719	10.1126/sciadv.abm2536	0	auth_asym_id	J	K	A	protein	N.A.	N.A.	N.A.	N.A.
7t4q	35275719	10.1126/sciadv.abm2536	0	auth_asym_id	I	H	C;D	protein;protein	N.A.	N.A.	N.A.	N.A.
7t4q	35275719	10.1126/sciadv.abm2536	0	auth_asym_id	F	G	C;E	protein;protein	N.A.	N.A.	N.A.	N.A.
7t4r	35275719	10.1126/sciadv.abm2536	0	auth_asym_id	G	H	B	protein	N.A.	N.A.	N.A.	N.A.
7t4r	35275719	10.1126/sciadv.abm2536	0	auth_asym_id	P	Q	K	protein	N.A.	N.A.	N.A.	N.A.
7t4r	35275719	10.1126/sciadv.abm2536	0	auth_asym_id	J	I	B	protein	N.A.	N.A.	N.A.	N.A.
7t4r	35275719	10.1126/sciadv.abm2536	0	auth_asym_id	S	R	K	protein	N.A.	N.A.	N.A.	N.A.
7t4s	35275719	10.1126/sciadv.abm2536	0	auth_asym_id	J	K	A	protein	N.A.	N.A.	N.A.	N.A.
7t4s	35275719	10.1126/sciadv.abm2536	0	auth_asym_id	H	I	D	protein	N.A.	N.A.	N.A.	N.A.
7t5f	34990480	10.1371/journal.ppat.1010169	0	auth_asym_id	B	N.A.	A	protein	N.A.	N.A.	N.A.	N.A.
7t5f	34990480	10.1371/journal.ppat.1010169	0	auth_asym_id	E	N.A.	D	protein	N.A.	N.A.	N.A.	N.A.
7t5f	34990480	10.1371/journal.ppat.1010169	0	auth_asym_id	C	N.A.	A	protein	N.A.	N.A.	N.A.	N.A.
7t5f	34990480	10.1371/journal.ppat.1010169	0	auth_asym_id	F	N.A.	D	protein	N.A.	N.A.	N.A.	N.A.
7t5o	36755042	10.1038/s41467-023-36295-5	0	auth_asym_id	H	L	C	protein	0.31	BLI	298	N.A.
7t72	36755042	10.1038/s41467-023-36295-5	0	auth_asym_id	H	L	A	protein	0.54	BLI	298	N.A.
7t7b	35906394	10.1038/s42003-022-03700-6	0	auth_asym_id	H	L	A	protein	1.44	ELISA	310	N.A.
7t82	37098341	10.1016/j.chom.2023.04.004	0	auth_asym_id	D	C	A	protein	N.A.	N.A.	N.A.	N.A.
7t82	37098341	10.1016/j.chom.2023.04.004	0	auth_asym_id	H	L	B	protein	N.A.	N.A.	N.A.	N.A.
7t92	35768507	10.1038/s41586-022-04903-x	0	auth_asym_id	H	L	B	protein	N.A.	N.A.	N.A.	N.A.
7t9m	35940205	10.1038/s41586-022-05159-1	0	auth_asym_id	H	L	R	protein	N.A.	N.A.	N.A.	N.A.
7t9n	35940205	10.1038/s41586-022-05159-1	0	auth_asym_id	H	L	R	protein	N.A.	N.A.	N.A.	N.A.
7t9n	35940205	10.1038/s41586-022-05159-1	0	auth_asym_id	N	N.A.	X;Y	protein;protein	N.A.	N.A.	N.A.	N.A.
7tas	34990214	10.1126/science.abm8143	0	auth_asym_id	H	L	E	protein	N.A.	N.A.	N.A.	N.A.
7tat	34990214	10.1126/science.abm8143	0	auth_asym_id	H	L	A	protein	N.A.	N.A.	N.A.	N.A.
7tat	34990214	10.1126/science.abm8143	0	auth_asym_id	D	E	B	protein	N.A.	N.A.	N.A.	N.A.
7tat	34990214	10.1126/science.abm8143	0	auth_asym_id	F	G	C	protein	N.A.	N.A.	N.A.	N.A.
7tb8	35324257	10.1126/science.abn8897	0	auth_asym_id	D	E	A	protein	N.A.	N.A.	N.A.	N.A.
7tb8	35324257	10.1126/science.abn8897	0	auth_asym_id	F	G	B	protein	N.A.	N.A.	N.A.	N.A.
7tb8	35324257	10.1126/science.abn8897	0	auth_asym_id	J	K	C	protein	N.A.	N.A.	N.A.	N.A.
7tb8	35324257	10.1126/science.abn8897	0	auth_asym_id	H	L	A	protein	N.A.	N.A.	N.A.	N.A.
7tbf	35324257	10.1126/science.abn8897	0	auth_asym_id	D	E	A	protein	N.A.	N.A.	N.A.	N.A.
7tbf	35324257	10.1126/science.abn8897	0	auth_asym_id	H	L	A	protein	N.A.	N.A.	N.A.	N.A.
7tc9	35324257	10.1126/science.abn8897	0	auth_asym_id	H	L	B	protein	N.A.	N.A.	N.A.	N.A.
7tca	35324257	10.1126/science.abn8897	0	auth_asym_id	H	L	B	protein	N.A.	N.A.	N.A.	N.A.
7tca	35324257	10.1126/science.abn8897	0	auth_asym_id	D	E	C	protein	N.A.	N.A.	N.A.	N.A.
7tcc	35324257	10.1126/science.abn8897	0	auth_asym_id	J	K	A	protein	N.A.	N.A.	N.A.	N.A.
7tcc	35324257	10.1126/science.abn8897	0	auth_asym_id	F	G	B	protein	N.A.	N.A.	N.A.	N.A.
7tcc	35324257	10.1126/science.abn8897	0	auth_asym_id	O	P	C	protein	N.A.	N.A.	N.A.	N.A.
7tcc	35324257	10.1126/science.abn8897	0	auth_asym_id	D	E	A	protein	N.A.	N.A.	N.A.	N.A.
7tcc	35324257	10.1126/science.abn8897	0	auth_asym_id	H	L	B	protein	N.A.	N.A.	N.A.	N.A.
7tcc	35324257	10.1126/science.abn8897	0	auth_asym_id	M	N	C	protein	N.A.	N.A.	N.A.	N.A.
7tcn	N.A.	N.A.	0	auth_asym_id	C	D	A	protein	N.A.	N.A.	N.A.	N.A.
7tcn	N.A.	N.A.	0	auth_asym_id	G	H	E	protein	N.A.	N.A.	N.A.	N.A.
7tcn	N.A.	N.A.	0	auth_asym_id	K	L	I	protein	N.A.	N.A.	N.A.	N.A.
7tco	N.A.	N.A.	0	auth_asym_id	C	D	A	protein	N.A.	N.A.	N.A.	N.A.
7tco	N.A.	N.A.	0	auth_asym_id	G	H	E	protein	N.A.	N.A.	N.A.	N.A.
7tco	N.A.	N.A.	0	auth_asym_id	O	P	M	protein	N.A.	N.A.	N.A.	N.A.
7tct	36113427	10.1016/j.cell.2022.08.008	0	auth_asym_id	H	L	A	protein	N.A.	N.A.	N.A.	N.A.
7tct	36113427	10.1016/j.cell.2022.08.008	0	auth_asym_id	E	F	C	protein	N.A.	N.A.	N.A.	N.A.
7td8	36113427	10.1016/j.cell.2022.08.008	0	auth_asym_id	H	L	A	protein	N.A.	N.A.	N.A.	N.A.
7td8	36113427	10.1016/j.cell.2022.08.008	0	auth_asym_id	E	F	C	protein	N.A.	N.A.	N.A.	N.A.
7tdm	35952760	10.1016/j.jbc.2022.102357	0	auth_asym_id	H	L	B	protein	52.3	BLI	298	important KD data paper
7tdn	35952760	10.1016/j.jbc.2022.102357	0	auth_asym_id	H	L	B	protein	98.4	BLI	298	N.A.
7te1	35303475	10.1016/j.celrep.2022.110561	0	auth_asym_id	H	L	D	protein	70	BLI	N.A.	N.A.
7te1	35303475	10.1016/j.celrep.2022.110561	0	auth_asym_id	C	F	E	protein	70	BLI	N.A.	N.A.
7te9	35177668	10.1038/s41467-022-28559-3	0	auth_asym_id	M	N	B	protein	N.A.	N.A.	N.A.	N.A.
7te9	35177668	10.1038/s41467-022-28559-3	0	auth_asym_id	H	L	D	protein	N.A.	N.A.	N.A.	N.A.
7teb	35177668	10.1038/s41467-022-28559-3	0	auth_asym_id	M	N	B	protein	N.A.	N.A.	N.A.	N.A.
7teb	35177668	10.1038/s41467-022-28559-3	0	auth_asym_id	H	L	D	protein	N.A.	N.A.	N.A.	N.A.
7tee	35177668	10.1038/s41467-022-28559-3	0	auth_asym_id	M	N	B	protein	N.A.	N.A.	N.A.	N.A.
7tee	35177668	10.1038/s41467-022-28559-3	0	auth_asym_id	H	L	D	protein	N.A.	N.A.	N.A.	N.A.
7tfn	35136084	10.1038/s41467-022-28424-3	0	auth_asym_id	H	L	A	protein	N.A.	N.A.	N.A.	N.A.
7tfn	35136084	10.1038/s41467-022-28424-3	0	auth_asym_id	I	J	B	protein	N.A.	N.A.	N.A.	N.A.
7tfn	35136084	10.1038/s41467-022-28424-3	0	auth_asym_id	P	Q	C	protein	N.A.	N.A.	N.A.	N.A.
7tfo	35136084	10.1038/s41467-022-28424-3	0	auth_asym_id	H	L	A	protein	N.A.	N.A.	N.A.	N.A.
7tfo	35136084	10.1038/s41467-022-28424-3	0	auth_asym_id	I	J	B	protein	N.A.	N.A.	N.A.	N.A.
7tfo	35136084	10.1038/s41467-022-28424-3	0	auth_asym_id	P	Q	C	protein	N.A.	N.A.	N.A.	N.A.
7tgf	35182523	10.1016/j.jbc.2022.101742	0	auth_asym_id	B	N.A.	A	protein	<0.03	SPR	N.A.	important KD data paper
7tgi	35182523	10.1016/j.jbc.2022.101742	0	auth_asym_id	B	N.A.	A	protein	0.11	SPR	N.A.	N.A.
7th2	35182523	10.1016/j.jbc.2022.101742	0	auth_asym_id	C	N.A.	A	protein	<0.03	SPR	N.A.	N.A.
7th2	35182523	10.1016/j.jbc.2022.101742	0	auth_asym_id	D	N.A.	B	protein	<0.03	SPR	N.A.	N.A.
7th3	35182523	10.1016/j.jbc.2022.101742	0	auth_asym_id	B	N.A.	A	protein	0.22	SPR	N.A.	N.A.
7the	35447081	10.1016/j.molcel.2022.03.028	0	auth_asym_id	B	C	A	protein	0.6	SPR	N.A.	KD from DOI: 10.1016/j.cell.2021.06.021
7tho	36113427	10.1016/j.cell.2022.08.008	0	auth_asym_id	H	L	A	protein	N.A.	N.A.	N.A.	N.A.
7tho	36113427	10.1016/j.cell.2022.08.008	0	auth_asym_id	E	F	C	protein	N.A.	N.A.	N.A.	N.A.
7tht	35447081	10.1016/j.molcel.2022.03.028	0	auth_asym_id	H	L	C	protein	0.6	SPR	N.A.	KD from DOI: 10.1016/j.cell.2021.06.021
7tht	35447081	10.1016/j.molcel.2022.03.028	0	auth_asym_id	a	c	S;V	protein;protein	0.6	SPR	N.A.	KD from DOI: 10.1016/j.cell.2021.06.021
7tht	35447081	10.1016/j.molcel.2022.03.028	0	auth_asym_id	d	b	V	protein	0.6	SPR	N.A.	KD from DOI: 10.1016/j.cell.2021.06.021
7tjq	36130517	10.1016/j.celrep.2022.111399	0	auth_asym_id	J	K	C;F	protein;protein	N.A.	N.A.	N.A.	N.A.
7tjq	36130517	10.1016/j.celrep.2022.111399	0	auth_asym_id	N	O	C;G	protein;protein	N.A.	N.A.	N.A.	N.A.
7tjq	36130517	10.1016/j.celrep.2022.111399	0	auth_asym_id	I	M	F;G	protein;protein	N.A.	N.A.	N.A.	N.A.
7tjq	36130517	10.1016/j.celrep.2022.111399	0	auth_asym_id	A	B	C	protein	0.368	SPR	N.A.	N.A.
7tjq	36130517	10.1016/j.celrep.2022.111399	0	auth_asym_id	D	E	C;G	protein;protein	0.368	SPR	N.A.	N.A.
7tjq	36130517	10.1016/j.celrep.2022.111399	0	auth_asym_id	H	L	F	protein	0.368	SPR	N.A.	N.A.
7tl0	36130517	10.1016/j.celrep.2022.111399	0	auth_asym_id	D	E	A	protein	0.223	SPR	N.A.	N.A.
7tl0	36130517	10.1016/j.celrep.2022.111399	0	auth_asym_id	F	G	B	protein	0.223	SPR	N.A.	N.A.
7tl0	36130517	10.1016/j.celrep.2022.111399	0	auth_asym_id	H	I	C	protein	0.223	SPR	N.A.	N.A.
7tl0	36130517	10.1016/j.celrep.2022.111399	0	auth_asym_id	J	K	A;B	protein;protein	N.A.	N.A.	N.A.	N.A.
7tl0	36130517	10.1016/j.celrep.2022.111399	0	auth_asym_id	N	O	A;C	protein;protein	N.A.	N.A.	N.A.	N.A.
7tl0	36130517	10.1016/j.celrep.2022.111399	0	auth_asym_id	L	M	B;C	protein;protein	N.A.	N.A.	N.A.	N.A.
7tly	35076256	10.1126/science.abn8652	0	auth_asym_id	A	B	I	protein	2.67	SPR	298	N.A.
7tlz	35076256	10.1126/science.abn8652	0	auth_asym_id	B	A	J	protein	N.A.	N.A.	N.A.	N.A.
7tm0	35076256	10.1126/science.abn8652	0	auth_asym_id	I	H	A	protein	N.A.	N.A.	N.A.	N.A.
7tm0	35076256	10.1126/science.abn8652	0	auth_asym_id	E	D	A;C	protein;protein	N.A.	N.A.	N.A.	N.A.
7tm0	35076256	10.1126/science.abn8652	0	auth_asym_id	G	F	B;C	protein;protein	N.A.	N.A.	N.A.	N.A.
7tm0	35076256	10.1126/science.abn8652	0	auth_asym_id	N	O	A	protein	N.A.	N.A.	N.A.	Ab-Ag interface has 14 residues
7tm0	35076256	10.1126/science.abn8652	0	auth_asym_id	J	K	B	protein	N.A.	N.A.	N.A.	Ab-Ag interface has 14 residues
7tm0	35076256	10.1126/science.abn8652	0	auth_asym_id	L	M	C	protein	N.A.	N.A.	N.A.	Ab-Ag interface has 14 residues
7tmz	36113427	10.1016/j.cell.2022.08.008	0	auth_asym_id	H	L	A	protein	N.A.	N.A.	N.A.	N.A.
7tmz	36113427	10.1016/j.cell.2022.08.008	0	auth_asym_id	E	F	C	protein	N.A.	N.A.	N.A.	N.A.
7tn0	35076256	10.1126/science.abn8652	0	auth_asym_id	B	A	I	protein	2.67	SPR	298	N.A.
7tn0	35076256	10.1126/science.abn8652	0	auth_asym_id	C	D	S	protein	2.67	SPR	298	N.A.
7tn0	35076256	10.1126/science.abn8652	0	auth_asym_id	H	G	I	protein	N.A.	N.A.	N.A.	N.A.
7tn0	35076256	10.1126/science.abn8652	0	auth_asym_id	M	N	S	protein	N.A.	N.A.	N.A.	N.A.
7tn9	36708708	10.1016/j.chom.2023.01.002	0	auth_asym_id	E	F	S	protein	4.42	SPR	N.A.	N.A.
7tn9	36708708	10.1016/j.chom.2023.01.002	0	auth_asym_id	C	D	T	protein	4.42	SPR	N.A.	N.A.
7tn9	36708708	10.1016/j.chom.2023.01.002	0	auth_asym_id	A	B	U	protein	4.42	SPR	N.A.	N.A.
7tn9	36708708	10.1016/j.chom.2023.01.002	0	auth_asym_id	G	H	T	protein	1.19	SPR	N.A.	N.A.
7tn9	36708708	10.1016/j.chom.2023.01.002	0	auth_asym_id	I	J	U	protein	1.19	SPR	N.A.	N.A.
7tn9	36708708	10.1016/j.chom.2023.01.002	0	auth_asym_id	Q	R	V;W	protein;protein	1.64	SPR	N.A.	N.A.
7tn9	36708708	10.1016/j.chom.2023.01.002	0	auth_asym_id	O	P	V;X	protein;protein	1.64	SPR	N.A.	N.A.
7tn9	36708708	10.1016/j.chom.2023.01.002	0	auth_asym_id	M	N	W;X	protein;protein	1.64	SPR	N.A.	N.A.
7tp3	35947674	10.1126/scitranslmed.abl9605	0	auth_asym_id	H	L	Z	protein	N.A.	N.A.	N.A.	N.A.
7tp4	35947674	10.1126/scitranslmed.abl9605	0	auth_asym_id	H	L	Z	protein	N.A.	N.A.	N.A.	N.A.
7tpd	36113427	10.1016/j.cell.2022.08.008	0	auth_asym_id	H	L	A	protein	N.A.	N.A.	N.A.	N.A.
7tpd	36113427	10.1016/j.cell.2022.08.008	0	auth_asym_id	E	F	C	protein	N.A.	N.A.	N.A.	N.A.
7tpg	35388216	10.1038/s41586-022-04555-x	0	auth_asym_id	H	L	B	protein	N.A.	N.A.	N.A.	N.A.
7tpj	35388216	10.1038/s41586-022-04555-x	0	auth_asym_id	H	L	B	protein	N.A.	N.A.	N.A.	N.A.
7tpr	34751270	10.1101/2021.10.27.465996	0	auth_asym_id	F	N.A.	A	protein	0.2	BLI	N.A.	important KD data paper
7tpr	34751270	10.1101/2021.10.27.465996	0	auth_asym_id	H	N.A.	A;B	protein;protein	0.2	BLI	N.A.	important KD data paper
7tpr	34751270	10.1101/2021.10.27.465996	0	auth_asym_id	G	N.A.	C	protein	0.2	BLI	N.A.	important KD data paper
7tpr	34751270	10.1101/2021.10.27.465996	0	auth_asym_id	D	N.A.	B	protein	0.26	BLI	N.A.	N.A.
7tpr	34751270	10.1101/2021.10.27.465996	0	auth_asym_id	E	N.A.	C	protein	0.26	BLI	N.A.	N.A.
7trh	38127922	10.1371/journal.pbio.3002415	0	auth_asym_id	H	B	G	protein	0.17	ELISA	298	N.A.
7tri	38127922	10.1371/journal.pbio.3002415	0	auth_asym_id	Z	Y	B	protein	<0.1	ELISA	298	N.A.
7ttm	35438546	10.1126/scitranslmed.abn6859	0	auth_asym_id	H	L	A	protein	N.A.	N.A.	N.A.	N.A.
7ttx	35438546	10.1126/scitranslmed.abn6859	0	auth_asym_id	H	L	A	protein	N.A.	N.A.	N.A.	N.A.
7tty	35438546	10.1126/scitranslmed.abn6859	0	auth_asym_id	H	L	A	protein	N.A.	N.A.	N.A.	N.A.
7tuf	36115831	10.1038/s41467-022-33153-8	0	auth_asym_id	A	B	C	protein	1.1	SPR	298	N.A.
7tuf	36115831	10.1038/s41467-022-33153-8	0	auth_asym_id	H	L	D	protein	1.1	SPR	298	N.A.
7tug	36115831	10.1038/s41467-022-33153-8	0	auth_asym_id	H	L	D	protein	1.6	SPR	298	N.A.
7tuy	35537452	10.1016/j.str.2022.04.006	0	auth_asym_id	H	L	R	protein	N.A.	N.A.	N.A.	N.A.
7txt	37137306	10.1016/j.cell.2023.04.010	0	auth_asym_id	C	D	S	protein	N.A.	N.A.	N.A.	N.A.
7txw	37061547	10.1038/s41541-023-00655-5	0	auth_asym_id	H	L	A	protein	6.3	ITC	298	N.A.
7txz	35239409	10.1126/science.abm5561	0	auth_asym_id	E	F	A	protein	2.65	BLI	303	N.A.
7txz	35239409	10.1126/science.abm5561	0	auth_asym_id	H	L	B	protein	2.65	BLI	303	N.A.
7tz5	35916534	10.1128/jvi.00896-22	0	auth_asym_id	I	L	A	protein	N.A.	N.A.	N.A.	N.A.
7tz5	35916534	10.1128/jvi.00896-22	0	auth_asym_id	J	M	B	protein	N.A.	N.A.	N.A.	N.A.
7tz5	35916534	10.1128/jvi.00896-22	0	auth_asym_id	H	N	C	protein	N.A.	N.A.	N.A.	N.A.
7tzg	35761082	10.1038/s41590-022-01238-7	0	auth_asym_id	B	N.A.	C	protein	N.A.	N.A.	N.A.	N.A.
7tzg	35761082	10.1038/s41590-022-01238-7	0	auth_asym_id	A	N.A.	D	protein	N.A.	N.A.	N.A.	N.A.
7tzh	35761082	10.1038/s41590-022-01238-7	0	auth_asym_id	A	N.A.	B;D	protein;protein	N.A.	N.A.	N.A.	N.A.
7tzh	35761082	10.1038/s41590-022-01238-7	0	auth_asym_id	C	N.A.	D	protein	N.A.	N.A.	N.A.	N.A.
7u0d	35324257	10.1126/science.abn8897	0	auth_asym_id	M	N	B	protein	N.A.	N.A.	N.A.	N.A.
7u0d	35324257	10.1126/science.abn8897	0	auth_asym_id	O	P	B	protein	N.A.	N.A.	N.A.	N.A.
7u0x	37167972	10.1016/j.str.2023.04.010	0	auth_asym_id	H	L	A	protein	<0.001	BLI	N.A.	KD is geometric mean of two measurements
7u0x	37167972	10.1016/j.str.2023.04.010	0	auth_asym_id	F	G	C	protein	<0.001	BLI	N.A.	KD is geometric mean of two measurements
7u2d	35767670	10.1073/pnas.2205784119	0	auth_asym_id	H	L	A	protein	N.A.	N.A.	N.A.	N.A.
7u2e	35767670	10.1073/pnas.2205784119	0	auth_asym_id	H	L	A	protein	N.A.	N.A.	N.A.	N.A.
7u5b	36516271	10.1126/scitranslmed.abp9159	0	auth_asym_id	H	L	I	protein	0.2	SPR	310	N.A.
7u5b	36516271	10.1126/scitranslmed.abp9159	0	auth_asym_id	A	B	J	protein	0.2	SPR	310	N.A.
7u60	36113427	10.1016/j.cell.2022.08.008	0	auth_asym_id	H	L	A	protein	N.A.	N.A.	N.A.	N.A.
7u60	36113427	10.1016/j.cell.2022.08.008	0	auth_asym_id	E	F	C	protein	N.A.	N.A.	N.A.	N.A.
7u8e	38157856	10.1016/j.str.2023.11.015	0	auth_asym_id	H	L	A	protein	N.A.	N.A.	N.A.	N.A.
7u8g	36241643	10.1038/s41467-022-33711-0	0	auth_asym_id	D	E	A	protein	N.A.	N.A.	N.A.	N.A.
7u8m	35594401	10.1073/pnas.2200821119	0	auth_asym_id	Q	R	A	protein	N.A.	N.A.	N.A.	N.A.
7u8m	35594401	10.1073/pnas.2200821119	0	auth_asym_id	N	O	C	protein	N.A.	N.A.	N.A.	N.A.
7u8m	35594401	10.1073/pnas.2200821119	0	auth_asym_id	T	U	G	protein	N.A.	N.A.	N.A.	N.A.
7u8m	35594401	10.1073/pnas.2200821119	0	auth_asym_id	K	J	A;I	protein;protein	N.A.	N.A.	N.A.	N.A.
7u8m	35594401	10.1073/pnas.2200821119	0	auth_asym_id	H	L	C;B	protein;protein	N.A.	N.A.	N.A.	N.A.
7u8m	35594401	10.1073/pnas.2200821119	0	auth_asym_id	F	E	G;D	protein;protein	N.A.	N.A.	N.A.	N.A.
7u9e	36792576	10.1016/j.immuni.2023.01.012	0	auth_asym_id	B	N.A.	A	protein	N.A.	N.A.	N.A.	N.A.
7u9e	36792576	10.1016/j.immuni.2023.01.012	0	auth_asym_id	H	N.A.	A	protein	2.68	BLI	N.A.	important KD data paper
7u9f	36113427	10.1016/j.cell.2022.08.008	0	auth_asym_id	H	L	A	protein	N.A.	N.A.	N.A.	N.A.
7u9f	36113427	10.1016/j.cell.2022.08.008	0	auth_asym_id	E	F	C	protein	N.A.	N.A.	N.A.	N.A.
7u9g	35714192	10.1126/sciadv.abp9151	0	auth_asym_id	I	F	A	protein	<0.001	BLI	298	N.A.
7u9g	35714192	10.1126/sciadv.abp9151	0	auth_asym_id	G	D	B	protein	<0.001	BLI	298	N.A.
7u9g	35714192	10.1126/sciadv.abp9151	0	auth_asym_id	H	E	C	protein	<0.001	BLI	298	N.A.
7u9o	36302375	10.1016/j.celrep.2022.111528	0	auth_asym_id	H	L	A	protein	0.93	SPR	298	KD for S-2P;structure for S-6P
7u9p	36302375	10.1016/j.celrep.2022.111528	0	auth_asym_id	H	L	A	protein	0.56	SPR	298	KD for S-2P;structure for S-6P
7u9v	36113427	10.1016/j.cell.2022.08.008	0	auth_asym_id	H	L	A	protein	N.A.	N.A.	N.A.	N.A.
7u9v	36113427	10.1016/j.cell.2022.08.008	0	auth_asym_id	E	F	C	protein	N.A.	N.A.	N.A.	N.A.
7u9w	36792576	10.1016/j.immuni.2023.01.012	0	auth_asym_id	H	N.A.	A	protein	1.06	BLI	N.A.	N.A.
7ua2	36792576	10.1016/j.immuni.2023.01.012	0	auth_asym_id	B	N.A.	A	protein	N.A.	N.A.	N.A.	N.A.
7ua2	36792576	10.1016/j.immuni.2023.01.012	0	auth_asym_id	H	N.A.	A	protein	2.5	BLI	N.A.	N.A.
7ua8	36792576	10.1016/j.immuni.2023.01.012	0	auth_asym_id	H	N.A.	A	protein	0.31	BLI	N.A.	N.A.
7ua8	36792576	10.1016/j.immuni.2023.01.012	0	auth_asym_id	I	N.A.	B	protein	0.31	BLI	N.A.	N.A.
7uap	35447092	10.1016/j.immuni.2022.04.003	0	auth_asym_id	H	L	A	protein	N.A.	N.A.	N.A.	N.A.
7uap	35447092	10.1016/j.immuni.2022.04.003	0	auth_asym_id	M	N	B	protein	N.A.	N.A.	N.A.	N.A.
7uap	35447092	10.1016/j.immuni.2022.04.003	0	auth_asym_id	O	P	C	protein	N.A.	N.A.	N.A.	N.A.
7uaq	35447092	10.1016/j.immuni.2022.04.003	0	auth_asym_id	H	L	A	protein	N.A.	N.A.	N.A.	N.A.
7uar	35447092	10.1016/j.immuni.2022.04.003	0	auth_asym_id	D	E	A	protein	N.A.	N.A.	N.A.	N.A.
7uar	35447092	10.1016/j.immuni.2022.04.003	0	auth_asym_id	H	L	B	protein	N.A.	N.A.	N.A.	N.A.
7uar	35447092	10.1016/j.immuni.2022.04.003	0	auth_asym_id	F	G	C	protein	N.A.	N.A.	N.A.	N.A.
7ubr	36113427	10.1016/j.cell.2022.08.008	0	auth_asym_id	H	L	A	protein	N.A.	N.A.	N.A.	N.A.
7ubr	36113427	10.1016/j.cell.2022.08.008	0	auth_asym_id	E	F	C	protein	N.A.	N.A.	N.A.	N.A.
7ubs	36792576	10.1016/j.immuni.2023.01.012	0	auth_asym_id	H	N.A.	A	protein	0.58	BLI	N.A.	N.A.
7ubs	36792576	10.1016/j.immuni.2023.01.012	0	auth_asym_id	I	N.A.	B	protein	0.58	BLI	N.A.	N.A.
7ubs	36792576	10.1016/j.immuni.2023.01.012	0	auth_asym_id	J	N.A.	C	protein	0.58	BLI	N.A.	N.A.
7ubs	36792576	10.1016/j.immuni.2023.01.012	0	auth_asym_id	K	N.A.	D	protein	0.58	BLI	N.A.	N.A.
7ubx	36466927	10.3389/fimmu.2022.978858	0	auth_asym_id	D	N.A.	A	protein	N.A.	N.A.	N.A.	N.A.
7ubx	36466927	10.3389/fimmu.2022.978858	0	auth_asym_id	C	N.A.	B	protein	N.A.	N.A.	N.A.	N.A.
7uby	36466927	10.3389/fimmu.2022.978858	0	auth_asym_id	C	N.A.	A	protein	N.A.	N.A.	N.A.	N.A.
7uby	36466927	10.3389/fimmu.2022.978858	0	auth_asym_id	D	N.A.	B	protein	N.A.	N.A.	N.A.	N.A.
7uc8	36792576	10.1016/j.immuni.2023.01.012	0	auth_asym_id	H	N.A.	A	protein	1.61	BLI	N.A.	N.A.
7uc8	36792576	10.1016/j.immuni.2023.01.012	0	auth_asym_id	I	N.A.	B	protein	1.61	BLI	N.A.	N.A.
7uc8	36792576	10.1016/j.immuni.2023.01.012	0	auth_asym_id	J	N.A.	C	protein	1.61	BLI	N.A.	N.A.
7ucf	35960796	10.1126/sciadv.abp8155	0	auth_asym_id	D	E	G	protein	N.A.	N.A.	N.A.	N.A.
7ucf	35960796	10.1126/sciadv.abp8155	0	auth_asym_id	H	L	G	protein	N.A.	N.A.	N.A.	N.A.
7ucg	35960796	10.1126/sciadv.abp8155	0	auth_asym_id	D	E	G	protein	N.A.	N.A.	N.A.	N.A.
7ucg	35960796	10.1126/sciadv.abp8155	0	auth_asym_id	C	F	I	protein	N.A.	N.A.	N.A.	N.A.
7ucg	35960796	10.1126/sciadv.abp8155	0	auth_asym_id	N	O	P	protein	N.A.	N.A.	N.A.	N.A.
7ucg	35960796	10.1126/sciadv.abp8155	0	auth_asym_id	H	L	G	protein	N.A.	N.A.	N.A.	N.A.
7ucg	35960796	10.1126/sciadv.abp8155	0	auth_asym_id	J	K	I	protein	N.A.	N.A.	N.A.	N.A.
7ucg	35960796	10.1126/sciadv.abp8155	0	auth_asym_id	Q	R	P	protein	N.A.	N.A.	N.A.	N.A.
7ucq	36792576	10.1016/j.immuni.2023.01.012	0	auth_asym_id	H	N.A.	A	protein	0.85	BLI	N.A.	N.A.
7ucq	36792576	10.1016/j.immuni.2023.01.012	0	auth_asym_id	I	N.A.	B	protein	0.85	BLI	N.A.	N.A.
7ucq	36792576	10.1016/j.immuni.2023.01.012	0	auth_asym_id	J	N.A.	C	protein	0.85	BLI	N.A.	N.A.
7ucq	36792576	10.1016/j.immuni.2023.01.012	0	auth_asym_id	K	N.A.	D	protein	0.85	BLI	N.A.	N.A.
7ucy	36113427	10.1016/j.cell.2022.08.008	0	auth_asym_id	H	L	A	protein	N.A.	N.A.	N.A.	N.A.
7ucy	36113427	10.1016/j.cell.2022.08.008	0	auth_asym_id	E	F	C	protein	N.A.	N.A.	N.A.	N.A.
7udg	36113427	10.1016/j.cell.2022.08.008	0	auth_asym_id	H	L	A	protein	N.A.	N.A.	N.A.	N.A.
7udg	36113427	10.1016/j.cell.2022.08.008	0	auth_asym_id	E	F	C	protein	N.A.	N.A.	N.A.	N.A.
7udh	36113427	10.1016/j.cell.2022.08.008	0	auth_asym_id	H	L	A	protein	N.A.	N.A.	N.A.	N.A.
7udh	36113427	10.1016/j.cell.2022.08.008	0	auth_asym_id	E	F	C	protein	N.A.	N.A.	N.A.	N.A.
7uds	35730904	10.1128/mbio.01278-22	0	auth_asym_id	F	G	A;a	protein;protein	3.52	BLI	N.A.	N.A.
7uds	35730904	10.1128/mbio.01278-22	0	auth_asym_id	D	E	B;b	protein;protein	3.52	BLI	N.A.	N.A.
7uds	35730904	10.1128/mbio.01278-22	0	auth_asym_id	H	L	C;c	protein;protein	3.52	BLI	N.A.	N.A.
7ue0	36113427	10.1016/j.cell.2022.08.008	0	auth_asym_id	H	L	A	protein	N.A.	N.A.	N.A.	N.A.
7ue0	36113427	10.1016/j.cell.2022.08.008	0	auth_asym_id	E	F	C	protein	N.A.	N.A.	N.A.	N.A.
7ue9	35784298	10.3389/fimmu.2022.869725	0	auth_asym_id	H	L	C	protein	12.9	SPR	298	N.A.
7ufh	36113427	10.1016/j.cell.2022.08.008	0	auth_asym_id	H	L	A	protein	N.A.	N.A.	N.A.	N.A.
7ufh	36113427	10.1016/j.cell.2022.08.008	0	auth_asym_id	E	F	C	protein	N.A.	N.A.	N.A.	N.A.
7ufw	36792576	10.1016/j.immuni.2023.01.012	0	auth_asym_id	H	N.A.	A	protein	N.A.	N.A.	N.A.	N.A.
7ufw	36792576	10.1016/j.immuni.2023.01.012	0	auth_asym_id	I	N.A.	B	protein	N.A.	N.A.	N.A.	N.A.
7ugn	36253376	10.1038/s41467-022-33860-2	0	auth_asym_id	G	J	A	protein	N.A.	N.A.	N.A.	N.A.
7ugn	36253376	10.1038/s41467-022-33860-2	0	auth_asym_id	H	K	B	protein	N.A.	N.A.	N.A.	N.A.
7ugn	36253376	10.1038/s41467-022-33860-2	0	auth_asym_id	I	L	C	protein	N.A.	N.A.	N.A.	N.A.
7ugn	36253376	10.1038/s41467-022-33860-2	0	auth_asym_id	M	P	A	protein	N.A.	N.A.	N.A.	N.A.
7ugn	36253376	10.1038/s41467-022-33860-2	0	auth_asym_id	N	Q	B	protein	N.A.	N.A.	N.A.	N.A.
7ugn	36253376	10.1038/s41467-022-33860-2	0	auth_asym_id	O	R	C	protein	N.A.	N.A.	N.A.	N.A.
7ugo	36253376	10.1038/s41467-022-33860-2	0	auth_asym_id	G	J	A	protein	N.A.	N.A.	N.A.	N.A.
7ugo	36253376	10.1038/s41467-022-33860-2	0	auth_asym_id	H	K	B	protein	N.A.	N.A.	N.A.	N.A.
7ugo	36253376	10.1038/s41467-022-33860-2	0	auth_asym_id	I	L	C	protein	N.A.	N.A.	N.A.	N.A.
7ugo	36253376	10.1038/s41467-022-33860-2	0	auth_asym_id	M	P	A	protein	N.A.	N.A.	N.A.	N.A.
7ugo	36253376	10.1038/s41467-022-33860-2	0	auth_asym_id	N	Q	B	protein	N.A.	N.A.	N.A.	N.A.
7ugo	36253376	10.1038/s41467-022-33860-2	0	auth_asym_id	O	R	C	protein	N.A.	N.A.	N.A.	N.A.
7ugp	36253376	10.1038/s41467-022-33860-2	0	auth_asym_id	G	J	A	protein	N.A.	N.A.	N.A.	N.A.
7ugp	36253376	10.1038/s41467-022-33860-2	0	auth_asym_id	H	K	B	protein	N.A.	N.A.	N.A.	N.A.
7ugp	36253376	10.1038/s41467-022-33860-2	0	auth_asym_id	I	L	C	protein	N.A.	N.A.	N.A.	N.A.
7ugp	36253376	10.1038/s41467-022-33860-2	0	auth_asym_id	M	P	A	protein	N.A.	N.A.	N.A.	N.A.
7ugp	36253376	10.1038/s41467-022-33860-2	0	auth_asym_id	N	Q	B	protein	N.A.	N.A.	N.A.	N.A.
7ugp	36253376	10.1038/s41467-022-33860-2	0	auth_asym_id	O	R	C	protein	N.A.	N.A.	N.A.	N.A.
7ugq	36253376	10.1038/s41467-022-33860-2	0	auth_asym_id	M	P	A	protein	N.A.	N.A.	N.A.	N.A.
7ugq	36253376	10.1038/s41467-022-33860-2	0	auth_asym_id	N	Q	B	protein	N.A.	N.A.	N.A.	N.A.
7ugq	36253376	10.1038/s41467-022-33860-2	0	auth_asym_id	O	R	C	protein	N.A.	N.A.	N.A.	N.A.
7ugq	36253376	10.1038/s41467-022-33860-2	0	auth_asym_id	G	J	A	protein	N.A.	N.A.	N.A.	N.A.
7ugq	36253376	10.1038/s41467-022-33860-2	0	auth_asym_id	H	K	B	protein	N.A.	N.A.	N.A.	N.A.
7ugq	36253376	10.1038/s41467-022-33860-2	0	auth_asym_id	I	L	C	protein	N.A.	N.A.	N.A.	N.A.
7uh8	36113427	10.1016/j.cell.2022.08.008	0	auth_asym_id	H	L	A	protein	N.A.	N.A.	N.A.	N.A.
7uh8	36113427	10.1016/j.cell.2022.08.008	0	auth_asym_id	E	F	C	protein	N.A.	N.A.	N.A.	N.A.
7ui1	36792576	10.1016/j.immuni.2023.01.012	0	auth_asym_id	H	N.A.	A	protein	0.34	BLI	N.A.	N.A.
7ui1	36792576	10.1016/j.immuni.2023.01.012	0	auth_asym_id	I	N.A.	B	protein	0.34	BLI	N.A.	N.A.
7ui1	36792576	10.1016/j.immuni.2023.01.012	0	auth_asym_id	J	N.A.	C	protein	0.34	BLI	N.A.	N.A.
7ui1	36792576	10.1016/j.immuni.2023.01.012	0	auth_asym_id	K	N.A.	D	protein	0.34	BLI	N.A.	N.A.
7uia	37095076	10.1038/s41467-023-37860-8	0	auth_asym_id	B	N.A.	A	protein	N.A.	N.A.	N.A.	N.A.
7uia	37095076	10.1038/s41467-023-37860-8	0	auth_asym_id	E	N.A.	D	protein	N.A.	N.A.	N.A.	N.A.
7uja	37023209	10.1126/scitranslmed.ade6422	0	auth_asym_id	E	F	A	protein	N.A.	N.A.	N.A.	N.A.
7uja	37023209	10.1126/scitranslmed.ade6422	0	auth_asym_id	N	O	C	protein	N.A.	N.A.	N.A.	N.A.
7uja	37023209	10.1126/scitranslmed.ade6422	0	auth_asym_id	I	J	K	protein	N.A.	N.A.	N.A.	N.A.
7uja	37023209	10.1126/scitranslmed.ade6422	0	auth_asym_id	L	M	A;C	protein;protein	N.A.	N.A.	N.A.	N.A.
7uja	37023209	10.1126/scitranslmed.ade6422	0	auth_asym_id	B	D	A;K	protein;protein	N.A.	N.A.	N.A.	N.A.
7uja	37023209	10.1126/scitranslmed.ade6422	0	auth_asym_id	G	H	C;K	protein;protein	N.A.	N.A.	N.A.	N.A.
7uje	36113427	10.1016/j.cell.2022.08.008	0	auth_asym_id	H	L	A	protein	N.A.	N.A.	N.A.	N.A.
7uje	36113427	10.1016/j.cell.2022.08.008	0	auth_asym_id	E	F	C	protein	N.A.	N.A.	N.A.	N.A.
7ujk	36113427	10.1016/j.cell.2022.08.008	0	auth_asym_id	H	L	A	protein	N.A.	N.A.	N.A.	N.A.
7ujk	36113427	10.1016/j.cell.2022.08.008	0	auth_asym_id	E	F	C	protein	N.A.	N.A.	N.A.	N.A.
7uk9	36113427	10.1016/j.cell.2022.08.008	0	auth_asym_id	H	L	A	protein	N.A.	N.A.	N.A.	N.A.
7uk9	36113427	10.1016/j.cell.2022.08.008	0	auth_asym_id	E	F	C	protein	N.A.	N.A.	N.A.	N.A.
7ukl	37776849	10.1016/j.immuni.2023.09.003	0	auth_asym_id	M	N	A;B	protein;protein	16	SPR	298	N.A.
7ukl	37776849	10.1016/j.immuni.2023.09.003	0	auth_asym_id	H	L	A;C	protein;protein	16	SPR	298	N.A.
7ukl	37776849	10.1016/j.immuni.2023.09.003	0	auth_asym_id	X	Y	B;C	protein;protein	16	SPR	298	N.A.
7ukm	N.A.	N.A.	0	auth_asym_id	X	Y	A;B	protein;protein	N.A.	N.A.	N.A.	N.A.
7ukm	N.A.	N.A.	0	auth_asym_id	H	L	A;C	protein;protein	N.A.	N.A.	N.A.	N.A.
7ukm	N.A.	N.A.	0	auth_asym_id	M	N	B;C	protein;protein	N.A.	N.A.	N.A.	N.A.
7uko	36113427	10.1016/j.cell.2022.08.008	0	auth_asym_id	H	L	A	protein	N.A.	N.A.	N.A.	N.A.
7uko	36113427	10.1016/j.cell.2022.08.008	0	auth_asym_id	E	F	C	protein	N.A.	N.A.	N.A.	N.A.
7ukp	36113427	10.1016/j.cell.2022.08.008	0	auth_asym_id	H	L	A	protein	N.A.	N.A.	N.A.	N.A.
7ukp	36113427	10.1016/j.cell.2022.08.008	0	auth_asym_id	E	F	C	protein	N.A.	N.A.	N.A.	N.A.
7ukt	36113427	10.1016/j.cell.2022.08.008	0	auth_asym_id	H	L	A	protein	N.A.	N.A.	N.A.	N.A.
7ukt	36113427	10.1016/j.cell.2022.08.008	0	auth_asym_id	E	F	C	protein	N.A.	N.A.	N.A.	N.A.
7ul0	36514310	10.1016/j.isci.2022.105783	0	auth_asym_id	H	L	A	protein	1.3	SPR	298	N.A.
7ul1	36514310	10.1016/j.isci.2022.105783	0	auth_asym_id	H	L	A	protein	0.83	SPR	298	N.A.
7ul3	36396979	10.1038/s41594-022-00859-8	0	auth_asym_id	C	N.A.	A	protein	N.A.	N.A.	N.A.	N.A.
7ul7	35730904	10.1128/mbio.01278-22	0	auth_asym_id	H	L	a;b	protein;protein	0.559	BLI	N.A.	N.A.
7ul7	35730904	10.1128/mbio.01278-22	0	auth_asym_id	E	D	a;c	protein;protein	0.559	BLI	N.A.	N.A.
7ul7	35730904	10.1128/mbio.01278-22	0	auth_asym_id	G	F	b;c	protein;protein	0.559	BLI	N.A.	N.A.
7umm	36351401	10.1016/j.celrep.2022.111628	0	auth_asym_id	H	L	A	protein	0.03	BLI	298	N.A.
7umm	36351401	10.1016/j.celrep.2022.111628	0	auth_asym_id	I	M	B	protein	0.03	BLI	298	N.A.
7umm	36351401	10.1016/j.celrep.2022.111628	0	auth_asym_id	J	N	C	protein	0.03	BLI	298	N.A.
7umn	N.A.	N.A.	0	auth_asym_id	H	L	A	protein	N.A.	N.A.	N.A.	N.A.
7umn	N.A.	N.A.	0	auth_asym_id	I	M	B	protein	N.A.	N.A.	N.A.	N.A.
7umn	N.A.	N.A.	0	auth_asym_id	J	N	C	protein	N.A.	N.A.	N.A.	N.A.
7unb	35977542	10.1016/j.immuni.2022.07.015	0	auth_asym_id	F	E	R	protein	N.A.	N.A.	N.A.	N.A.
7unb	35977542	10.1016/j.immuni.2022.07.015	0	auth_asym_id	H	L	R	protein	N.A.	N.A.	N.A.	N.A.
7uny	36396942	10.1038/s41564-022-01261-2	0	auth_asym_id	C	N.A.	A	protein	4.4	BLI	298	important KD data paper
7uny	36396942	10.1038/s41564-022-01261-2	0	auth_asym_id	B	N.A.	D	protein	4.4	BLI	298	important KD data paper
7unz	36396942	10.1038/s41564-022-01261-2	0	auth_asym_id	C	N.A.	B	protein	0.88	BLI	298	N.A.
7unz	36396942	10.1038/s41564-022-01261-2	0	auth_asym_id	A	N.A.	D	protein	0.88	BLI	298	N.A.
7uoj	N.A.	N.A.	0	auth_asym_id	d	e	A	protein	N.A.	N.A.	N.A.	N.A.
7uoj	N.A.	N.A.	0	auth_asym_id	h	l	G	protein	N.A.	N.A.	N.A.	N.A.
7uoj	N.A.	N.A.	0	auth_asym_id	k	m	I	protein	N.A.	N.A.	N.A.	N.A.
7uoj	N.A.	N.A.	0	auth_asym_id	D	E	A	protein	N.A.	N.A.	N.A.	N.A.
7uoj	N.A.	N.A.	0	auth_asym_id	H	L	G	protein	N.A.	N.A.	N.A.	N.A.
7uoj	N.A.	N.A.	0	auth_asym_id	K	M	I	protein	N.A.	N.A.	N.A.	N.A.
7uop	36932063	10.1038/s41467-023-36995-y	0	auth_asym_id	H	L	A	protein	7.5	BLI	303	important KD data paper
7uop	36932063	10.1038/s41467-023-36995-y	0	auth_asym_id	C	F	D	protein	7.5	BLI	303	important KD data paper
7uop	36932063	10.1038/s41467-023-36995-y	0	auth_asym_id	B	E	G	protein	7.5	BLI	303	important KD data paper
7uot	36288283	10.1126/scitranslmed.abq0991	0	auth_asym_id	O	P	a;b	protein;protein	N.A.	N.A.	N.A.	N.A.
7uot	36288283	10.1126/scitranslmed.abq0991	0	auth_asym_id	S	T	a;c	protein;protein	N.A.	N.A.	N.A.	N.A.
7uot	36288283	10.1126/scitranslmed.abq0991	0	auth_asym_id	Q	R	b;c	protein;protein	N.A.	N.A.	N.A.	N.A.
7uot	36288283	10.1126/scitranslmed.abq0991	0	auth_asym_id	H	L	A;B;C	protein;protein;protein	N.A.	N.A.	N.A.	N.A.
7uov	36288283	10.1126/scitranslmed.abq0991	0	auth_asym_id	H	L	A	protein	N.A.	N.A.	N.A.	N.A.
7uov	36288283	10.1126/scitranslmed.abq0991	0	auth_asym_id	D	E	B	protein	N.A.	N.A.	N.A.	N.A.
7uov	36288283	10.1126/scitranslmed.abq0991	0	auth_asym_id	F	G	C	protein	N.A.	N.A.	N.A.	N.A.
7uov	36288283	10.1126/scitranslmed.abq0991	0	auth_asym_id	O	P	a;b	protein;protein	N.A.	N.A.	N.A.	N.A.
7uov	36288283	10.1126/scitranslmed.abq0991	0	auth_asym_id	S	T	a;c	protein;protein	N.A.	N.A.	N.A.	N.A.
7uov	36288283	10.1126/scitranslmed.abq0991	0	auth_asym_id	Q	R	b;c	protein;protein	N.A.	N.A.	N.A.	N.A.
7uow	37167972	10.1016/j.str.2023.04.010	0	auth_asym_id	H	L	A	protein	6.79	BLI	N.A.	KD is geometric mean of two measurements
7uow	37167972	10.1016/j.str.2023.04.010	0	auth_asym_id	J	I	C	protein	6.79	BLI	N.A.	KD is geometric mean of two measurements
7up9	36932063	10.1038/s41467-023-36995-y	0	auth_asym_id	H	L	G	protein	11.1	BLI	303	N.A.
7upa	36932063	10.1038/s41467-023-36995-y	0	auth_asym_id	H	L	A	protein	<0.02	BLI	303	N.A.
7upa	36932063	10.1038/s41467-023-36995-y	0	auth_asym_id	C	F	D	protein	<0.02	BLI	303	N.A.
7upa	36932063	10.1038/s41467-023-36995-y	0	auth_asym_id	B	E	D;G	protein;protein	<0.02	BLI	303	N.A.
7upb	36932063	10.1038/s41467-023-36995-y	0	auth_asym_id	B	E	A	protein	15	BLI	303	N.A.
7upb	36932063	10.1038/s41467-023-36995-y	0	auth_asym_id	C	F	D	protein	15	BLI	303	N.A.
7upb	36932063	10.1038/s41467-023-36995-y	0	auth_asym_id	H	L	G	protein	15	BLI	303	N.A.
7upd	36932063	10.1038/s41467-023-36995-y	0	auth_asym_id	B	E	A	protein	22.6	BLI	303	N.A.
7upd	36932063	10.1038/s41467-023-36995-y	0	auth_asym_id	H	L	D	protein	22.6	BLI	303	N.A.
7upd	36932063	10.1038/s41467-023-36995-y	0	auth_asym_id	C	F	G	protein	22.6	BLI	303	N.A.
7upk	36932063	10.1038/s41467-023-36995-y	0	auth_asym_id	E	G	A;B	protein;protein	2.3	BLI	303	N.A.
7upk	36932063	10.1038/s41467-023-36995-y	0	auth_asym_id	C	F	A;D	protein;protein	2.3	BLI	303	N.A.
7upk	36932063	10.1038/s41467-023-36995-y	0	auth_asym_id	H	L	B;D	protein;protein	2.3	BLI	303	N.A.
7upl	36197988	10.1126/sciadv.add2032	0	auth_asym_id	F	I	A	protein	0.22	electrochemiluminescence multiplex assay	N.A.	N.A.
7upl	36197988	10.1126/sciadv.add2032	0	auth_asym_id	E	D	B	protein	0.22	electrochemiluminescence multiplex assay	N.A.	N.A.
7upm	36108635	10.1016/j.str.2022.08.006	0	auth_asym_id	B	N.A.	A	protein	N.A.	N.A.	N.A.	N.A.
7upw	35951767	10.1126/sciimmunol.add5446	0	auth_asym_id	D	E	A	protein	N.A.	N.A.	N.A.	N.A.
7upw	35951767	10.1126/sciimmunol.add5446	0	auth_asym_id	F	G	B	protein	N.A.	N.A.	N.A.	N.A.
7upw	35951767	10.1126/sciimmunol.add5446	0	auth_asym_id	H	L	C	protein	N.A.	N.A.	N.A.	N.A.
7upx	35951767	10.1126/sciimmunol.add5446	0	auth_asym_id	H	L	A	protein	N.A.	N.A.	N.A.	N.A.
7upy	35951767	10.1126/sciimmunol.add5446	0	auth_asym_id	F	G	A	protein	N.A.	N.A.	N.A.	N.A.
7upy	35951767	10.1126/sciimmunol.add5446	0	auth_asym_id	H	L	B	protein	N.A.	N.A.	N.A.	N.A.
7upy	35951767	10.1126/sciimmunol.add5446	0	auth_asym_id	D	E	C	protein	N.A.	N.A.	N.A.	N.A.
7ur4	35696580	10.1073/pnas.2203326119	0	auth_asym_id	I	J	A	protein	N.A.	N.A.	N.A.	N.A.
7ur4	35696580	10.1073/pnas.2203326119	0	auth_asym_id	F	G	B	protein	N.A.	N.A.	N.A.	N.A.
7ur4	35696580	10.1073/pnas.2203326119	0	auth_asym_id	H	L	C	protein	N.A.	N.A.	N.A.	N.A.
7ura	35831507	10.1038/s41586-022-04952-2	0	auth_asym_id	H	L	A	protein	N.A.	N.A.	N.A.	N.A.
7urc	35831507	10.1038/s41586-022-04952-2	0	auth_asym_id	H	L	A	protein	N.A.	N.A.	N.A.	N.A.
7urd	35831507	10.1038/s41586-022-04952-2	0	auth_asym_id	H	L	A	protein	N.A.	N.A.	N.A.	N.A.
7ure	35831507	10.1038/s41586-022-04952-2	0	auth_asym_id	H	L	A	protein	N.A.	N.A.	N.A.	N.A.
7urf	35831507	10.1038/s41586-022-04952-2	0	auth_asym_id	O	P	A	protein	N.A.	N.A.	N.A.	N.A.
7urq	37334379	10.3389/fimmu.2023.1178355	0	auth_asym_id	H	L	A	protein	2.5	BLI	N.A.	N.A.
7urs	37334379	10.3389/fimmu.2023.1178355	0	auth_asym_id	H	L	A	protein	2.5	BLI	N.A.	N.A.
7urv	36867678	10.1126/sciimmunol.adf1426	0	auth_asym_id	D	N.A.	C	protein	4.5	SPR	N.A.	N.A.
7urx	36867678	10.1126/sciimmunol.adf1426	0	auth_asym_id	H	L	C	protein	26.9	SPR	N.A.	N.A.
7usl	35977491	10.1016/j.celrep.2022.111196	0	auth_asym_id	H	L	C	protein	N.A.	N.A.	N.A.	N.A.
7ust	36520108	10.1042/BCJ20220554	0	auth_asym_id	B	N.A.	A	protein	0.81	BLI	298	important KD data paper
7usv	36520108	10.1042/BCJ20220554	0	auth_asym_id	C	N.A.	A	protein	0.12	BLI	298	N.A.
7usv	36520108	10.1042/BCJ20220554	0	auth_asym_id	D	N.A.	B	protein	0.12	BLI	298	N.A.
7uvf	36271158	10.1007/s00259-022-05968-6	0	auth_asym_id	H	L	A	protein	5	SPR	292	N.A.
7uvf	36271158	10.1007/s00259-022-05968-6	0	auth_asym_id	X	Y	B	protein	5	SPR	292	N.A.
7uvh	36792575	10.1016/j.immuni.2023.01.013	0	auth_asym_id	A	B	C	protein	1.88	BLI	298	important KD data paper
7uvh	36792575	10.1016/j.immuni.2023.01.013	0	auth_asym_id	D	E	F	protein	1.88	BLI	298	important KD data paper
7uvi	36792575	10.1016/j.immuni.2023.01.013	0	auth_asym_id	A	B	C	protein	6.83	BLI	298	N.A.
7uvi	36792575	10.1016/j.immuni.2023.01.013	0	auth_asym_id	D	E	F	protein	6.83	BLI	298	N.A.
7uvo	36792575	10.1016/j.immuni.2023.01.013	0	auth_asym_id	A	B	C	protein	0.749	BLI	298	N.A.
7uvq	36792575	10.1016/j.immuni.2023.01.013	0	auth_asym_id	C	B	A	protein	8.9	BLI	298	N.A.
7uvq	36792575	10.1016/j.immuni.2023.01.013	0	auth_asym_id	D	E	A	protein	2.76	BLI	298	N.A.
7uvs	36792575	10.1016/j.immuni.2023.01.013	0	auth_asym_id	A	B	C	protein	0.247	BLI	298	N.A.
7uvs	36792575	10.1016/j.immuni.2023.01.013	0	auth_asym_id	D	E	F	protein	0.247	BLI	298	N.A.
7uxl	36792574	10.1016/j.immuni.2023.01.009	0	auth_asym_id	A	B	R	protein	0.37	BLI	N.A.	important KD data paper
7uxl	36792574	10.1016/j.immuni.2023.01.009	0	auth_asym_id	F	E	R	protein	3.9	BLI	N.A.	N.A.
7uz4	36370711	10.1016/j.immuni.2022.10.019	0	auth_asym_id	H	L	A	protein	0.09	SPR	N.A.	N.A.
7uz4	36370711	10.1016/j.immuni.2022.10.019	0	auth_asym_id	M	N	B	protein	0.09	SPR	N.A.	N.A.
7uz4	36370711	10.1016/j.immuni.2022.10.019	0	auth_asym_id	P	Q	C	protein	0.09	SPR	N.A.	N.A.
7uz5	36370711	10.1016/j.immuni.2022.10.019	0	auth_asym_id	H	L	A	protein	159	SPR	N.A.	N.A.
7uz6	36370711	10.1016/j.immuni.2022.10.019	0	auth_asym_id	H	L	A	protein	N.A.	N.A.	N.A.	N.A.
7uz6	36370711	10.1016/j.immuni.2022.10.019	0	auth_asym_id	M	N	B	protein	N.A.	N.A.	N.A.	N.A.
7uz6	36370711	10.1016/j.immuni.2022.10.019	0	auth_asym_id	P	Q	C	protein	N.A.	N.A.	N.A.	N.A.
7uz7	36370711	10.1016/j.immuni.2022.10.019	0	auth_asym_id	H	L	A	protein	N.A.	N.A.	N.A.	N.A.
7uz7	36370711	10.1016/j.immuni.2022.10.019	0	auth_asym_id	M	N	B	protein	N.A.	N.A.	N.A.	N.A.
7uz7	36370711	10.1016/j.immuni.2022.10.019	0	auth_asym_id	P	Q	C	protein	N.A.	N.A.	N.A.	N.A.
7uz8	36370711	10.1016/j.immuni.2022.10.019	0	auth_asym_id	H	L	A	protein	N.A.	N.A.	N.A.	N.A.
7uz8	36370711	10.1016/j.immuni.2022.10.019	0	auth_asym_id	M	N	B	protein	N.A.	N.A.	N.A.	N.A.
7uz8	36370711	10.1016/j.immuni.2022.10.019	0	auth_asym_id	P	Q	C	protein	N.A.	N.A.	N.A.	N.A.
7uz9	36370711	10.1016/j.immuni.2022.10.019	0	auth_asym_id	H	L	A	protein	N.A.	N.A.	N.A.	N.A.
7uz9	36370711	10.1016/j.immuni.2022.10.019	0	auth_asym_id	M	N	B	protein	N.A.	N.A.	N.A.	N.A.
7uz9	36370711	10.1016/j.immuni.2022.10.019	0	auth_asym_id	P	Q	C	protein	N.A.	N.A.	N.A.	N.A.
7uzb	36370711	10.1016/j.immuni.2022.10.019	0	auth_asym_id	H	L	A	protein	N.A.	N.A.	N.A.	N.A.
7uzc	36370711	10.1016/j.immuni.2022.10.019	0	auth_asym_id	H	L	A	protein	N.A.	N.A.	N.A.	N.A.
7uzc	36370711	10.1016/j.immuni.2022.10.019	0	auth_asym_id	E	F	B	protein	N.A.	N.A.	N.A.	N.A.
7uzd	36370711	10.1016/j.immuni.2022.10.019	0	auth_asym_id	H	L	A	protein	N.A.	N.A.	N.A.	N.A.
7v23	N.A.	N.A.	0	auth_asym_id	O	P	A	protein	N.A.	N.A.	N.A.	N.A.
7v23	N.A.	N.A.	0	auth_asym_id	Q	R	B	protein	N.A.	N.A.	N.A.	N.A.
7v23	N.A.	N.A.	0	auth_asym_id	S	T	C	protein	N.A.	N.A.	N.A.	N.A.
7v24	N.A.	N.A.	0	auth_asym_id	H	L	A	protein	N.A.	N.A.	N.A.	N.A.
7v26	34554412	10.1007/s13238-021-00871-6	0	auth_asym_id	a	b	A	protein	N.A.	N.A.	N.A.	N.A.
7v26	34554412	10.1007/s13238-021-00871-6	0	auth_asym_id	c	d	C	protein	N.A.	N.A.	N.A.	N.A.
7v26	34554412	10.1007/s13238-021-00871-6	0	auth_asym_id	e	f	E	protein	N.A.	N.A.	N.A.	N.A.
7v27	N.A.	N.A.	0	auth_asym_id	B	A	C	protein	N.A.	N.A.	N.A.	N.A.
7v2a	34554412	10.1007/s13238-021-00871-6	0	auth_asym_id	E	D	A	protein	0.001	SPR	N.A.	N.A.
7v2a	34554412	10.1007/s13238-021-00871-6	0	auth_asym_id	G	F	B	protein	0.001	SPR	N.A.	N.A.
7v2a	34554412	10.1007/s13238-021-00871-6	0	auth_asym_id	I	H	C	protein	0.001	SPR	N.A.	N.A.
7v3h	34852238	10.1016/j.cell.2021.11.009	0	auth_asym_id	G	H	A;C	protein;protein	N.A.	N.A.	N.A.	N.A.
7v3h	34852238	10.1016/j.cell.2021.11.009	0	auth_asym_id	I	M	A;C	protein;protein	N.A.	N.A.	N.A.	N.A.
7v3h	34852238	10.1016/j.cell.2021.11.009	0	auth_asym_id	K	L	B	protein	N.A.	N.A.	N.A.	N.A.
7v3l	N.A.	N.A.	0	auth_asym_id	D	E	A	protein	N.A.	N.A.	N.A.	N.A.
7v3l	N.A.	N.A.	0	auth_asym_id	F	G	B	protein	N.A.	N.A.	N.A.	N.A.
7v3l	N.A.	N.A.	0	auth_asym_id	H	I	C	protein	N.A.	N.A.	N.A.	N.A.
7v5j	N.A.	N.A.	0	auth_asym_id	E	D	A	protein	N.A.	N.A.	N.A.	N.A.
7v5j	N.A.	N.A.	0	auth_asym_id	I	H	B	protein	N.A.	N.A.	N.A.	N.A.
7v5j	N.A.	N.A.	0	auth_asym_id	G	F	C	protein	N.A.	N.A.	N.A.	N.A.
7v5k	N.A.	N.A.	0	auth_asym_id	E	D	A	protein	N.A.	N.A.	N.A.	N.A.
7v5k	N.A.	N.A.	0	auth_asym_id	I	H	B	protein	N.A.	N.A.	N.A.	N.A.
7v5k	N.A.	N.A.	0	auth_asym_id	G	F	C	protein	N.A.	N.A.	N.A.	N.A.
7v61	34433803	10.1038/s41392-021-00740-y	0	auth_asym_id	H	K	B	protein	30.5	BLI	N.A.	N.A.
7v61	34433803	10.1038/s41392-021-00740-y	0	auth_asym_id	I	M	D	protein	30.5	BLI	N.A.	N.A.
7v6n	N.A.	N.A.	0	auth_asym_id	E	D	A	protein	N.A.	N.A.	N.A.	N.A.
7v6n	N.A.	N.A.	0	auth_asym_id	G	F	B	protein	N.A.	N.A.	N.A.	N.A.
7v6n	N.A.	N.A.	0	auth_asym_id	I	H	C	protein	N.A.	N.A.	N.A.	N.A.
7v6o	N.A.	N.A.	0	auth_asym_id	E	D	A	protein	N.A.	N.A.	N.A.	N.A.
7v6o	N.A.	N.A.	0	auth_asym_id	G	F	B	protein	N.A.	N.A.	N.A.	N.A.
7v6o	N.A.	N.A.	0	auth_asym_id	I	H	C	protein	N.A.	N.A.	N.A.	N.A.
7vad	35580629	10.1038/s41586-022-04845-4	0	auth_asym_id	H	L	A	protein	N.A.	N.A.	N.A.	N.A.
7vae	35580629	10.1038/s41586-022-04845-4	0	auth_asym_id	H	L	A	protein	N.A.	N.A.	N.A.	N.A.
7vaf	35580629	10.1038/s41586-022-04845-4	0	auth_asym_id	H	L	A	protein	N.A.	N.A.	N.A.	N.A.
7vag	35580629	10.1038/s41586-022-04845-4	0	auth_asym_id	H	L	A	protein	N.A.	N.A.	N.A.	N.A.
7vfa	35324337	10.1073/pnas.2120913119	0	auth_asym_id	D	N.A.	E	protein	2.43	BLI	N.A.	N.A.
7vfb	35324337	10.1073/pnas.2120913119	0	auth_asym_id	B	N.A.	A	protein	0.46	BLI	N.A.	N.A.
7vgr	35931673	10.1038/s41467-022-32019-3	0	auth_asym_id	D	C	A;B	protein;protein	N.A.	N.A.	N.A.	N.A.
7vgr	35931673	10.1038/s41467-022-32019-3	0	auth_asym_id	F	E	A;B	protein;protein	N.A.	N.A.	N.A.	N.A.
7vgs	35931673	10.1038/s41467-022-32019-3	0	auth_asym_id	D	C	A;B	protein;protein	N.A.	N.A.	N.A.	N.A.
7vgs	35931673	10.1038/s41467-022-32019-3	0	auth_asym_id	F	E	A;B	protein;protein	N.A.	N.A.	N.A.	N.A.
7vke	35867844	10.1080/19420862.2022.2095949	0	auth_asym_id	B	N.A.	A	protein	N.A.	N.A.	N.A.	N.A.
7vmu	35581593	10.1186/s13578-022-00794-7	0	auth_asym_id	A	N.A.	B	protein	4.06	SPR	N.A.	N.A.
7vn9	36333470	10.1038/s42003-022-04160-8	0	auth_asym_id	A	B	C	protein	2.9	SPR	298	N.A.
7vn9	36333470	10.1038/s42003-022-04160-8	0	auth_asym_id	H	L	E	protein	2.9	SPR	298	N.A.
7vnb	34732694	10.1038/s41392-021-00810-1	0	auth_asym_id	A	N.A.	B	protein	N.A.	N.A.	N.A.	N.A.
7vnc	34732694	10.1038/s41392-021-00810-1	0	auth_asym_id	V	N.A.	C	protein	N.A.	N.A.	N.A.	N.A.
7vnd	34732694	10.1038/s41392-021-00810-1	0	auth_asym_id	D	N.A.	A	protein	N.A.	N.A.	N.A.	N.A.
7vnd	34732694	10.1038/s41392-021-00810-1	0	auth_asym_id	V	N.A.	C	protein	N.A.	N.A.	N.A.	N.A.
7vne	34732694	10.1038/s41392-021-00810-1	0	auth_asym_id	U	N.A.	A	protein	63.8	BLI	303	N.A.
7vne	34732694	10.1038/s41392-021-00810-1	0	auth_asym_id	W	N.A.	C	protein	63.8	BLI	303	N.A.
7vng	36333470	10.1038/s42003-022-04160-8	0	auth_asym_id	H	L	D	protein	0.2	SPR	298	N.A.
7voa	35906408	10.1038/s41422-022-00700-3	0	auth_asym_id	A	N.A.	B	protein	2.3	SPR	298	important KD data paper
7vq0	35794202	10.1038/s42003-022-03630-3	0	auth_asym_id	D	N.A.	A;B	protein;protein	6.39	BLI	303	important KD data paper
7vq0	35794202	10.1038/s42003-022-03630-3	0	auth_asym_id	E	N.A.	B	protein	6.39	BLI	303	important KD data paper
7vux	35239451	10.1080/19420862.2022.2044435	0	auth_asym_id	H	L	A	protein	N.A.	N.A.	N.A.	N.A.
7vyr	35030983	10.1080/19420862.2021.2021601	0	auth_asym_id	A	B	C	protein	177	BLI	N.A.	N.A.
7vyr	35030983	10.1080/19420862.2021.2021601	0	auth_asym_id	H	L	R	protein	177	BLI	N.A.	N.A.
7vyt	35090381	10.1080/19420862.2021.2013750	0	auth_asym_id	B	C	A;T	protein;protein	2.2	BLI	N.A.	N.A.
7vyt	35090381	10.1080/19420862.2021.2013750	0	auth_asym_id	H	L	A;T	protein;protein	2.2	BLI	N.A.	N.A.
7vzt	N.A.	N.A.	0	auth_asym_id	B	C	A	protein	N.A.	N.A.	N.A.	N.A.
7w1s	35663966	10.3389/fimmu.2022.820336	0	auth_asym_id	B	N.A.	A	protein	0.0674	SPR	N.A.	N.A.
7w71	36001659	10.1126/sciadv.abp9011	0	auth_asym_id	H	L	A	protein	N.A.	N.A.	N.A.	N.A.
7w71	36001659	10.1126/sciadv.abp9011	0	auth_asym_id	I	M	B	protein	N.A.	N.A.	N.A.	N.A.
7w9e	35169135	10.1038/s41467-022-28528-w	0	auth_asym_id	D	E	C	protein	N.A.	N.A.	N.A.	N.A.
7w9f	35169135	10.1038/s41467-022-28528-w	0	auth_asym_id	A	B	E	protein	N.A.	N.A.	N.A.	N.A.
7wb5	35078968	10.1038/s41392-022-00879-2	0	auth_asym_id	H	L	R	protein	N.A.	N.A.	N.A.	N.A.
7wbh	35078968	10.1038/s41392-022-00879-2	0	auth_asym_id	U	V	A	protein	N.A.	N.A.	N.A.	N.A.
7wbh	35078968	10.1038/s41392-022-00879-2	0	auth_asym_id	O	Q	B	protein	N.A.	N.A.	N.A.	N.A.
7wbh	35078968	10.1038/s41392-022-00879-2	0	auth_asym_id	P	S	C	protein	N.A.	N.A.	N.A.	N.A.
7wbz	35931732	10.1038/s42003-022-03739-5	0	auth_asym_id	H	L	A	protein	9.85	SPR	298	N.A.
7wcd	35931732	10.1038/s42003-022-03739-5	0	auth_asym_id	A	B	C;H	protein;protein	N.A.	N.A.	N.A.	N.A.
7wcd	35931732	10.1038/s42003-022-03739-5	0	auth_asym_id	G	I	C;J	protein;protein	N.A.	N.A.	N.A.	N.A.
7wcd	35931732	10.1038/s42003-022-03739-5	0	auth_asym_id	E	F	H;J	protein;protein	N.A.	N.A.	N.A.	N.A.
7wch	N.A.	N.A.	0	auth_asym_id	D	E	A	protein	N.A.	N.A.	N.A.	N.A.
7wch	N.A.	N.A.	0	auth_asym_id	H	L	B	protein	N.A.	N.A.	N.A.	N.A.
7wch	N.A.	N.A.	0	auth_asym_id	M	N	G	protein	N.A.	N.A.	N.A.	N.A.
7wck	N.A.	N.A.	0	auth_asym_id	A	B	R	protein	N.A.	N.A.	N.A.	N.A.
7wcp	N.A.	N.A.	0	auth_asym_id	H	L	A	protein	N.A.	N.A.	N.A.	N.A.
7wcp	N.A.	N.A.	0	auth_asym_id	D	E	B	protein	N.A.	N.A.	N.A.	N.A.
7wcp	N.A.	N.A.	0	auth_asym_id	M	N	C	protein	N.A.	N.A.	N.A.	N.A.
7wcr	34964428	10.1080/22221751.2021.2024455	0	auth_asym_id	a	b	A	protein	<0.001	BLI	N.A.	N.A.
7wcu	N.A.	N.A.	0	auth_asym_id	A	B	R	protein	N.A.	N.A.	N.A.	N.A.
7wcz	34964428	10.1080/22221751.2021.2024455	0	auth_asym_id	a	b	A	protein	N.A.	N.A.	N.A.	N.A.
7wd0	34964428	10.1080/22221751.2021.2024455	0	auth_asym_id	a	b	A	protein	N.A.	N.A.	N.A.	N.A.
7wd0	34964428	10.1080/22221751.2021.2024455	0	auth_asym_id	c	d	B	protein	N.A.	N.A.	N.A.	N.A.
7wd1	36702124	10.1016/j.xcrm.2023.100918	0	auth_asym_id	D	N.A.	A	protein	N.A.	SPR	298	no k_off determined
7wd1	36702124	10.1016/j.xcrm.2023.100918	0	auth_asym_id	C	N.A.	B	protein	N.A.	SPR	298	no k_off determined
7wd2	36702124	10.1016/j.xcrm.2023.100918	0	auth_asym_id	C	N.A.	A	protein	0.18	SPR	298	N.A.
7wd2	36702124	10.1016/j.xcrm.2023.100918	0	auth_asym_id	D	N.A.	B	protein	0.18	SPR	298	N.A.
7wd7	34964428	10.1080/22221751.2021.2024455	0	auth_asym_id	a	b	A	protein	N.A.	N.A.	N.A.	N.A.
7wd7	34964428	10.1080/22221751.2021.2024455	0	auth_asym_id	c	d	B	protein	N.A.	N.A.	N.A.	N.A.
7wd7	34964428	10.1080/22221751.2021.2024455	0	auth_asym_id	e	f	C	protein	N.A.	N.A.	N.A.	N.A.
7wd9	34964428	10.1080/22221751.2021.2024455	0	auth_asym_id	I	J	A	protein	3.6	BLI	N.A.	N.A.
7wd9	34964428	10.1080/22221751.2021.2024455	0	auth_asym_id	E	F	B	protein	3.6	BLI	N.A.	N.A.
7wd9	34964428	10.1080/22221751.2021.2024455	0	auth_asym_id	G	H	C	protein	3.6	BLI	N.A.	N.A.
7wdf	34964428	10.1080/22221751.2021.2024455	0	auth_asym_id	F	G	B	protein	3.6	BLI	N.A.	N.A.
7wdf	34964428	10.1080/22221751.2021.2024455	0	auth_asym_id	D	E	C	protein	3.6	BLI	N.A.	N.A.
7we7	35090164	10.1038/s41586-022-04466-x	0	auth_asym_id	H	L	D	protein	N.A.	N.A.	N.A.	N.A.
7we7	35090164	10.1038/s41586-022-04466-x	0	auth_asym_id	J	M	E	protein	N.A.	N.A.	N.A.	N.A.
7we7	35090164	10.1038/s41586-022-04466-x	0	auth_asym_id	K	N	G	protein	N.A.	N.A.	N.A.	N.A.
7we9	35090164	10.1038/s41586-022-04466-x	0	auth_asym_id	H	J	A	protein	N.A.	N.A.	N.A.	N.A.
7we9	35090164	10.1038/s41586-022-04466-x	0	auth_asym_id	C	L	B	protein	N.A.	N.A.	N.A.	N.A.
7we9	35090164	10.1038/s41586-022-04466-x	0	auth_asym_id	I	K	F	protein	N.A.	N.A.	N.A.	N.A.
7wea	35090164	10.1038/s41586-022-04466-x	0	auth_asym_id	H	L	A	protein	N.A.	N.A.	N.A.	N.A.
7wea	35090164	10.1038/s41586-022-04466-x	0	auth_asym_id	G	I	B	protein	N.A.	N.A.	N.A.	N.A.
7web	35090164	10.1038/s41586-022-04466-x	0	auth_asym_id	H	L	B	protein	N.A.	N.A.	N.A.	N.A.
7web	35090164	10.1038/s41586-022-04466-x	0	auth_asym_id	G	I	D	protein	N.A.	N.A.	N.A.	N.A.
7wec	35090164	10.1038/s41586-022-04466-x	0	auth_asym_id	H	L	A	protein	N.A.	N.A.	N.A.	N.A.
7wec	35090164	10.1038/s41586-022-04466-x	0	auth_asym_id	G	J	B	protein	N.A.	N.A.	N.A.	N.A.
7wec	35090164	10.1038/s41586-022-04466-x	0	auth_asym_id	I	K	C	protein	N.A.	N.A.	N.A.	N.A.
7wed	35090164	10.1038/s41586-022-04466-x	0	auth_asym_id	H	L	E	protein	N.A.	N.A.	N.A.	N.A.
7wee	35090164	10.1038/s41586-022-04466-x	0	auth_asym_id	H	L	E	protein	N.A.	N.A.	N.A.	N.A.
7wef	35090164	10.1038/s41586-022-04466-x	0	auth_asym_id	C	L	E	protein	N.A.	N.A.	N.A.	N.A.
7wg3	36288706	10.1016/j.celrep.2022.111555	0	auth_asym_id	E	A	I	protein	11	BLI	N.A.	KD = 35 nM for humanized Ab (D9)
7wg3	36288706	10.1016/j.celrep.2022.111555	0	auth_asym_id	F	B	J	protein	11	BLI	N.A.	KD = 35 nM for humanized Ab (D9)
7wg3	36288706	10.1016/j.celrep.2022.111555	0	auth_asym_id	G	C	K	protein	11	BLI	N.A.	KD = 35 nM for humanized Ab (D9)
7wg3	36288706	10.1016/j.celrep.2022.111555	0	auth_asym_id	H	D	L	protein	11	BLI	N.A.	KD = 35 nM for humanized Ab (D9)
7wgd	35796008	10.15252/embj.2022110735	0	auth_asym_id	H	L	A	protein	N.A.	N.A.	N.A.	Ab is essential for crystalizing
7wgt	35796008	10.15252/embj.2022110735	0	auth_asym_id	H	L	A	protein	N.A.	N.A.	N.A.	N.A.
7wh8	37542391	10.1080/22221751.2023.2245921	0	auth_asym_id	B	A	C	protein	0.169	SPR	N.A.	N.A.
7whb	37542391	10.1080/22221751.2023.2245921	0	auth_asym_id	D	E	A	protein	0.169	SPR	N.A.	N.A.
7whb	37542391	10.1080/22221751.2023.2245921	0	auth_asym_id	J	K	B	protein	0.169	SPR	N.A.	N.A.
7whb	37542391	10.1080/22221751.2023.2245921	0	auth_asym_id	G	H	C	protein	0.169	SPR	N.A.	N.A.
7whd	37542391	10.1080/22221751.2023.2245921	0	auth_asym_id	G	H	A	protein	0.169	SPR	N.A.	N.A.
7whd	37542391	10.1080/22221751.2023.2245921	0	auth_asym_id	J	K	B;C	protein;protein	0.169	SPR	N.A.	N.A.
7whd	37542391	10.1080/22221751.2023.2245921	0	auth_asym_id	D	E	C	protein	0.169	SPR	N.A.	N.A.
7whi	35344711	10.1016/j.cell.2022.03.009	0	auth_asym_id	F	N.A.	A	protein	0.4*	BLI	303	N.A.
7whi	35344711	10.1016/j.cell.2022.03.009	0	auth_asym_id	D	N.A.	B	protein	0.4*	BLI	303	N.A.
7whi	35344711	10.1016/j.cell.2022.03.009	0	auth_asym_id	E	N.A.	C	protein	0.4*	BLI	303	N.A.
7whi	35344711	10.1016/j.cell.2022.03.009	0	auth_asym_id	G	N.A.	A;B	protein;protein	0.4*	BLI	303	N.A.
7whj	35344711	10.1016/j.cell.2022.03.009	0	auth_asym_id	E	N.A.	B	protein	0.4*	BLI	303	N.A.
7whj	35344711	10.1016/j.cell.2022.03.009	0	auth_asym_id	D	N.A.	C	protein	0.4*	BLI	303	N.A.
7whj	35344711	10.1016/j.cell.2022.03.009	0	auth_asym_id	F	N.A.	B	protein	0.4*	BLI	303	N.A.
7whk	35344711	10.1016/j.cell.2022.03.009	0	auth_asym_id	G	N.A.	A	protein	0.4*	BLI	303	N.A.
7whk	35344711	10.1016/j.cell.2022.03.009	0	auth_asym_id	E	N.A.	B	protein	0.4*	BLI	303	N.A.
7whk	35344711	10.1016/j.cell.2022.03.009	0	auth_asym_id	F	N.A.	C	protein	0.4*	BLI	303	N.A.
7whk	35344711	10.1016/j.cell.2022.03.009	0	auth_asym_id	H	N.A.	A;B	protein;protein	0.4*	BLI	303	N.A.
7whk	35344711	10.1016/j.cell.2022.03.009	0	auth_asym_id	D	N.A.	C	protein	0.4*	BLI	303	N.A.
7whz	35594869	10.1016/j.celrep.2022.110862	0	auth_asym_id	B	D	A	protein	N.A.	N.A.	N.A.	N.A.
7whz	35594869	10.1016/j.celrep.2022.110862	0	auth_asym_id	C	E	A	protein	N.A.	N.A.	N.A.	N.A.
7whz	35594869	10.1016/j.celrep.2022.110862	0	auth_asym_id	H	L	A	protein	N.A.	N.A.	N.A.	N.A.
7wi0	35594869	10.1016/j.celrep.2022.110862	0	auth_asym_id	B	D	A	protein	5.1	SPR	N.A.	N.A.
7wi0	35594869	10.1016/j.celrep.2022.110862	0	auth_asym_id	C	E	A	protein	0.8	SPR	N.A.	N.A.
7wi0	35594869	10.1016/j.celrep.2022.110862	0	auth_asym_id	H	L	A	protein	0.01	SPR	N.A.	N.A.
7wjy	35768499	10.1038/s41422-022-00684-0	0	auth_asym_id	B	C	A	protein	3.16	BLI	N.A.	N.A.
7wjy	35768499	10.1038/s41422-022-00684-0	0	auth_asym_id	E	F	D	protein	3.16	BLI	N.A.	N.A.
7wjz	35768499	10.1038/s41422-022-00684-0	0	auth_asym_id	A	C	B	protein	3.16	BLI	N.A.	N.A.
7wjz	35768499	10.1038/s41422-022-00684-0	0	auth_asym_id	D	N	I	protein	3.16	BLI	N.A.	N.A.
7wjz	35768499	10.1038/s41422-022-00684-0	0	auth_asym_id	E	O	J	protein	3.16	BLI	N.A.	N.A.
7wjz	35768499	10.1038/s41422-022-00684-0	0	auth_asym_id	F	P	K	protein	3.16	BLI	N.A.	N.A.
7wjz	35768499	10.1038/s41422-022-00684-0	0	auth_asym_id	G	Q	L	protein	3.16	BLI	N.A.	N.A.
7wjz	35768499	10.1038/s41422-022-00684-0	0	auth_asym_id	H	R	M	protein	3.16	BLI	N.A.	N.A.
7wk0	35768499	10.1038/s41422-022-00684-0	0	auth_asym_id	A	B	C	protein	3.16	BLI	N.A.	N.A.
7wk0	35768499	10.1038/s41422-022-00684-0	0	auth_asym_id	D	E	F	protein	3.16	BLI	N.A.	N.A.
7wk9	35228716	10.1038/s41586-022-04581-9	0	auth_asym_id	a	b	B	protein	N.A.	N.A.	N.A.	N.A.
7wk9	35228716	10.1038/s41586-022-04581-9	0	auth_asym_id	c	d	C	protein	N.A.	N.A.	N.A.	N.A.
7wka	35228716	10.1038/s41586-022-04581-9	0	auth_asym_id	a	b	B	protein	N.A.	N.A.	N.A.	N.A.
7wka	35228716	10.1038/s41586-022-04581-9	0	auth_asym_id	c	d	C	protein	N.A.	N.A.	N.A.	N.A.
7wki	35452676	10.1016/j.jbc.2022.101962	0	auth_asym_id	B	N.A.	A	protein	0.00171	SPR	298	N.A.
7wkx	35066019	10.1016/j.ijbiomac.2022.01.119	0	auth_asym_id	B	D	E	protein	0.00273	SPR	298	N.A.
7wkx	35066019	10.1016/j.ijbiomac.2022.01.119	0	auth_asym_id	A	C	F	protein	0.00273	SPR	298	N.A.
7wlc	35090164	10.1038/s41586-022-04466-x	0	auth_asym_id	H	L	E	protein	N.A.	N.A.	N.A.	N.A.
7wlw	35796008	10.15252/embj.2022110735	0	auth_asym_id	H	L	A	protein	N.A.	N.A.	N.A.	N.A.
7wly	35436443	10.1016/j.chom.2022.03.035	0	auth_asym_id	P	O	B	protein	N.A.	N.A.	N.A.	N.A.
7wly	35436443	10.1016/j.chom.2022.03.035	0	auth_asym_id	Y	X	C	protein	N.A.	N.A.	N.A.	N.A.
7wm0	N.A.	10.1016/j.chom.2022.03.035	0	auth_asym_id	H	L	B	protein	N.A.	N.A.	N.A.	N.A.
7wn0	36977719	10.1038/s41467-023-37411-1	0	auth_asym_id	B	N.A.	A	protein	N.A.	N.A.	N.A.	N.A.
7wn1	36977719	10.1038/s41467-023-37411-1	0	auth_asym_id	C	N.A.	A	protein	N.A.	N.A.	N.A.	N.A.
7wn2	37041231	10.1038/s42003-023-04782-6	0	auth_asym_id	B	C	A	protein	2.6	BLI	N.A.	important KD data paper
7wn2	37041231	10.1038/s42003-023-04782-6	0	auth_asym_id	H	L	R	protein	2.6	BLI	N.A.	important KD data paper
7wn8	36650558	10.1186/s13045-023-01399-4	0	auth_asym_id	H	L	A	protein	6.9	SPR	298	KD = 3.6 nM for pH 6.8
7wn8	36650558	10.1186/s13045-023-01399-4	0	auth_asym_id	P	Q	C	protein	6.9	SPR	298	KD = 3.6 nM for pH 6.8
7wnb	37041231	10.1038/s42003-023-04782-6	0	auth_asym_id	H	L	R	protein	2.5	BLI	N.A.	N.A.
7wo4	35924918	10.1128/jvi.00480-22	0	auth_asym_id	F	G	A	protein	4.12	BLI	N.A.	N.A.
7wo4	35924918	10.1128/jvi.00480-22	0	auth_asym_id	D	E	B;K	protein;protein	4.12	BLI	N.A.	N.A.
7wo4	35924918	10.1128/jvi.00480-22	0	auth_asym_id	H	I	C	protein	4.12	BLI	N.A.	N.A.
7wo4	35924918	10.1128/jvi.00480-22	0	auth_asym_id	O	P	J	protein	4.12	BLI	N.A.	N.A.
7wo4	35924918	10.1128/jvi.00480-22	0	auth_asym_id	M	N	K	protein	4.12	BLI	N.A.	N.A.
7wo4	35924918	10.1128/jvi.00480-22	0	auth_asym_id	Q	R	L	protein	4.12	BLI	N.A.	N.A.
7wo5	35924918	10.1128/jvi.00480-22	0	auth_asym_id	F	G	A	protein	4.12	BLI	N.A.	N.A.
7wo5	35924918	10.1128/jvi.00480-22	0	auth_asym_id	D	E	B	protein	4.12	BLI	N.A.	N.A.
7wo5	35924918	10.1128/jvi.00480-22	0	auth_asym_id	H	I	C	protein	4.12	BLI	N.A.	N.A.
7wo7	35924918	10.1128/jvi.00480-22	0	auth_asym_id	A	B	C	protein	4.12	BLI	N.A.	N.A.
7woa	35924918	10.1128/jvi.00480-22	0	auth_asym_id	D	B	A	protein	47.31	BLI	N.A.	N.A.
7woa	35924918	10.1128/jvi.00480-22	0	auth_asym_id	F	G	C	protein	47.31	BLI	N.A.	N.A.
7wob	35924918	10.1128/jvi.00480-22	0	auth_asym_id	D	B	A	protein	47.31	BLI	N.A.	N.A.
7wob	35924918	10.1128/jvi.00480-22	0	auth_asym_id	F	G	C	protein	47.31	BLI	N.A.	N.A.
7wob	35924918	10.1128/jvi.00480-22	0	auth_asym_id	H	I	E	protein	47.31	BLI	N.A.	N.A.
7woc	35924918	10.1128/jvi.00480-22	0	auth_asym_id	A	B	C	protein	47.31	BLI	N.A.	N.A.
7wog	35924918	10.1128/jvi.00480-22	0	auth_asym_id	A	B	C	protein	11.44	BLI	N.A.	N.A.
7won	35260792	10.1038/s41422-022-00638-6	0	auth_asym_id	H	L	F	protein	0.0268	SPR	N.A.	important KD data paper
7wop	36207299	10.1038/s41421-022-00463-6	0	auth_asym_id	B	N.A.	A	protein	N.A.	N.A.	N.A.	N.A.
7wop	36207299	10.1038/s41421-022-00463-6	0	auth_asym_id	C	N.A.	A	protein	106.8	BLI	N.A.	N.A.
7woq	36207299	10.1038/s41421-022-00463-6	0	auth_asym_id	D	N.A.	B	protein	N.A.	N.A.	N.A.	N.A.
7wor	36207299	10.1038/s41421-022-00463-6	0	auth_asym_id	D	N.A.	B	protein	N.A.	N.A.	N.A.	N.A.
7wor	36207299	10.1038/s41421-022-00463-6	0	auth_asym_id	F	N.A.	C	protein	N.A.	N.A.	N.A.	N.A.
7wor	36207299	10.1038/s41421-022-00463-6	0	auth_asym_id	E	N.A.	B	protein	106.8	BLI	N.A.	N.A.
7wos	36207299	10.1038/s41421-022-00463-6	0	auth_asym_id	D	N.A.	B	protein	N.A.	N.A.	N.A.	N.A.
7wos	36207299	10.1038/s41421-022-00463-6	0	auth_asym_id	F	N.A.	C	protein	N.A.	N.A.	N.A.	N.A.
7wos	36207299	10.1038/s41421-022-00463-6	0	auth_asym_id	E	N.A.	B	protein	106.8	BLI	N.A.	N.A.
7wos	36207299	10.1038/s41421-022-00463-6	0	auth_asym_id	G	N.A.	C	protein	106.8	BLI	N.A.	N.A.
7wou	36207299	10.1038/s41421-022-00463-6	0	auth_asym_id	D	N.A.	B	protein	N.A.	N.A.	N.A.	N.A.
7wou	36207299	10.1038/s41421-022-00463-6	0	auth_asym_id	F	N.A.	C	protein	N.A.	N.A.	N.A.	N.A.
7wou	36207299	10.1038/s41421-022-00463-6	0	auth_asym_id	E	N.A.	B	protein	106.8	BLI	N.A.	N.A.
7wou	36207299	10.1038/s41421-022-00463-6	0	auth_asym_id	G	N.A.	C	protein	106.8	BLI	N.A.	N.A.
7wov	36207299	10.1038/s41421-022-00463-6	0	auth_asym_id	D	N.A.	A	protein	N.A.	N.A.	N.A.	N.A.
7wov	36207299	10.1038/s41421-022-00463-6	0	auth_asym_id	F	N.A.	B	protein	N.A.	N.A.	N.A.	N.A.
7wov	36207299	10.1038/s41421-022-00463-6	0	auth_asym_id	H	N.A.	C	protein	N.A.	N.A.	N.A.	N.A.
7wov	36207299	10.1038/s41421-022-00463-6	0	auth_asym_id	E	N.A.	A	protein	106.8	BLI	N.A.	N.A.
7wov	36207299	10.1038/s41421-022-00463-6	0	auth_asym_id	G	N.A.	B	protein	106.8	BLI	N.A.	N.A.
7wov	36207299	10.1038/s41421-022-00463-6	0	auth_asym_id	I	N.A.	C	protein	106.8	BLI	N.A.	N.A.
7wow	36207299	10.1038/s41421-022-00463-6	0	auth_asym_id	D	N.A.	A	protein	N.A.	N.A.	N.A.	N.A.
7wow	36207299	10.1038/s41421-022-00463-6	0	auth_asym_id	F	N.A.	B	protein	N.A.	N.A.	N.A.	N.A.
7wow	36207299	10.1038/s41421-022-00463-6	0	auth_asym_id	H	N.A.	C	protein	N.A.	N.A.	N.A.	N.A.
7wow	36207299	10.1038/s41421-022-00463-6	0	auth_asym_id	M	N.A.	J	protein	N.A.	N.A.	N.A.	N.A.
7wow	36207299	10.1038/s41421-022-00463-6	0	auth_asym_id	O	N.A.	K	protein	N.A.	N.A.	N.A.	N.A.
7wow	36207299	10.1038/s41421-022-00463-6	0	auth_asym_id	Q	N.A.	L	protein	N.A.	N.A.	N.A.	N.A.
7wow	36207299	10.1038/s41421-022-00463-6	0	auth_asym_id	E	N.A.	A	protein	106.8	BLI	N.A.	N.A.
7wow	36207299	10.1038/s41421-022-00463-6	0	auth_asym_id	G	N.A.	B	protein	106.8	BLI	N.A.	N.A.
7wow	36207299	10.1038/s41421-022-00463-6	0	auth_asym_id	I	N.A.	C	protein	106.8	BLI	N.A.	N.A.
7wow	36207299	10.1038/s41421-022-00463-6	0	auth_asym_id	N	N.A.	J	protein	106.8	BLI	N.A.	N.A.
7wow	36207299	10.1038/s41421-022-00463-6	0	auth_asym_id	P	N.A.	K	protein	106.8	BLI	N.A.	N.A.
7wow	36207299	10.1038/s41421-022-00463-6	0	auth_asym_id	R	N.A.	L	protein	106.8	BLI	N.A.	N.A.
7wp0	35260792	10.1038/s41422-022-00638-6	0	auth_asym_id	H	L	F	protein	N.A.	N.A.	N.A.	N.A.
7wp1	35260792	10.1038/s41422-022-00638-6	0	auth_asym_id	H	L	F	protein	0.02	SPR	N.A.	N.A.
7wp2	35260792	10.1038/s41422-022-00638-6	0	auth_asym_id	H	L	F	protein	0.0229	SPR	N.A.	N.A.
7wp5	35260792	10.1038/s41422-022-00638-6	0	auth_asym_id	H	L	F	protein	0.722	SPR	N.A.	N.A.
7wp6	36323313	10.1016/j.chom.2022.10.011	0	auth_asym_id	B	I	F	protein	N.A.	N.A.	N.A.	N.A.
7wp6	36323313	10.1016/j.chom.2022.10.011	0	auth_asym_id	D	C	F	protein	N.A.	N.A.	N.A.	N.A.
7wp6	36323313	10.1016/j.chom.2022.10.011	0	auth_asym_id	H	L	F	protein	N.A.	N.A.	N.A.	N.A.
7wp8	36323313	10.1016/j.chom.2022.10.011	0	auth_asym_id	D	C	F	protein	N.A.	N.A.	N.A.	N.A.
7wp8	36323313	10.1016/j.chom.2022.10.011	0	auth_asym_id	E	G	F	protein	N.A.	N.A.	N.A.	N.A.
7wp8	36323313	10.1016/j.chom.2022.10.011	0	auth_asym_id	H	L	F	protein	N.A.	N.A.	N.A.	N.A.
7wpd	35133176	10.1126/science.abn8863	0	auth_asym_id	X	Y	A	protein	3.2	BLI	N.A.	N.A.
7wpe	35133176	10.1126/science.abn8863	0	auth_asym_id	U	V	A	protein	3.2	BLI	N.A.	N.A.
7wpe	35133176	10.1126/science.abn8863	0	auth_asym_id	X	Y	B	protein	3.2	BLI	N.A.	N.A.
7wpf	35133176	10.1126/science.abn8863	0	auth_asym_id	X	Y	A	protein	3.2	BLI	N.A.	N.A.
7wpf	35133176	10.1126/science.abn8863	0	auth_asym_id	R	S	B	protein	3.2	BLI	N.A.	N.A.
7wpf	35133176	10.1126/science.abn8863	0	auth_asym_id	U	V	C	protein	3.2	BLI	N.A.	N.A.
7wph	36138032	10.1038/s41467-022-33284-y	0	auth_asym_id	E	D	A	protein	4.14	BLI	N.A.	N.A.
7wph	36138032	10.1038/s41467-022-33284-y	0	auth_asym_id	H	L	B	protein	4.14	BLI	N.A.	N.A.
7wqv	36706160	10.1371/journal.ppat.1011085	0	auth_asym_id	B	N.A.	A	protein	0.24	BLI	303	N.A.
7wqv	36706160	10.1371/journal.ppat.1011085	0	auth_asym_id	D	N.A.	C	protein	0.24	BLI	303	N.A.
7wqv	36706160	10.1371/journal.ppat.1011085	0	auth_asym_id	F	N.A.	E	protein	0.24	BLI	303	N.A.
7wqv	36706160	10.1371/journal.ppat.1011085	0	auth_asym_id	H	N.A.	G	protein	0.24	BLI	303	N.A.
7wqv	36706160	10.1371/journal.ppat.1011085	0	auth_asym_id	J	N.A.	I	protein	0.24	BLI	303	N.A.
7wqv	36706160	10.1371/journal.ppat.1011085	0	auth_asym_id	L	N.A.	K	protein	0.24	BLI	303	N.A.
7wqv	36706160	10.1371/journal.ppat.1011085	0	auth_asym_id	N	N.A.	M	protein	0.24	BLI	303	N.A.
7wqv	36706160	10.1371/journal.ppat.1011085	0	auth_asym_id	P	N.A.	O	protein	0.24	BLI	303	N.A.
7wr8	35714668	10.1038/s41586-022-04980-y	0	auth_asym_id	A	B	R	protein	N.A.	N.A.	N.A.	N.A.
7wr9	N.A.	N.A.	0	auth_asym_id	A	B	F	protein	N.A.	N.A.	N.A.	N.A.
7wrj	36493787	10.1016/j.celrep.2022.111845	0	auth_asym_id	A	B	R	protein	N.A.	N.A.	N.A.	N.A.
7wrl	35714668	10.1038/s41586-022-04980-y	0	auth_asym_id	A	B	R	protein	N.A.	N.A.	N.A.	N.A.
7wro	35714668	10.1038/s41586-022-04980-y	0	auth_asym_id	H	L	R	protein	N.A.	N.A.	N.A.	N.A.
7wrv	35133176	10.1126/science.abn8863	0	auth_asym_id	U	V	C	protein	3.2	BLI	N.A.	N.A.
7wry	36493787	10.1016/j.celrep.2022.111845	0	auth_asym_id	H	L	R	protein	N.A.	N.A.	N.A.	N.A.
7wrz	35714668	10.1038/s41586-022-04980-y	0	auth_asym_id	H	L	R	protein	0.29	BLI	N.A.	N.A.
7ws0	35477022	10.1016/j.celrep.2022.110770	0	auth_asym_id	E	D	A	protein	2.28	BLI	N.A.	N.A.
7ws0	35477022	10.1016/j.celrep.2022.110770	0	auth_asym_id	G	F	B	protein	2.28	BLI	N.A.	N.A.
7ws0	35477022	10.1016/j.celrep.2022.110770	0	auth_asym_id	I	H	C	protein	2.28	BLI	N.A.	N.A.
7ws1	35477022	10.1016/j.celrep.2022.110770	0	auth_asym_id	E	D	A	protein	2.28	BLI	N.A.	N.A.
7ws1	35477022	10.1016/j.celrep.2022.110770	0	auth_asym_id	G	F	B	protein	2.28	BLI	N.A.	N.A.
7ws1	35477022	10.1016/j.celrep.2022.110770	0	auth_asym_id	I	H	C	protein	2.28	BLI	N.A.	N.A.
7ws2	35477022	10.1016/j.celrep.2022.110770	0	auth_asym_id	E	D	A	protein	0.233	BLI	N.A.	N.A.
7ws3	35477022	10.1016/j.celrep.2022.110770	0	auth_asym_id	E	D	A	protein	2.28	BLI	N.A.	N.A.
7ws3	35477022	10.1016/j.celrep.2022.110770	0	auth_asym_id	G	F	B	protein	2.28	BLI	N.A.	N.A.
7ws3	35477022	10.1016/j.celrep.2022.110770	0	auth_asym_id	I	H	C	protein	2.28	BLI	N.A.	N.A.
7ws5	35477022	10.1016/j.celrep.2022.110770	0	auth_asym_id	E	D	A	protein	2.28	BLI	N.A.	N.A.
7ws5	35477022	10.1016/j.celrep.2022.110770	0	auth_asym_id	G	F	B	protein	2.28	BLI	N.A.	N.A.
7ws5	35477022	10.1016/j.celrep.2022.110770	0	auth_asym_id	I	H	C	protein	2.28	BLI	N.A.	N.A.
7ws6	35477022	10.1016/j.celrep.2022.110770	0	auth_asym_id	I	H	C	protein	8.97	BLI	N.A.	N.A.
7ws7	35477022	10.1016/j.celrep.2022.110770	0	auth_asym_id	G	F	B	protein	0.233	BLI	N.A.	N.A.
7wsc	N.A.	N.A.	0	auth_asym_id	H	L	R	protein	N.A.	N.A.	N.A.	N.A.
7wsi	35580629	10.1038/s41586-022-04845-4	0	auth_asym_id	H	L	A	protein	N.A.	N.A.	N.A.	N.A.
7wsl	35168061	10.1016/j.bbrc.2022.02.026	0	auth_asym_id	H	L	D	protein	0.3	SPR	N.A.	N.A.
7wt7	35977939	10.1038/s41421-022-00443-w	0	auth_asym_id	H	D	C	protein	N.A.	N.A.	N.A.	N.A.
7wt8	35977939	10.1038/s41421-022-00443-w	0	auth_asym_id	J	I	A	protein	N.A.	N.A.	N.A.	N.A.
7wt8	35977939	10.1038/s41421-022-00443-w	0	auth_asym_id	H	D	C	protein	N.A.	N.A.	N.A.	N.A.
7wt9	35977939	10.1038/s41421-022-00443-w	0	auth_asym_id	H	A	E	protein	N.A.	N.A.	N.A.	N.A.
7wtf	35672388	10.1038/s41422-022-00677-z	0	auth_asym_id	H	L	B	protein	2.7	BLI	N.A.	N.A.
7wtf	35672388	10.1038/s41422-022-00677-z	0	auth_asym_id	G	J	C	protein	2.7	BLI	N.A.	N.A.
7wtf	35672388	10.1038/s41422-022-00677-z	0	auth_asym_id	I	K	D	protein	2.7	BLI	N.A.	N.A.
7wtg	35672388	10.1038/s41422-022-00677-z	0	auth_asym_id	H	L	E	protein	2.7	BLI	N.A.	N.A.
7wth	35672388	10.1038/s41422-022-00677-z	0	auth_asym_id	H	L	E	protein	1.4	BLI	N.A.	N.A.
7wti	35672388	10.1038/s41422-022-00677-z	0	auth_asym_id	H	L	A	protein	1.4	BLI	N.A.	N.A.
7wti	35672388	10.1038/s41422-022-00677-z	0	auth_asym_id	G	J	B	protein	1.4	BLI	N.A.	N.A.
7wti	35672388	10.1038/s41422-022-00677-z	0	auth_asym_id	I	K	C	protein	1.4	BLI	N.A.	N.A.
7wtj	35672388	10.1038/s41422-022-00677-z	0	auth_asym_id	H	L	E	protein	1.3	BLI	N.A.	N.A.
7wtk	35672388	10.1038/s41422-022-00677-z	0	auth_asym_id	I	K	A	protein	1.3	BLI	N.A.	N.A.
7wtk	35672388	10.1038/s41422-022-00677-z	0	auth_asym_id	G	J	B	protein	1.3	BLI	N.A.	N.A.
7wtk	35672388	10.1038/s41422-022-00677-z	0	auth_asym_id	H	L	C	protein	1.3	BLI	N.A.	N.A.
7wue	35230146	10.1126/scitranslmed.abm0899	0	auth_asym_id	C	D	A	protein	4.66	BLI	N.A.	N.A.
7wue	35230146	10.1126/scitranslmed.abm0899	0	auth_asym_id	E	F	B	protein	4.66	BLI	N.A.	N.A.
7wuh	35230146	10.1126/scitranslmed.abm0899	0	auth_asym_id	K	L	A	protein	4.66	BLI	N.A.	N.A.
7wuh	35230146	10.1126/scitranslmed.abm0899	0	auth_asym_id	D	F	C	protein	4.66	BLI	N.A.	N.A.
7wuh	35230146	10.1126/scitranslmed.abm0899	0	auth_asym_id	H	I	E	protein	4.66	BLI	N.A.	N.A.
7wui	35418677	10.1038/s41586-022-04590-8	0	auth_asym_id	N	N.A.	A;B	protein;protein	N.A.	N.A.	N.A.	N.A.
7wui	35418677	10.1038/s41586-022-04590-8	0	auth_asym_id	S	N.A.	A;B	protein;protein	N.A.	N.A.	N.A.	N.A.
7wuj	35418677	10.1038/s41586-022-04590-8	0	auth_asym_id	S	N.A.	A;B	protein;protein	N.A.	N.A.	N.A.	N.A.
7wur	36347841	10.1038/s41467-022-34415-1	0	auth_asym_id	E	F	A	protein	N.A.	N.A.	N.A.	N.A.
7wur	36347841	10.1038/s41467-022-34415-1	0	auth_asym_id	G	H	B	protein	N.A.	N.A.	N.A.	N.A.
7wvf	36371424	10.1038/s41467-022-34602-0	0	auth_asym_id	C	N.A.	A	protein	N.A.	N.A.	N.A.	N.A.
7wvl	36508467	10.1371/journal.ppat.1010994	0	auth_asym_id	H	L	F	protein	1.75	BLI	N.A.	N.A.
7wvm	35309324	10.3389/fimmu.2022.826045	0	auth_asym_id	A	B	E	protein	1.68	SPR	N.A.	N.A.
7wvm	35309324	10.3389/fimmu.2022.826045	0	auth_asym_id	C	D	F	protein	1.68	SPR	N.A.	N.A.
7wwi	N.A.	N.A.	0	auth_asym_id	E	D	A	protein	N.A.	N.A.	N.A.	N.A.
7wwi	N.A.	N.A.	0	auth_asym_id	G	F	B	protein	N.A.	N.A.	N.A.	N.A.
7wwi	N.A.	N.A.	0	auth_asym_id	I	H	C	protein	N.A.	N.A.	N.A.	N.A.
7wwj	N.A.	N.A.	0	auth_asym_id	G	F	B	protein	N.A.	N.A.	N.A.	N.A.
7wwj	N.A.	N.A.	0	auth_asym_id	I	H	C	protein	N.A.	N.A.	N.A.	N.A.
7wwk	N.A.	N.A.	0	auth_asym_id	G	F	B	protein	N.A.	N.A.	N.A.	N.A.
7wwk	N.A.	N.A.	0	auth_asym_id	I	H	C	protein	N.A.	N.A.	N.A.	N.A.
7wwl	35478188	10.1038/s41392-022-00987-z	0	auth_asym_id	J	N	A	protein	1.91	SPR	N.A.	important KD data paper
7wwl	35478188	10.1038/s41392-022-00987-z	0	auth_asym_id	I	M	B	protein	1.91	SPR	N.A.	important KD data paper
7wwl	35478188	10.1038/s41392-022-00987-z	0	auth_asym_id	H	L	C	protein	1.91	SPR	N.A.	important KD data paper
7wwm	35478188	10.1038/s41392-022-00987-z	0	auth_asym_id	H	L	A	protein	4.21	SPR	N.A.	N.A.
7wwm	35478188	10.1038/s41392-022-00987-z	0	auth_asym_id	I	M	B	protein	4.21	SPR	N.A.	N.A.
7wwm	35478188	10.1038/s41392-022-00987-z	0	auth_asym_id	J	N	C	protein	4.21	SPR	N.A.	N.A.
7x08	35169121	10.1038/s41421-022-00381-7	0	auth_asym_id	H	L	A;B	protein;protein	1.02	SPR	N.A.	important KD data paper
7x08	35169121	10.1038/s41421-022-00381-7	0	auth_asym_id	J	N	A;C	protein;protein	1.02	SPR	N.A.	important KD data paper
7x08	35169121	10.1038/s41421-022-00381-7	0	auth_asym_id	I	M	B;C	protein;protein	1.02	SPR	N.A.	important KD data paper
7x1m	35777362	10.1016/j.immuni.2022.06.005	0	auth_asym_id	A	B	M	protein	0.9	SPR	298	important KD data paper
7x1m	35777362	10.1016/j.immuni.2022.06.005	0	auth_asym_id	C	D	M	protein	6.1	SPR	298	N.A.
7x1m	35777362	10.1016/j.immuni.2022.06.005	0	auth_asym_id	H	L	M	protein	2.6	SPR	298	N.A.
7x25	36246239	10.3389/fmicb.2022.988298	0	auth_asym_id	A	C	G	protein	4.6	SPR	N.A.	N.A.
7x25	36246239	10.3389/fmicb.2022.988298	0	auth_asym_id	H	K	I	protein	4.6	SPR	N.A.	N.A.
7x25	36246239	10.3389/fmicb.2022.988298	0	auth_asym_id	E	F	J	protein	4.6	SPR	N.A.	N.A.
7x26	36246239	10.3389/fmicb.2022.988298	0	auth_asym_id	H	K	I	protein	N.A.	N.A.	N.A.	N.A.
7x28	36246239	10.3389/fmicb.2022.988298	0	auth_asym_id	C	D	F	protein	4.6	SPR	N.A.	N.A.
7x28	36246239	10.3389/fmicb.2022.988298	0	auth_asym_id	H	K	G	protein	4.6	SPR	N.A.	N.A.
7x29	36246239	10.3389/fmicb.2022.988298	0	auth_asym_id	H	K	B	protein	4.6	SPR	N.A.	N.A.
7x29	36246239	10.3389/fmicb.2022.988298	0	auth_asym_id	F	G	C	protein	4.6	SPR	N.A.	N.A.
7x2a	36246239	10.3389/fmicb.2022.988298	0	auth_asym_id	H	K	A	protein	4.6	SPR	N.A.	N.A.
7x2h	37069158	10.1038/s41467-023-37926-7	0	auth_asym_id	A	B	E	protein	4.21	BLI	N.A.	N.A.
7x2h	37069158	10.1038/s41467-023-37926-7	0	auth_asym_id	C	D	F	protein	4.21	BLI	N.A.	N.A.
7x2i	36002016	10.1016/j.chom.2022.08.001	0	auth_asym_id	H	L	B	protein	N.A.	N.A.	N.A.	N.A.
7x2j	36575191	10.1038/s41467-022-35642-2	0	auth_asym_id	B	N.A.	S	protein	N.A.	N.A.	N.A.	N.A.
7x2k	36575191	10.1038/s41467-022-35642-2	0	auth_asym_id	B	N.A.	E	protein	N.A.	N.A.	N.A.	N.A.
7x2k	36575191	10.1038/s41467-022-35642-2	0	auth_asym_id	H	L	E	protein	N.A.	N.A.	N.A.	N.A.
7x2l	36575191	10.1038/s41467-022-35642-2	0	auth_asym_id	B	N.A.	E	protein	N.A.	N.A.	N.A.	N.A.
7x2m	36575191	10.1038/s41467-022-35642-2	0	auth_asym_id	B	N.A.	E	protein	N.A.	N.A.	N.A.	N.A.
7x2o	36002016	10.1016/j.chom.2022.08.001	0	auth_asym_id	H	L	B	protein	13.8	SPR	N.A.	N.A.
7x3c	36002016	10.1016/j.chom.2022.08.001	0	auth_asym_id	H	L	A;B;C	protein;protein;protein	2.1	SPR	N.A.	N.A.
7x3c	36002016	10.1016/j.chom.2022.08.001	0	auth_asym_id	F	E	B	protein	22.6	SPR	N.A.	N.A.
7x3d	36002016	10.1016/j.chom.2022.08.001	0	auth_asym_id	H	L	B;C	protein;protein	509	SPR	N.A.	N.A.
7x46	36002016	10.1016/j.chom.2022.08.001	0	auth_asym_id	H	L	B	protein	N.A.	N.A.	N.A.	N.A.
7x47	36002016	10.1016/j.chom.2022.08.001	0	auth_asym_id	H	L	B	protein	N.A.	N.A.	N.A.	N.A.
7x4i	36494344	10.1038/s41421-022-00497-w	0	auth_asym_id	E	N.A.	A;D	protein;protein	0.361	SPR	298	N.A.
7x4i	36494344	10.1038/s41421-022-00497-w	0	auth_asym_id	H	N.A.	A;D	protein;protein	0.361	SPR	298	N.A.
7x4i	36494344	10.1038/s41421-022-00497-w	0	auth_asym_id	F	N.A.	B;C	protein;protein	0.361	SPR	298	N.A.
7x4i	36494344	10.1038/s41421-022-00497-w	0	auth_asym_id	G	N.A.	B;C	protein;protein	0.361	SPR	298	N.A.
7x63	N.A.	N.A.	0	auth_asym_id	H	L	R	protein	N.A.	N.A.	N.A.	N.A.
7x66	N.A.	N.A.	0	auth_asym_id	H	L	R	protein	N.A.	N.A.	N.A.	N.A.
7x6a	35714668	10.1038/s41586-022-04980-y	0	auth_asym_id	I	K	A	protein	1.3	BLI	N.A.	N.A.
7x6a	35714668	10.1038/s41586-022-04980-y	0	auth_asym_id	H	L	B	protein	1.3	BLI	N.A.	N.A.
7x6a	35714668	10.1038/s41586-022-04980-y	0	auth_asym_id	G	J	D	protein	1.3	BLI	N.A.	N.A.
7x7d	35371009	10.3389/fimmu.2022.865401	0	auth_asym_id	B	N.A.	A	protein	0.312	BLI	298	N.A.
7x7d	35371009	10.3389/fimmu.2022.865401	0	auth_asym_id	C	N.A.	D	protein	0.312	BLI	298	N.A.
7x7d	35371009	10.3389/fimmu.2022.865401	0	auth_asym_id	F	N.A.	E	protein	0.312	BLI	298	N.A.
7x7e	35371009	10.3389/fimmu.2022.865401	0	auth_asym_id	B	N.A.	C	protein	N.A.	N.A.	N.A.	N.A.
7x7e	35371009	10.3389/fimmu.2022.865401	0	auth_asym_id	A	N.A.	D	protein	N.A.	N.A.	N.A.	N.A.
7x7e	35371009	10.3389/fimmu.2022.865401	0	auth_asym_id	E	N.A.	F	protein	N.A.	N.A.	N.A.	N.A.
7x7o	35543180	10.1080/19420862.2022.2072455	0	auth_asym_id	G	I	A	protein	N.A.	N.A.	N.A.	N.A.
7x7o	35543180	10.1080/19420862.2022.2072455	0	auth_asym_id	H	L	B	protein	N.A.	N.A.	N.A.	N.A.
7x7o	35543180	10.1080/19420862.2022.2072455	0	auth_asym_id	E	F	C	protein	N.A.	N.A.	N.A.	N.A.
7x7o	35543180	10.1080/19420862.2022.2072455	0	auth_asym_id	J	K	D	protein	N.A.	N.A.	N.A.	N.A.
7x7t	35972965	10.1073/pnas.2204256119	0	auth_asym_id	A	B	G	protein	N.A.	N.A.	N.A.	N.A.
7x7t	35972965	10.1073/pnas.2204256119	0	auth_asym_id	C	D	G	protein	N.A.	N.A.	N.A.	N.A.
7x7t	35972965	10.1073/pnas.2204256119	0	auth_asym_id	H	L	G	protein	N.A.	N.A.	N.A.	N.A.
7x7u	35972965	10.1073/pnas.2204256119	0	auth_asym_id	A	B	G	protein	N.A.	N.A.	N.A.	N.A.
7x7u	35972965	10.1073/pnas.2204256119	0	auth_asym_id	C	D	G	protein	N.A.	N.A.	N.A.	N.A.
7x7u	35972965	10.1073/pnas.2204256119	0	auth_asym_id	H	L	G	protein	N.A.	N.A.	N.A.	N.A.
7x7v	35972965	10.1073/pnas.2204256119	0	auth_asym_id	A	F	E	protein	N.A.	N.A.	N.A.	N.A.
7x7v	35972965	10.1073/pnas.2204256119	0	auth_asym_id	C	D	E	protein	N.A.	N.A.	N.A.	N.A.
7x7v	35972965	10.1073/pnas.2204256119	0	auth_asym_id	H	L	E	protein	N.A.	N.A.	N.A.	N.A.
7x8p	36513066	10.1016/j.str.2022.11.009	0	auth_asym_id	C	B	A	protein	10	ELISA	298	important KD data paper
7x8p	36513066	10.1016/j.str.2022.11.009	0	auth_asym_id	F	E	D	protein	10	ELISA	298	important KD data paper
7x8q	36513066	10.1016/j.str.2022.11.009	0	auth_asym_id	C	B	A	protein	6.22	SPR	N.A.	N.A.
7x8q	36513066	10.1016/j.str.2022.11.009	0	auth_asym_id	F	E	D	protein	6.22	SPR	N.A.	N.A.
7x8t	36513066	10.1016/j.str.2022.11.009	0	auth_asym_id	C	B	A	protein	8.77	SPR	N.A.	N.A.
7x8t	36513066	10.1016/j.str.2022.11.009	0	auth_asym_id	F	E	D	protein	8.77	SPR	N.A.	N.A.
7x8t	36513066	10.1016/j.str.2022.11.009	0	auth_asym_id	I	H	G	protein	8.77	SPR	N.A.	N.A.
7x8t	36513066	10.1016/j.str.2022.11.009	0	auth_asym_id	L	K	J	protein	8.77	SPR	N.A.	N.A.
7x8w	36406861	10.1016/j.isci.2022.105596	0	auth_asym_id	H	L	A	protein	0.00534	SPR	N.A.	N.A.
7x8y	36406861	10.1016/j.isci.2022.105596	0	auth_asym_id	H	L	A	protein	N.A.	N.A.	N.A.	N.A.
7x8z	36406861	10.1016/j.isci.2022.105596	0	auth_asym_id	H	L	A	protein	N.A.	N.A.	N.A.	N.A.
7x90	36406861	10.1016/j.isci.2022.105596	0	auth_asym_id	E	F	G	protein	0.0346	SPR	N.A.	N.A.
7x91	36406861	10.1016/j.isci.2022.105596	0	auth_asym_id	H	L	A	protein	0.152	SPR	N.A.	N.A.
7x92	36406861	10.1016/j.isci.2022.105596	0	auth_asym_id	H	L	A	protein	N.A.	N.A.	N.A.	N.A.
7x93	37288342	10.1016/j.isci.2023.106955	0	auth_asym_id	E	F	D;G	protein;protein	1.7	BLI	N.A.	N.A.
7x94	37288342	10.1016/j.isci.2023.106955	0	auth_asym_id	H	L	A	protein	<0.001	BLI	N.A.	N.A.
7x95	37288342	10.1016/j.isci.2023.106955	0	auth_asym_id	H	L	A	protein	<0.001	BLI	N.A.	N.A.
7x96	37288342	10.1016/j.isci.2023.106955	0	auth_asym_id	H	L	G	protein	<0.001	BLI	N.A.	N.A.
7xck	N.A.	10.1038/s41467-022-32665-7	0	auth_asym_id	A	B	M	protein	1.01	SPR	298	N.A.
7xco	N.A.	10.1038/s41467-022-32665-7	0	auth_asym_id	H	L	A	protein	1.01	SPR	298	N.A.
7xco	N.A.	10.1038/s41467-022-32665-7	0	auth_asym_id	M	N	B	protein	1.01	SPR	298	N.A.
7xco	N.A.	10.1038/s41467-022-32665-7	0	auth_asym_id	O	P	C	protein	1.01	SPR	298	N.A.
7xcp	N.A.	10.1038/s41467-022-32665-7	0	auth_asym_id	H	L	B	protein	1.01	SPR	298	N.A.
7xcz	36609558	10.1038/s41421-022-00509-9	0	auth_asym_id	B	C	A	protein	0.0857	SPR	298	important KD data paper
7xcz	36609558	10.1038/s41421-022-00509-9	0	auth_asym_id	D	E	A	protein	0.186	SPR	298	N.A.
7xd2	37069158	10.1038/s41467-023-37926-7	0	auth_asym_id	I	L	A	protein	4.42	BLI	N.A.	N.A.
7xd2	37069158	10.1038/s41467-023-37926-7	0	auth_asym_id	E	H	B	protein	4.42	BLI	N.A.	N.A.
7xd2	37069158	10.1038/s41467-023-37926-7	0	auth_asym_id	D	J	C	protein	4.42	BLI	N.A.	N.A.
7xda	36609558	10.1038/s41421-022-00509-9	0	auth_asym_id	B	C	A	protein	0.0857	SPR	298	N.A.
7xda	36609558	10.1038/s41421-022-00509-9	0	auth_asym_id	D	E	A	protein	0.901	SPR	298	N.A.
7xdb	36609558	10.1038/s41421-022-00509-9	0	auth_asym_id	D	E	A	protein	0.898	SPR	298	N.A.
7xdb	36609558	10.1038/s41421-022-00509-9	0	auth_asym_id	G	F	B	protein	0.898	SPR	298	N.A.
7xdb	36609558	10.1038/s41421-022-00509-9	0	auth_asym_id	I	H	C	protein	0.898	SPR	298	N.A.
7xdk	36609558	10.1038/s41421-022-00509-9	0	auth_asym_id	D	E	A	protein	0.186	SPR	298	N.A.
7xdk	36609558	10.1038/s41421-022-00509-9	0	auth_asym_id	H	I	B	protein	0.186	SPR	298	N.A.
7xdk	36609558	10.1038/s41421-022-00509-9	0	auth_asym_id	N	O	C	protein	0.186	SPR	298	N.A.
7xdk	36609558	10.1038/s41421-022-00509-9	0	auth_asym_id	F	G	A	protein	0.0857	SPR	298	N.A.
7xdk	36609558	10.1038/s41421-022-00509-9	0	auth_asym_id	K	J	B	protein	0.0857	SPR	298	N.A.
7xdk	36609558	10.1038/s41421-022-00509-9	0	auth_asym_id	L	M	C	protein	0.0857	SPR	298	N.A.
7xdl	36609558	10.1038/s41421-022-00509-9	0	auth_asym_id	I	H	A	protein	0.0857	SPR	298	N.A.
7xdl	36609558	10.1038/s41421-022-00509-9	0	auth_asym_id	E	D	B	protein	0.0857	SPR	298	N.A.
7xdl	36609558	10.1038/s41421-022-00509-9	0	auth_asym_id	G	F	C	protein	0.0857	SPR	298	N.A.
7xdl	36609558	10.1038/s41421-022-00509-9	0	auth_asym_id	M	L	A	protein	0.901	SPR	298	N.A.
7xdl	36609558	10.1038/s41421-022-00509-9	0	auth_asym_id	P	O	B	protein	0.901	SPR	298	N.A.
7xdl	36609558	10.1038/s41421-022-00509-9	0	auth_asym_id	K	J	C	protein	0.901	SPR	298	N.A.
7xeg	N.A.	N.A.	0	auth_asym_id	C	D	A	protein	N.A.	N.A.	N.A.	N.A.
7xeg	N.A.	N.A.	0	auth_asym_id	E	F	B	protein	N.A.	N.A.	N.A.	N.A.
7xei	N.A.	N.A.	0	auth_asym_id	C	D	A	protein	N.A.	N.A.	N.A.	N.A.
7xei	N.A.	N.A.	0	auth_asym_id	E	F	B	protein	N.A.	N.A.	N.A.	N.A.
7xh8	35739114	10.1038/s41467-022-31259-7	0	auth_asym_id	B	C	A	protein	0.0575	SPR	N.A.	N.A.
7xic	35607524	10.1016/j.isci.2022.104431	0	auth_asym_id	H	I	A	protein	N.A.	N.A.	N.A.	N.A.
7xic	35607524	10.1016/j.isci.2022.104431	0	auth_asym_id	K	L	B	protein	N.A.	N.A.	N.A.	N.A.
7xic	35607524	10.1016/j.isci.2022.104431	0	auth_asym_id	E	F	C	protein	N.A.	N.A.	N.A.	N.A.
7xik	N.A.	N.A.	0	auth_asym_id	H	L	A	protein	N.A.	N.A.	N.A.	N.A.
7xil	N.A.	N.A.	0	auth_asym_id	H	L	A	protein	N.A.	N.A.	N.A.	N.A.
7xj6	N.A.	N.A.	0	auth_asym_id	E	D	A	protein	N.A.	N.A.	N.A.	N.A.
7xj6	N.A.	N.A.	0	auth_asym_id	G	F	B	protein	N.A.	N.A.	N.A.	N.A.
7xj6	N.A.	N.A.	0	auth_asym_id	I	H	C	protein	N.A.	N.A.	N.A.	N.A.
7xj6	N.A.	N.A.	0	auth_asym_id	K	J	B	protein	N.A.	N.A.	N.A.	N.A.
7xj8	N.A.	N.A.	0	auth_asym_id	G	F	B	protein	N.A.	N.A.	N.A.	N.A.
7xj8	N.A.	N.A.	0	auth_asym_id	I	H	C	protein	N.A.	N.A.	N.A.	N.A.
7xj8	N.A.	N.A.	0	auth_asym_id	K	J	B	protein	N.A.	N.A.	N.A.	N.A.
7xj9	N.A.	N.A.	0	auth_asym_id	G	F	B	protein	N.A.	N.A.	N.A.	N.A.
7xj9	N.A.	N.A.	0	auth_asym_id	I	H	C	protein	N.A.	N.A.	N.A.	N.A.
7xj9	N.A.	N.A.	0	auth_asym_id	K	J	B	protein	N.A.	N.A.	N.A.	N.A.
7xjf	36593962	10.7150/thno.79367	0	auth_asym_id	A	B	C	protein	4160	SPR	298	N.A.
7xk9	37059717	10.1038/s41467-023-37808-y	0	auth_asym_id	B	N.A.	A	protein	N.A.	N.A.	N.A.	N.A.
7xka	37059717	10.1038/s41467-023-37808-y	0	auth_asym_id	B	N.A.	A	protein	N.A.	N.A.	N.A.	N.A.
7xld	37330175	10.1016/j.jbc.2023.104927	0	auth_asym_id	B	N.A.	A	protein	0.53	SPR	N.A.	important KD data paper
7xli	37330175	10.1016/j.jbc.2023.104927	0	auth_asym_id	B	N.A.	A	protein	0.25	SPR	N.A.	N.A.
7xmx	36075908	10.1038/s41421-022-00449-4	0	auth_asym_id	H	I	A	protein	N.A.	N.A.	N.A.	N.A.
7xmx	36075908	10.1038/s41421-022-00449-4	0	auth_asym_id	K	L	B	protein	N.A.	N.A.	N.A.	N.A.
7xmx	36075908	10.1038/s41421-022-00449-4	0	auth_asym_id	E	F	C	protein	N.A.	N.A.	N.A.	N.A.
7xmz	36075908	10.1038/s41421-022-00449-4	0	auth_asym_id	D	E	A	protein	N.A.	N.A.	N.A.	N.A.
7xmz	36075908	10.1038/s41421-022-00449-4	0	auth_asym_id	G	I	B	protein	N.A.	N.A.	N.A.	N.A.
7xmz	36075908	10.1038/s41421-022-00449-4	0	auth_asym_id	H	L	C	protein	N.A.	N.A.	N.A.	N.A.
7xnf	36493785	10.1016/j.celrep.2022.111831	0	auth_asym_id	H	L	A	protein	1795.75	SPR	298	N.A.
7xod	35641567	10.1038/s41422-022-00672-4	0	auth_asym_id	X	Y	A	protein	2.6	BLI	N.A.	N.A.
7xod	35641567	10.1038/s41422-022-00672-4	0	auth_asym_id	R	S	B	protein	2.6	BLI	N.A.	N.A.
7xod	35641567	10.1038/s41422-022-00672-4	0	auth_asym_id	U	V	C	protein	2.6	BLI	N.A.	N.A.
7xqv	35665664	10.1016/j.bbrc.2022.05.084	0	auth_asym_id	B	N.A.	A	protein	60.5	SPR	N.A.	N.A.
7xrz	37098908	10.1107/S205979832300311X	0	auth_asym_id	H	L	X	protein	N.A.	N.A.	N.A.	N.A.
7xrz	37098908	10.1107/S205979832300311X	0	auth_asym_id	B	A	Y	protein	N.A.	N.A.	N.A.	N.A.
7xs8	36914890	10.1038/s41590-023-01449-6	0	auth_asym_id	A	L	E	protein	N.A.	N.A.	N.A.	N.A.
7xsa	36914890	10.1038/s41590-023-01449-6	0	auth_asym_id	B	C	E	protein	N.A.	N.A.	N.A.	N.A.
7xsa	36914890	10.1038/s41590-023-01449-6	0	auth_asym_id	H	I	J	protein	N.A.	N.A.	N.A.	N.A.
7xsb	36914890	10.1038/s41590-023-01449-6	0	auth_asym_id	G	I	A	protein	N.A.	N.A.	N.A.	N.A.
7xsb	36914890	10.1038/s41590-023-01449-6	0	auth_asym_id	D	F	B	protein	N.A.	N.A.	N.A.	N.A.
7xsb	36914890	10.1038/s41590-023-01449-6	0	auth_asym_id	J	K	C	protein	N.A.	N.A.	N.A.	N.A.
7xsb	36914890	10.1038/s41590-023-01449-6	0	auth_asym_id	H	L	E	protein	N.A.	N.A.	N.A.	N.A.
7xsc	36914890	10.1038/s41590-023-01449-6	0	auth_asym_id	A	B	E	protein	N.A.	N.A.	N.A.	N.A.
7xsc	36914890	10.1038/s41590-023-01449-6	0	auth_asym_id	D	H	F	protein	N.A.	N.A.	N.A.	N.A.
7xst	36075908	10.1038/s41421-022-00449-4	0	auth_asym_id	D	E	A	protein	5.03	SPR	N.A.	N.A.
7xst	36075908	10.1038/s41421-022-00449-4	0	auth_asym_id	H	I	B	protein	5.03	SPR	N.A.	N.A.
7xst	36075908	10.1038/s41421-022-00449-4	0	auth_asym_id	L	M	C	protein	5.03	SPR	N.A.	N.A.
7xst	36075908	10.1038/s41421-022-00449-4	0	auth_asym_id	F	G	A	protein	0.00545	SPR	N.A.	N.A.
7xst	36075908	10.1038/s41421-022-00449-4	0	auth_asym_id	J	K	B	protein	0.00545	SPR	N.A.	N.A.
7xst	36075908	10.1038/s41421-022-00449-4	0	auth_asym_id	N	O	C	protein	0.00545	SPR	N.A.	N.A.
7xsw	36493785	10.1016/j.celrep.2022.111831	0	auth_asym_id	A	B	C	protein	0.39	SPR	298	N.A.
7xsw	36493785	10.1016/j.celrep.2022.111831	0	auth_asym_id	H	L	R	protein	0.39	SPR	298	N.A.
7xw6	35940204	10.1038/s41586-022-05173-3	0	auth_asym_id	N	N.A.	A;B	protein;protein	N.A.	N.A.	N.A.	N.A.
7xw6	35940204	10.1038/s41586-022-05173-3	0	auth_asym_id	Y	L	R	protein	N.A.	N.A.	N.A.	N.A.
7xw7	35940204	10.1038/s41586-022-05173-3	0	auth_asym_id	A	N.A.	R	protein	N.A.	N.A.	N.A.	N.A.
7xxl	36138032	10.1038/s41467-022-33284-y	0	auth_asym_id	A	C	B	protein	1.18	BLI	N.A.	N.A.
7xy3	N.A.	N.A.	0	auth_asym_id	D	N.A.	A	protein	N.A.	N.A.	N.A.	N.A.
7xy4	N.A.	N.A.	0	auth_asym_id	D	N.A.	A	protein	N.A.	N.A.	N.A.	N.A.
7xy4	N.A.	N.A.	0	auth_asym_id	E	N.A.	C	protein	N.A.	N.A.	N.A.	N.A.
7xy8	36385956	10.1155/2022/3552793	0	auth_asym_id	H	L	A	protein	8.6	SPR	N.A.	N.A.
7xy8	36385956	10.1155/2022/3552793	0	auth_asym_id	I	M	A;B	protein;protein	8.6	SPR	N.A.	N.A.
7y0c	36493787	10.1016/j.celrep.2022.111845	0	auth_asym_id	M	N	E	protein	N.A.	N.A.	N.A.	N.A.
7y0c	36493787	10.1016/j.celrep.2022.111845	0	auth_asym_id	A	B	R	protein	N.A.	N.A.	N.A.	N.A.
7y0n	N.A.	N.A.	0	auth_asym_id	E	J	A	protein	N.A.	N.A.	N.A.	N.A.
7y0n	N.A.	N.A.	0	auth_asym_id	C	L	B	protein	N.A.	N.A.	N.A.	N.A.
7y0n	N.A.	N.A.	0	auth_asym_id	F	K	D	protein	N.A.	N.A.	N.A.	N.A.
7y0n	N.A.	N.A.	0	auth_asym_id	G	N.A.	A	protein	N.A.	N.A.	N.A.	N.A.
7y0n	N.A.	N.A.	0	auth_asym_id	H	N.A.	B	protein	N.A.	N.A.	N.A.	N.A.
7y0n	N.A.	N.A.	0	auth_asym_id	I	N.A.	D	protein	N.A.	N.A.	N.A.	N.A.
7y0o	N.A.	N.A.	0	auth_asym_id	B	N.A.	A	protein	N.A.	N.A.	N.A.	N.A.
7y0o	N.A.	N.A.	0	auth_asym_id	H	L	A	protein	N.A.	N.A.	N.A.	N.A.
7y0v	36493787	10.1016/j.celrep.2022.111845	0	auth_asym_id	H	L	R	protein	N.A.	N.A.	N.A.	N.A.
7y0w	36493787	10.1016/j.celrep.2022.111845	0	auth_asym_id	A	B	R	protein	N.A.	N.A.	N.A.	N.A.
7y0w	36493787	10.1016/j.celrep.2022.111845	0	auth_asym_id	H	L	R	protein	N.A.	N.A.	N.A.	N.A.
7y1b	N.A.	N.A.	0	auth_asym_id	H	L	A	protein	N.A.	N.A.	N.A.	N.A.
7y3n	38109549	10.1073/pnas.2314193120	0	auth_asym_id	H	L	A	protein	N.A.	N.A.	N.A.	N.A.
7y3n	38109549	10.1073/pnas.2314193120	0	auth_asym_id	C	D	B	protein	N.A.	N.A.	N.A.	N.A.
7y3n	38109549	10.1073/pnas.2314193120	0	auth_asym_id	F	G	E	protein	N.A.	N.A.	N.A.	N.A.
7y3o	38109549	10.1073/pnas.2314193120	0	auth_asym_id	H	L	A	protein	N.A.	N.A.	N.A.	N.A.
7y58	37458117	10.15252/embj.2023113418	0	auth_asym_id	B	N.A.	A	protein	65	FACS	N.A.	N.A.
7y58	37458117	10.15252/embj.2023113418	0	auth_asym_id	C	N.A.	A	protein	100	FACS	N.A.	N.A.
7y6l	37288342	10.1016/j.isci.2023.106955	0	auth_asym_id	H	L	A	protein	<0.001	BLI	N.A.	N.A.
7y6n	37288342	10.1016/j.isci.2023.106955	0	auth_asym_id	H	L	A	protein	<0.001	BLI	N.A.	N.A.
7y7j	36726762	10.1093/procel/pwac042	0	auth_asym_id	E	D	A	protein	0.077	SPR	N.A.	N.A.
7y7k	36726762	10.1093/procel/pwac042	0	auth_asym_id	B	C	A	protein	0.077	SPR	N.A.	N.A.
7y9t	35917925	10.1038/s41586-022-05143-9	0	auth_asym_id	C	N.A.	A	protein	N.A.	N.A.	N.A.	N.A.
7y9t	35917925	10.1038/s41586-022-05143-9	0	auth_asym_id	D	N.A.	B	protein	N.A.	N.A.	N.A.	N.A.
7y9u	35917925	10.1038/s41586-022-05143-9	0	auth_asym_id	C	N.A.	A	protein	N.A.	N.A.	N.A.	N.A.
7y9u	35917925	10.1038/s41586-022-05143-9	0	auth_asym_id	D	N.A.	B	protein	N.A.	N.A.	N.A.	N.A.
7y9v	35917925	10.1038/s41586-022-05143-9	0	auth_asym_id	C	N.A.	A	protein	N.A.	N.A.	N.A.	N.A.
7y9v	35917925	10.1038/s41586-022-05143-9	0	auth_asym_id	D	N.A.	B	protein	N.A.	N.A.	N.A.	N.A.
7yad	36002453	10.1038/s41467-022-32665-7	0	auth_asym_id	C	D	E	protein	N.A.	N.A.	N.A.	N.A.
7yad	36002453	10.1038/s41467-022-32665-7	0	auth_asym_id	A	B	M	protein	N.A.	N.A.	N.A.	N.A.
7yag	36867705	10.1126/sciadv.add9742	0	auth_asym_id	C	N.A.	A	protein	N.A.	N.A.	N.A.	N.A.
7yah	36867705	10.1126/sciadv.add9742	0	auth_asym_id	C	N.A.	A	protein	N.A.	N.A.	N.A.	N.A.
7yai	36867705	10.1126/sciadv.add9742	0	auth_asym_id	C	N.A.	A	protein	N.A.	N.A.	N.A.	N.A.
7yaj	36867705	10.1126/sciadv.add9742	0	auth_asym_id	C	N.A.	A	protein	N.A.	N.A.	N.A.	N.A.
7yar	36626401	10.1371/journal.ppat.1010814	0	auth_asym_id	G	H	A;C	protein;protein	N.A.	N.A.	N.A.	CA trace only
7yar	36626401	10.1371/journal.ppat.1010814	0	auth_asym_id	K	L	B	protein	N.A.	N.A.	N.A.	CA trace only
7yar	36626401	10.1371/journal.ppat.1010814	0	auth_asym_id	I	M	C	protein	N.A.	N.A.	N.A.	CA trace only
7yc5	N.A.	10.1016/j.antiviral.2023.105576	0	auth_asym_id	H	E	A;B	protein;protein	N.A.	N.A.	N.A.	N.A.
7yc5	N.A.	10.1016/j.antiviral.2023.105576	0	auth_asym_id	G	D	A;C	protein;protein	N.A.	N.A.	N.A.	N.A.
7yc5	N.A.	10.1016/j.antiviral.2023.105576	0	auth_asym_id	I	F	B;C	protein;protein	N.A.	N.A.	N.A.	N.A.
7yck	36658148	10.1038/s41467-023-35949-8	0	auth_asym_id	C	D	A	protein	N.A.	BLI	N.A.	KD not determined due to avidity effects
7yck	36658148	10.1038/s41467-023-35949-8	0	auth_asym_id	E	F	B	protein	N.A.	BLI	N.A.	KD not determined due to avidity effects
7ycl	36658148	10.1038/s41467-023-35949-8	0	auth_asym_id	H	L	D	protein	N.A.	BLI	N.A.	KD not determined due to avidity effects
7ycl	36658148	10.1038/s41467-023-35949-8	0	auth_asym_id	A	B	R	protein	N.A.	BLI	N.A.	KD not determined due to avidity effects
7ycn	36658148	10.1038/s41467-023-35949-8	0	auth_asym_id	E	F	A	protein	N.A.	BLI	N.A.	KD not determined due to avidity effects
7ycn	36658148	10.1038/s41467-023-35949-8	0	auth_asym_id	C	D	B	protein	N.A.	BLI	N.A.	KD not determined due to avidity effects
7ycn	36658148	10.1038/s41467-023-35949-8	0	auth_asym_id	H	I	G	protein	N.A.	BLI	N.A.	KD not determined due to avidity effects
7ycn	36658148	10.1038/s41467-023-35949-8	0	auth_asym_id	K	L	J	protein	N.A.	BLI	N.A.	KD not determined due to avidity effects
7ycy	N.A.	N.A.	0	auth_asym_id	F	G	A	protein	N.A.	N.A.	N.A.	N.A.
7ycy	N.A.	N.A.	0	auth_asym_id	H	I	B	protein	N.A.	N.A.	N.A.	N.A.
7ycy	N.A.	N.A.	0	auth_asym_id	D	E	C	protein	N.A.	N.A.	N.A.	N.A.
7ycz	N.A.	N.A.	0	auth_asym_id	F	G	A	protein	N.A.	N.A.	N.A.	N.A.
7ycz	N.A.	N.A.	0	auth_asym_id	H	I	B	protein	N.A.	N.A.	N.A.	N.A.
7ycz	N.A.	N.A.	0	auth_asym_id	D	E	C	protein	N.A.	N.A.	N.A.	N.A.
7yd0	N.A.	N.A.	0	auth_asym_id	D	E	A	protein	N.A.	N.A.	N.A.	N.A.
7yd0	N.A.	N.A.	0	auth_asym_id	F	G	C	protein	N.A.	N.A.	N.A.	N.A.
7yd1	N.A.	N.A.	0	auth_asym_id	A	B	C	protein	N.A.	N.A.	N.A.	N.A.
7ydi	36151403	10.1038/s41564-022-01235-4	0	auth_asym_id	H	L	E	protein	0.8	BLI	298	N.A.
7yds	N.A.	N.A.	0	auth_asym_id	B	C	A	protein	N.A.	N.A.	N.A.	N.A.
7ye9	36151403	10.1038/s41564-022-01235-4	0	auth_asym_id	H	L	A	protein	0.8	BLI	298	N.A.
7ye9	36151403	10.1038/s41564-022-01235-4	0	auth_asym_id	N	O	B	protein	0.8	BLI	298	N.A.
7ye9	36151403	10.1038/s41564-022-01235-4	0	auth_asym_id	G	I	C	protein	0.8	BLI	298	N.A.
7yeg	36151403	10.1038/s41564-022-01235-4	0	auth_asym_id	H	L	A	protein	0.8	BLI	298	N.A.
7yeg	36151403	10.1038/s41564-022-01235-4	0	auth_asym_id	N	O	B	protein	0.8	BLI	298	N.A.
7yeg	36151403	10.1038/s41564-022-01235-4	0	auth_asym_id	G	I	C	protein	0.8	BLI	298	N.A.
7yfc	37863901	10.1038/s41467-023-42260-z	0	auth_asym_id	C	N.A.	A;B	protein;protein	N.A.	N.A.	N.A.	N.A.
7yfc	37863901	10.1038/s41467-023-42260-z	0	auth_asym_id	N	N.A.	A;B	protein;protein	N.A.	N.A.	N.A.	N.A.
7yfd	37863901	10.1038/s41467-023-42260-z	0	auth_asym_id	C	N.A.	A;B	protein;protein	N.A.	N.A.	N.A.	N.A.
7yfd	37863901	10.1038/s41467-023-42260-z	0	auth_asym_id	N	N.A.	A;B	protein;protein	N.A.	N.A.	N.A.	N.A.
7yh6	37452031	10.1038/s41467-023-39890-8	0	auth_asym_id	H	L	A	protein	0.0109	BLI	N.A.	N.A.
7yh7	37452031	10.1038/s41467-023-39890-8	0	auth_asym_id	V	U	A	protein	0.0109	BLI	N.A.	N.A.
7yh7	37452031	10.1038/s41467-023-39890-8	0	auth_asym_id	P	Q	B	protein	0.0109	BLI	N.A.	N.A.
7yh7	37452031	10.1038/s41467-023-39890-8	0	auth_asym_id	S	R	C	protein	0.0109	BLI	N.A.	N.A.
7yhk	36056024	10.1038/s41467-022-32926-5	0	auth_asym_id	F	H	A	protein	8.1	SPR	N.A.	N.A.
7yit	36906681	10.1038/s41467-023-37041-7	0	auth_asym_id	D	N.A.	A	protein	N.A.	N.A.	N.A.	N.A.
7yix	37422472	10.1038/s41467-023-39833-3	0	auth_asym_id	C	N.A.	A	protein	N.A.	N.A.	N.A.	N.A.
7yix	37422472	10.1038/s41467-023-39833-3	0	auth_asym_id	D	N.A.	B	protein	N.A.	N.A.	N.A.	N.A.
7yk4	36139048	10.3390/biom12091209	0	auth_asym_id	H	L	A	protein	4.39	BLI	N.A.	N.A.
7yk4	36139048	10.3390/biom12091209	0	auth_asym_id	I	M	B	protein	4.39	BLI	N.A.	N.A.
7ykj	36354024	10.1080/22221751.2022.2146538	0	auth_asym_id	A	D	C	protein	0.558	SPR	N.A.	N.A.
7ym8	37339967	10.1038/s41467-023-39310-x	0	auth_asym_id	D	N.A.	A	protein	N.A.	N.A.	N.A.	N.A.
7ymj	37339967	10.1038/s41467-023-39310-x	0	auth_asym_id	D	N.A.	A	protein	N.A.	N.A.	N.A.	N.A.
7yms	36543790	10.1038/s41467-022-35575-w	0	auth_asym_id	F	E	A	protein	0.35	BLI	N.A.	N.A.
7yow	37041231	10.1038/s42003-023-04782-6	0	auth_asym_id	B	A	C	protein	4641	BLI	N.A.	N.A.
7yow	37041231	10.1038/s42003-023-04782-6	0	auth_asym_id	H	L	R	protein	4641	BLI	N.A.	N.A.
7yoy	37992686	10.1016/j.xcrm.2023.101296	0	auth_asym_id	E	I	C	protein	0.39	SPR	303	N.A.
7yoy	37992686	10.1016/j.xcrm.2023.101296	0	auth_asym_id	F	J	C	protein	0.42	SPR	303	N.A.
7yp1	37992686	10.1016/j.xcrm.2023.101296	0	auth_asym_id	D	G	A;B	protein;protein	1.93	SPR	303	N.A.
7yp2	37992686	10.1016/j.xcrm.2023.101296	0	auth_asym_id	H	L	A	protein	6.83	SPR	303	N.A.
7yqx	36270286	10.1016/j.chom.2022.09.018	0	auth_asym_id	I	G	A	protein	1.1	SPR	N.A.	BA.2.75 Spike Trimer with S309 (state1)
7yqx	36270286	10.1016/j.chom.2022.09.018	0	auth_asym_id	H	F	B	protein	1.1	SPR	N.A.	BA.2.75 Spike Trimer with S309 (state1)
7yqy	36270286	10.1016/j.chom.2022.09.018	0	auth_asym_id	I	G	A	protein	1.1	SPR	N.A.	BA.2.75 Spike Trimer with S309 (state2)
7yqy	36270286	10.1016/j.chom.2022.09.018	0	auth_asym_id	H	F	B	protein	1.1	SPR	N.A.	BA.2.75 Spike Trimer with S309 (state2)
7yqy	36270286	10.1016/j.chom.2022.09.018	0	auth_asym_id	J	E	C	protein	1.1	SPR	N.A.	BA.2.75 Spike Trimer with S309 (state2)
7yqz	36270286	10.1016/j.chom.2022.09.018	0	auth_asym_id	I	G	A	protein	1.1	SPR	N.A.	BA.2.75 Spike Trimer with S309 (state3)
7yqz	36270286	10.1016/j.chom.2022.09.018	0	auth_asym_id	J	H	C	protein	1.1	SPR	N.A.	BA.2.75 Spike Trimer with S309 (state3)
7yr0	36270286	10.1016/j.chom.2022.09.018	0	auth_asym_id	C	B	A	protein	1.1	SPR	N.A.	BA.2.75 Spike Trimer with S309 (local)
7yr1	36270286	10.1016/j.chom.2022.09.018	0	auth_asym_id	H	L	A	protein	N.A.	N.A.	N.A.	BA.2.75 Spike Trimer with XG2v024
7yr1	36270286	10.1016/j.chom.2022.09.018	0	auth_asym_id	D	F	B	protein	N.A.	N.A.	N.A.	BA.2.75 Spike Trimer with XG2v024
7yr1	36270286	10.1016/j.chom.2022.09.018	0	auth_asym_id	E	G	C	protein	N.A.	N.A.	N.A.	BA.2.75 Spike Trimer with XG2v024
7yrf	36543790	10.1038/s41467-022-35575-w	0	auth_asym_id	F	E	C	protein	7.34	BLI	N.A.	N.A.
7yrh	36543790	10.1038/s41467-022-35575-w	0	auth_asym_id	F	E	A	protein	0.35	BLI	N.A.	N.A.
7yru	37231012	10.1038/s41467-023-38746-5	0	auth_asym_id	H	L	A	protein	5.6	SPR	N.A.	N.A.
7ytn	36466915	10.3389/fimmu.2022.1049867	0	auth_asym_id	H	L	C	protein	9.4	BLI	N.A.	KD from DOI: 10.1080/19420862.2021.2021601
7yub	38123825	10.1038/s41422-023-00913-0	0	auth_asym_id	N	N.A.	R	protein	N.A.	N.A.	N.A.	N.A.
7yud	38123825	10.1038/s41422-023-00913-0	0	auth_asym_id	N	N.A.	R	protein	N.A.	N.A.	N.A.	N.A.
7yuf	38123825	10.1038/s41422-023-00913-0	0	auth_asym_id	N	N.A.	R	protein	N.A.	N.A.	N.A.	N.A.
7yv1	37874670	10.1021/jacs.3c07145	0	auth_asym_id	H	L	A	protein	N.A.	N.A.	N.A.	N.A.
7yve	37322000	10.1038/s41467-023-39267-x	0	auth_asym_id	L	K	A	protein	1.86	SPR	N.A.	N.A.
7yve	37322000	10.1038/s41467-023-39267-x	0	auth_asym_id	O	N	B	protein	1.86	SPR	N.A.	N.A.
7yve	37322000	10.1038/s41467-023-39267-x	0	auth_asym_id	I	H	C	protein	1.86	SPR	N.A.	N.A.
7yvf	37322000	10.1038/s41467-023-39267-x	0	auth_asym_id	C	A	B	protein	0.752	SPR	N.A.	N.A.
7yvg	37322000	10.1038/s41467-023-39267-x	0	auth_asym_id	M	L	A	protein	0.00171	SPR	N.A.	N.A.
7yvg	37322000	10.1038/s41467-023-39267-x	0	auth_asym_id	I	H	B	protein	0.00171	SPR	N.A.	N.A.
7yvg	37322000	10.1038/s41467-023-39267-x	0	auth_asym_id	K	J	C	protein	0.00171	SPR	N.A.	N.A.
7yvh	37322000	10.1038/s41467-023-39267-x	0	auth_asym_id	C	A	B	protein	0.484	SPR	N.A.	N.A.
7yvi	37322000	10.1038/s41467-023-39267-x	0	auth_asym_id	J	H	A	protein	0.602	SPR	N.A.	N.A.
7yvi	37322000	10.1038/s41467-023-39267-x	0	auth_asym_id	O	N	B	protein	0.602	SPR	N.A.	N.A.
7yvi	37322000	10.1038/s41467-023-39267-x	0	auth_asym_id	K	I	C	protein	0.602	SPR	N.A.	N.A.
7yvj	37322000	10.1038/s41467-023-39267-x	0	auth_asym_id	C	A	B	protein	0.621	SPR	N.A.	N.A.
7yvk	37322000	10.1038/s41467-023-39267-x	0	auth_asym_id	N	O	A	protein	0.000976	SPR	N.A.	N.A.
7yvk	37322000	10.1038/s41467-023-39267-x	0	auth_asym_id	H	I	B	protein	0.000976	SPR	N.A.	N.A.
7yvk	37322000	10.1038/s41467-023-39267-x	0	auth_asym_id	K	L	C	protein	0.000976	SPR	N.A.	N.A.
7yvl	37322000	10.1038/s41467-023-39267-x	0	auth_asym_id	A	C	B	protein	0.045	SPR	N.A.	N.A.
7yvm	37322000	10.1038/s41467-023-39267-x	0	auth_asym_id	C	A	B	protein	0.00781	SPR	N.A.	N.A.
7yvn	37322000	10.1038/s41467-023-39267-x	0	auth_asym_id	L	K	A	protein	0.199	SPR	N.A.	N.A.
7yvn	37322000	10.1038/s41467-023-39267-x	0	auth_asym_id	I	H	B	protein	0.199	SPR	N.A.	N.A.
7yvn	37322000	10.1038/s41467-023-39267-x	0	auth_asym_id	O	N	C	protein	0.199	SPR	N.A.	N.A.
7yvo	37322000	10.1038/s41467-023-39267-x	0	auth_asym_id	I	H	A	protein	0.00171	SPR	N.A.	N.A.
7yvo	37322000	10.1038/s41467-023-39267-x	0	auth_asym_id	K	J	C	protein	0.00171	SPR	N.A.	N.A.
7yvo	37322000	10.1038/s41467-023-39267-x	0	auth_asym_id	M	L	A	protein	1.86	SPR	N.A.	N.A.
7yvo	37322000	10.1038/s41467-023-39267-x	0	auth_asym_id	O	N	C	protein	1.86	SPR	N.A.	N.A.
7yvp	37322000	10.1038/s41467-023-39267-x	0	auth_asym_id	I	J	A	protein	0.000976	SPR	N.A.	N.A.
7yvp	37322000	10.1038/s41467-023-39267-x	0	auth_asym_id	L	M	C	protein	0.000976	SPR	N.A.	N.A.
7yvp	37322000	10.1038/s41467-023-39267-x	0	auth_asym_id	K	H	A	protein	0.199	SPR	N.A.	N.A.
7yvp	37322000	10.1038/s41467-023-39267-x	0	auth_asym_id	P	O	C	protein	0.199	SPR	N.A.	N.A.
7yxu	36343381	10.1158/1535-7163.MCT-22-0395	0	auth_asym_id	H	L	A	protein	N.A.	N.A.	N.A.	N.A.
7yz9	35980026	10.7554/eLife.77032	0	auth_asym_id	B	N.A.	A	protein	N.A.	N.A.	N.A.	N.A.
7yzi	35980026	10.7554/eLife.77032	0	auth_asym_id	D	N.A.	A	protein	N.A.	N.A.	N.A.	N.A.
7yzi	35980026	10.7554/eLife.77032	0	auth_asym_id	E	N.A.	A;B	protein;protein	N.A.	N.A.	N.A.	N.A.
7yzi	35980026	10.7554/eLife.77032	0	auth_asym_id	C	N.A.	B	protein	N.A.	N.A.	N.A.	N.A.
7yzk	35980026	10.7554/eLife.77032	0	auth_asym_id	D	N.A.	A	protein	N.A.	N.A.	N.A.	N.A.
7yzk	35980026	10.7554/eLife.77032	0	auth_asym_id	C	N.A.	B	protein	N.A.	N.A.	N.A.	N.A.
7z0x	35482816	10.1371/journal.ppat.1010465	0	auth_asym_id	H	L	R	protein	0.255	BLI	303	N.A.
7z0y	35482816	10.1371/journal.ppat.1010465	0	auth_asym_id	H	L	R	protein	0.196	BLI	303	N.A.
7z12	36383559	10.1371/journal.ppat.1010924	0	auth_asym_id	B	C	A	protein	12	ELISA	N.A.	N.A.
7z1a	35858383	10.1073/pnas.2205412119	0	auth_asym_id	B	N.A.	A	protein	N.A.	N.A.	N.A.	N.A.
7z1a	35858383	10.1073/pnas.2205412119	0	auth_asym_id	D	N.A.	C	protein	N.A.	N.A.	N.A.	N.A.
7z1a	35858383	10.1073/pnas.2205412119	0	auth_asym_id	F	N.A.	A	protein	930	ITC	298	important KD data paper
7z1a	35858383	10.1073/pnas.2205412119	0	auth_asym_id	E	N.A.	C	protein	930	ITC	298	important KD data paper
7z1b	35858383	10.1073/pnas.2205412119	0	auth_asym_id	B	N.A.	A	protein	N.A.	N.A.	N.A.	N.A.
7z1b	35858383	10.1073/pnas.2205412119	0	auth_asym_id	D	N.A.	C	protein	N.A.	N.A.	N.A.	N.A.
7z1b	35858383	10.1073/pnas.2205412119	0	auth_asym_id	F	N.A.	A	protein	60	ITC	298	KD = 9.25 nM by SPR
7z1b	35858383	10.1073/pnas.2205412119	0	auth_asym_id	E	N.A.	C	protein	60	ITC	298	KD = 9.25 nM by SPR
7z1c	35858383	10.1073/pnas.2205412119	0	auth_asym_id	B	N.A.	A	protein	N.A.	N.A.	N.A.	N.A.
7z1c	35858383	10.1073/pnas.2205412119	0	auth_asym_id	D	N.A.	C	protein	N.A.	N.A.	N.A.	N.A.
7z1c	35858383	10.1073/pnas.2205412119	0	auth_asym_id	F	N.A.	A	protein	53	ITC	298	KD = 8.18 nM by SPR
7z1c	35858383	10.1073/pnas.2205412119	0	auth_asym_id	E	N.A.	C	protein	53	ITC	298	KD = 8.18 nM by SPR
7z1d	35858383	10.1073/pnas.2205412119	0	label_asym_id	B	N.A.	A	protein	57	ITC	298	KD = 8.20 nM by SPR
7z1e	35858383	10.1073/pnas.2205412119	0	label_asym_id	B	N.A.	A	protein	18	ITC	298	KD = 4.54 nM by SPR
7z1x	38040708	10.1038/s41467-023-43707-z	0	auth_asym_id	B	N.A.	A	protein	0.64	SPR	298	N.A.
7z1x	38040708	10.1038/s41467-023-43707-z	0	auth_asym_id	E	N.A.	D	protein	0.64	SPR	298	N.A.
7z1x	38040708	10.1038/s41467-023-43707-z	0	auth_asym_id	C	N.A.	A	protein	143	SPR	298	N.A.
7z1x	38040708	10.1038/s41467-023-43707-z	0	auth_asym_id	F	N.A.	D	protein	143	SPR	298	N.A.
7z2m	37773269	10.1038/s42003-023-05369-x	0	auth_asym_id	D	C	G;I	protein;protein	0.935	SPR	N.A.	Ab mutations
7z2m	37773269	10.1038/s42003-023-05369-x	0	auth_asym_id	H	L	I	protein	0.935	SPR	N.A.	Ab mutations
7z2m	37773269	10.1038/s42003-023-05369-x	0	auth_asym_id	F	E	J	protein	0.935	SPR	N.A.	Ab mutations
7z2m	37773269	10.1038/s42003-023-05369-x	0	auth_asym_id	B	A	K	protein	0.935	SPR	N.A.	Ab mutations
7z4t	37773269	10.1038/s42003-023-05369-x	0	auth_asym_id	H	L	I	protein	N.A.	N.A.	N.A.	N.A.
7z6v	35858383	10.1073/pnas.2205412119	0	auth_asym_id	X	N.A.	A	protein	820	ITC	298	N.A.
7z6v	35858383	10.1073/pnas.2205412119	0	auth_asym_id	Y	N.A.	B	protein	820	ITC	298	N.A.
7z6v	35858383	10.1073/pnas.2205412119	0	auth_asym_id	Z	N.A.	C	protein	820	ITC	298	N.A.
7z7x	35858383	10.1073/pnas.2205412119	0	auth_asym_id	D	N.A.	A	protein	N.A.	N.A.	N.A.	N.A.
7z7x	35858383	10.1073/pnas.2205412119	0	auth_asym_id	E	N.A.	B	protein	N.A.	N.A.	N.A.	N.A.
7z7x	35858383	10.1073/pnas.2205412119	0	auth_asym_id	F	N.A.	C	protein	N.A.	N.A.	N.A.	N.A.
7z85	35858383	10.1073/pnas.2205412119	0	auth_asym_id	D	N.A.	A	protein	N.A.	N.A.	N.A.	N.A.
7z85	35858383	10.1073/pnas.2205412119	0	auth_asym_id	E	N.A.	B	protein	N.A.	N.A.	N.A.	N.A.
7z85	35858383	10.1073/pnas.2205412119	0	auth_asym_id	F	N.A.	C	protein	N.A.	N.A.	N.A.	N.A.
7z86	35858383	10.1073/pnas.2205412119	0	auth_asym_id	X	N.A.	A	protein	21	ITC	298	N.A.
7z86	35858383	10.1073/pnas.2205412119	0	auth_asym_id	Y	N.A.	B	protein	21	ITC	298	N.A.
7z86	35858383	10.1073/pnas.2205412119	0	auth_asym_id	Z	N.A.	C	protein	21	ITC	298	N.A.
7z9q	35858383	10.1073/pnas.2205412119	0	auth_asym_id	E	N.A.	A	protein	N.A.	N.A.	N.A.	N.A.
7z9q	35858383	10.1073/pnas.2205412119	0	auth_asym_id	F	N.A.	B	protein	N.A.	N.A.	N.A.	N.A.
7z9q	35858383	10.1073/pnas.2205412119	0	auth_asym_id	D	N.A.	C	protein	N.A.	N.A.	N.A.	N.A.
7z9r	35858383	10.1073/pnas.2205412119	0	auth_asym_id	X	N.A.	A	protein	21	ITC	298	N.A.
7z9r	35858383	10.1073/pnas.2205412119	0	auth_asym_id	Y	N.A.	B	protein	21	ITC	298	N.A.
7z9r	35858383	10.1073/pnas.2205412119	0	auth_asym_id	Z	N.A.	C	protein	21	ITC	298	N.A.
7zau	38503329	10.1098/rsob.230376	0	auth_asym_id	B	N.A.	A	protein	25	ELISA	N.A.	N.A.
7zau	38503329	10.1098/rsob.230376	0	auth_asym_id	D	N.A.	C	protein	25	ELISA	N.A.	N.A.
7zau	38503329	10.1098/rsob.230376	0	auth_asym_id	F	N.A.	E	protein	25	ELISA	N.A.	N.A.
7zau	38503329	10.1098/rsob.230376	0	auth_asym_id	H	N.A.	G	protein	25	ELISA	N.A.	N.A.
7zbu	35981534	10.1016/j.celrep.2022.111276	0	auth_asym_id	H	L	A	protein	N.A.	N.A.	N.A.	N.A.
7zce	36114671	10.1016/j.ymthe.2022.09.010	0	auth_asym_id	G	N.A.	A	protein	N.A.	N.A.	N.A.	N.A.
7zce	36114671	10.1016/j.ymthe.2022.09.010	0	auth_asym_id	F	N.A.	B	protein	N.A.	N.A.	N.A.	N.A.
7zce	36114671	10.1016/j.ymthe.2022.09.010	0	auth_asym_id	E	N.A.	C	protein	N.A.	N.A.	N.A.	N.A.
7zcf	36114671	10.1016/j.ymthe.2022.09.010	0	auth_asym_id	E	N.A.	C	protein	N.A.	N.A.	N.A.	N.A.
7zf3	35662412	10.1016/j.cell.2022.05.014	0	auth_asym_id	A	B	E	protein	1.3	SPR	298	N.A.
7zf3	35662412	10.1016/j.cell.2022.05.014	0	auth_asym_id	H	L	E	protein	N.A.	N.A.	N.A.	N.A.
7zf4	35662412	10.1016/j.cell.2022.05.014	0	auth_asym_id	F	N.A.	E	protein	N.A.	N.A.	N.A.	N.A.
7zf4	35662412	10.1016/j.cell.2022.05.014	0	auth_asym_id	H	L	E	protein	0.99	SPR	298	N.A.
7zf5	35662412	10.1016/j.cell.2022.05.014	0	auth_asym_id	G	I	A	protein	0.13	SPR	298	N.A.
7zf5	35662412	10.1016/j.cell.2022.05.014	0	auth_asym_id	D	F	E	protein	0.13	SPR	298	N.A.
7zf5	35662412	10.1016/j.cell.2022.05.014	0	auth_asym_id	B	C	A	protein	N.A.	N.A.	N.A.	N.A.
7zf5	35662412	10.1016/j.cell.2022.05.014	0	auth_asym_id	H	L	E	protein	N.A.	N.A.	N.A.	N.A.
7zf8	35662412	10.1016/j.cell.2022.05.014	0	auth_asym_id	H	L	E	protein	N.A.	N.A.	N.A.	N.A.
7zf9	35662412	10.1016/j.cell.2022.05.014	0	auth_asym_id	A	B	C	protein	N.A.	N.A.	N.A.	N.A.
7zf9	35662412	10.1016/j.cell.2022.05.014	0	auth_asym_id	H	L	E	protein	N.A.	N.A.	N.A.	N.A.
7zfa	35662412	10.1016/j.cell.2022.05.014	0	auth_asym_id	H	L	A	protein	0.8	SPR	298	N.A.
7zfa	35662412	10.1016/j.cell.2022.05.014	0	auth_asym_id	E	F	B	protein	0.8	SPR	298	N.A.
7zfa	35662412	10.1016/j.cell.2022.05.014	0	auth_asym_id	J	K	C	protein	0.8	SPR	298	N.A.
7zfa	35662412	10.1016/j.cell.2022.05.014	0	auth_asym_id	M	N	D	protein	0.8	SPR	298	N.A.
7zfa	35662412	10.1016/j.cell.2022.05.014	0	auth_asym_id	Q	R	A	protein	N.A.	N.A.	N.A.	N.A.
7zfa	35662412	10.1016/j.cell.2022.05.014	0	auth_asym_id	O	P	B	protein	N.A.	N.A.	N.A.	N.A.
7zfa	35662412	10.1016/j.cell.2022.05.014	0	auth_asym_id	X	Y	C	protein	N.A.	N.A.	N.A.	N.A.
7zfa	35662412	10.1016/j.cell.2022.05.014	0	auth_asym_id	S	T	D	protein	N.A.	N.A.	N.A.	N.A.
7zfb	35662412	10.1016/j.cell.2022.05.014	0	auth_asym_id	A	B	E	protein	N.A.	N.A.	N.A.	N.A.
7zfb	35662412	10.1016/j.cell.2022.05.014	0	auth_asym_id	C	D	F	protein	N.A.	N.A.	N.A.	N.A.
7zfb	35662412	10.1016/j.cell.2022.05.014	0	auth_asym_id	H	L	E	protein	N.A.	N.A.	N.A.	N.A.
7zfb	35662412	10.1016/j.cell.2022.05.014	0	auth_asym_id	J	K	F	protein	N.A.	N.A.	N.A.	N.A.
7zfb	35662412	10.1016/j.cell.2022.05.014	0	auth_asym_id	M	N.A.	E	protein	N.A.	N.A.	N.A.	N.A.
7zfb	35662412	10.1016/j.cell.2022.05.014	0	auth_asym_id	N	N.A.	F	protein	N.A.	N.A.	N.A.	N.A.
7zfc	35662412	10.1016/j.cell.2022.05.014	0	auth_asym_id	A	B	E	protein	N.A.	N.A.	N.A.	N.A.
7zfc	35662412	10.1016/j.cell.2022.05.014	0	auth_asym_id	H	L	E	protein	N.A.	N.A.	N.A.	N.A.
7zfc	35662412	10.1016/j.cell.2022.05.014	0	auth_asym_id	M	N.A.	E	protein	N.A.	N.A.	N.A.	N.A.
7zfd	35662412	10.1016/j.cell.2022.05.014	0	auth_asym_id	H	L	E	protein	N.A.	N.A.	N.A.	N.A.
7zfd	35662412	10.1016/j.cell.2022.05.014	0	auth_asym_id	A	B	F	protein	N.A.	N.A.	N.A.	N.A.
7zfe	35662412	10.1016/j.cell.2022.05.014	0	auth_asym_id	W	N.A.	A	protein	N.A.	N.A.	N.A.	N.A.
7zfe	35662412	10.1016/j.cell.2022.05.014	0	auth_asym_id	X	N.A.	B	protein	N.A.	N.A.	N.A.	N.A.
7zfe	35662412	10.1016/j.cell.2022.05.014	0	auth_asym_id	Y	N.A.	C	protein	N.A.	N.A.	N.A.	N.A.
7zfe	35662412	10.1016/j.cell.2022.05.014	0	auth_asym_id	Z	N.A.	E	protein	N.A.	N.A.	N.A.	N.A.
7zfe	35662412	10.1016/j.cell.2022.05.014	0	auth_asym_id	J	K	A	protein	N.A.	N.A.	N.A.	N.A.
7zfe	35662412	10.1016/j.cell.2022.05.014	0	auth_asym_id	F	G	B	protein	N.A.	N.A.	N.A.	N.A.
7zfe	35662412	10.1016/j.cell.2022.05.014	0	auth_asym_id	M	N	C	protein	N.A.	N.A.	N.A.	N.A.
7zfe	35662412	10.1016/j.cell.2022.05.014	0	auth_asym_id	H	L	E	protein	N.A.	N.A.	N.A.	N.A.
7zjl	N.A.	N.A.	0	auth_asym_id	h	g	A	protein	N.A.	N.A.	N.A.	N.A.
7zjl	N.A.	N.A.	0	auth_asym_id	j	i	B	protein	N.A.	N.A.	N.A.	N.A.
7zjl	N.A.	N.A.	0	auth_asym_id	l	k	C	protein	N.A.	N.A.	N.A.	N.A.
7zk1	35977944	10.1038/s41467-022-32589-2	0	auth_asym_id	B	N.A.	A	protein	90	BLI	N.A.	N.A.
7zk1	35977944	10.1038/s41467-022-32589-2	0	auth_asym_id	C	N.A.	A	protein	760	BLI	N.A.	N.A.
7zkw	35977944	10.1038/s41467-022-32589-2	0	auth_asym_id	C	N.A.	A	protein	N.A.	N.A.	N.A.	N.A.
7zkw	35977944	10.1038/s41467-022-32589-2	0	auth_asym_id	D	N.A.	B	protein	N.A.	N.A.	N.A.	N.A.
7zkz	35977944	10.1038/s41467-022-32589-2	0	auth_asym_id	B	N.A.	A	protein	90	BLI	N.A.	N.A.
7zkz	35977944	10.1038/s41467-022-32589-2	0	auth_asym_id	C	N.A.	A	protein	189	BLI	N.A.	N.A.
7zlg	36604564	10.1038/s41589-022-01219-9	0	auth_asym_id	H	L	A	protein	N.A.	N.A.	N.A.	N.A.
7zlh	36604564	10.1038/s41589-022-01219-9	0	auth_asym_id	H	L	A	protein	N.A.	N.A.	N.A.	N.A.
7zli	36604564	10.1038/s41589-022-01219-9	0	auth_asym_id	H	L	A	protein	N.A.	N.A.	N.A.	N.A.
7zlj	36604564	10.1038/s41589-022-01219-9	0	auth_asym_id	H	L	A	protein	N.A.	N.A.	N.A.	N.A.
7zlk	36395347	10.1371/journal.ppat.1010945	0	auth_asym_id	S	T	C;E	protein;protein	5.55	BLI	N.A.	N.A.
7zlk	36395347	10.1371/journal.ppat.1010945	0	auth_asym_id	M	N	D;F	protein;protein	5.55	BLI	N.A.	N.A.
7zlk	36395347	10.1371/journal.ppat.1010945	0	auth_asym_id	Q	R	C	protein	N.A.	N.A.	N.A.	N.A.
7zlk	36395347	10.1371/journal.ppat.1010945	0	auth_asym_id	H	L	D	protein	N.A.	N.A.	N.A.	N.A.
7zmk	39863929	10.1016/j.ymthe.2025.01.038	0	auth_asym_id	E	F	A	protein	N.A.	N.A.	N.A.	N.A.
7zmk	39863929	10.1016/j.ymthe.2025.01.038	0	auth_asym_id	B	C	D	protein	N.A.	N.A.	N.A.	N.A.
7zmk	39863929	10.1016/j.ymthe.2025.01.038	0	auth_asym_id	G	H	I	protein	N.A.	N.A.	N.A.	N.A.
7zmk	39863929	10.1016/j.ymthe.2025.01.038	0	auth_asym_id	J	K	L	protein	N.A.	N.A.	N.A.	N.A.
7zmk	39863929	10.1016/j.ymthe.2025.01.038	0	auth_asym_id	M	N	O	protein	N.A.	N.A.	N.A.	N.A.
7zmk	39863929	10.1016/j.ymthe.2025.01.038	0	auth_asym_id	P	Q	R	protein	N.A.	N.A.	N.A.	N.A.
7zmk	39863929	10.1016/j.ymthe.2025.01.038	0	auth_asym_id	S	T	U	protein	N.A.	N.A.	N.A.	N.A.
7zmk	39863929	10.1016/j.ymthe.2025.01.038	0	auth_asym_id	V	W	X	protein	N.A.	N.A.	N.A.	N.A.
7zml	N.A.	N.A.	0	auth_asym_id	F	N.A.	A	protein	N.A.	N.A.	N.A.	N.A.
7zml	N.A.	N.A.	0	auth_asym_id	E	N.A.	B	protein	N.A.	N.A.	N.A.	N.A.
7zml	N.A.	N.A.	0	auth_asym_id	K	N.A.	C	protein	N.A.	N.A.	N.A.	N.A.
7zml	N.A.	N.A.	0	auth_asym_id	G	N.A.	D	protein	N.A.	N.A.	N.A.	N.A.
7zmm	N.A.	N.A.	0	auth_asym_id	K	N.A.	A	protein	N.A.	N.A.	N.A.	N.A.
7zmm	N.A.	N.A.	0	auth_asym_id	F	N.A.	B	protein	N.A.	N.A.	N.A.	N.A.
7zmm	N.A.	N.A.	0	auth_asym_id	E	N.A.	C	protein	N.A.	N.A.	N.A.	N.A.
7zmm	N.A.	N.A.	0	auth_asym_id	G	N.A.	D	protein	N.A.	N.A.	N.A.	N.A.
7zmn	N.A.	N.A.	0	auth_asym_id	C	N.A.	A	protein	N.A.	N.A.	N.A.	N.A.
7zmn	N.A.	N.A.	0	auth_asym_id	K	N.A.	B	protein	N.A.	N.A.	N.A.	N.A.
7zmo	N.A.	N.A.	0	auth_asym_id	K	N.A.	A	protein	N.A.	N.A.	N.A.	N.A.
7zmo	N.A.	N.A.	0	auth_asym_id	C	N.A.	B	protein	N.A.	N.A.	N.A.	N.A.
7zmp	N.A.	N.A.	0	auth_asym_id	C	N.A.	A	protein	N.A.	N.A.	N.A.	N.A.
7zmp	N.A.	N.A.	0	auth_asym_id	K	N.A.	B	protein	N.A.	N.A.	N.A.	N.A.
7zmq	N.A.	N.A.	0	auth_asym_id	K	N.A.	A	protein	N.A.	N.A.	N.A.	N.A.
7zmq	N.A.	N.A.	0	auth_asym_id	C	N.A.	B	protein	N.A.	N.A.	N.A.	N.A.
7zmr	N.A.	N.A.	0	auth_asym_id	K	N.A.	A	protein	N.A.	N.A.	N.A.	N.A.
7zmr	N.A.	N.A.	0	auth_asym_id	C	N.A.	B	protein	N.A.	N.A.	N.A.	N.A.
7zms	N.A.	N.A.	0	auth_asym_id	K	N.A.	A	protein	N.A.	N.A.	N.A.	N.A.
7zmt	N.A.	N.A.	0	auth_asym_id	C	N.A.	A	protein	N.A.	N.A.	N.A.	N.A.
7zmt	N.A.	N.A.	0	auth_asym_id	K	N.A.	B	protein	N.A.	N.A.	N.A.	N.A.
7zmv	N.A.	N.A.	0	auth_asym_id	G	N.A.	A	protein	N.A.	N.A.	N.A.	N.A.
7zmv	N.A.	N.A.	0	auth_asym_id	F	N.A.	B	protein	N.A.	N.A.	N.A.	N.A.
7zmv	N.A.	N.A.	0	auth_asym_id	K	N.A.	C	protein	N.A.	N.A.	N.A.	N.A.
7zmv	N.A.	N.A.	0	auth_asym_id	E	N.A.	D	protein	N.A.	N.A.	N.A.	N.A.
7zox	38649536	10.1038/s44318-024-00081-w	0	auth_asym_id	B	N.A.	A	protein	<0.01	BLI	298	N.A.
7zox	38649536	10.1038/s44318-024-00081-w	0	auth_asym_id	C	N.A.	A	protein	0.004	BLI	298	N.A.
7zoz	37311743	10.1038/s41467-023-39119-8	0	auth_asym_id	H	L	A	protein	4.68	BLI	N.A.	N.A.
7zqt	N.A.	N.A.	0	auth_asym_id	B	N.A.	A	protein	N.A.	N.A.	N.A.	N.A.
7zqt	N.A.	N.A.	0	auth_asym_id	F	N.A.	E	protein	N.A.	N.A.	N.A.	N.A.
7zqt	N.A.	N.A.	0	auth_asym_id	C	D	A	protein	N.A.	N.A.	N.A.	N.A.
7zqt	N.A.	N.A.	0	auth_asym_id	G	H	E	protein	N.A.	N.A.	N.A.	N.A.
7zr7	35662412	10.1016/j.cell.2022.05.014	0	auth_asym_id	D	E	A	protein	N.A.	N.A.	N.A.	N.A.
7zr7	35662412	10.1016/j.cell.2022.05.014	0	auth_asym_id	H	L	B	protein	N.A.	N.A.	N.A.	N.A.
7zr7	35662412	10.1016/j.cell.2022.05.014	0	auth_asym_id	F	G	C	protein	N.A.	N.A.	N.A.	N.A.
7zr8	35662412	10.1016/j.cell.2022.05.014	0	auth_asym_id	H	L	A	protein	N.A.	N.A.	N.A.	N.A.
7zr9	35662412	10.1016/j.cell.2022.05.014	0	auth_asym_id	H	L	A	protein	N.A.	N.A.	N.A.	N.A.
7zr9	35662412	10.1016/j.cell.2022.05.014	0	auth_asym_id	F	G	B	protein	N.A.	N.A.	N.A.	N.A.
7zr9	35662412	10.1016/j.cell.2022.05.014	0	auth_asym_id	D	E	C	protein	N.A.	N.A.	N.A.	N.A.
7zra	36240773	10.1016/j.str.2022.09.004	0	auth_asym_id	G	N.A.	A	protein	50	fluorescence polarization	303	N.A.
7zra	36240773	10.1016/j.str.2022.09.004	0	auth_asym_id	H	N.A.	B;D	protein;protein	50	fluorescence polarization	303	N.A.
7zra	36240773	10.1016/j.str.2022.09.004	0	auth_asym_id	E	N.A.	C;D	protein;protein	50	fluorescence polarization	303	N.A.
7zra	36240773	10.1016/j.str.2022.09.004	0	auth_asym_id	F	N.A.	C;D	protein;protein	50	fluorescence polarization	303	N.A.
7zrc	35662412	10.1016/j.cell.2022.05.014	0	auth_asym_id	J	K	A	protein	N.A.	N.A.	N.A.	N.A.
7zrc	35662412	10.1016/j.cell.2022.05.014	0	auth_asym_id	F	G	B	protein	N.A.	N.A.	N.A.	N.A.
7zrc	35662412	10.1016/j.cell.2022.05.014	0	auth_asym_id	H	L	C	protein	N.A.	N.A.	N.A.	N.A.
7zw1	36351012	10.1126/sciadv.add3677	0	auth_asym_id	C	N.A.	B	protein	N.A.	N.A.	N.A.	N.A.
7zwf	36153317	10.1038/s41467-022-33379-6	0	auth_asym_id	B	N.A.	A	protein	N.A.	N.A.	N.A.	N.A.
7zwi	36153317	10.1038/s41467-022-33379-6	0	auth_asym_id	B	C	A	protein	4.1	SPR	N.A.	N.A.
7zwi	36153317	10.1038/s41467-022-33379-6	0	auth_asym_id	E	F	D	protein	4.1	SPR	N.A.	N.A.
7zwm	36153317	10.1038/s41467-022-33379-6	0	auth_asym_id	B	C	A	protein	4.1	SPR	N.A.	N.A.
7zwm	36153317	10.1038/s41467-022-33379-6	0	auth_asym_id	G	H	F	protein	4.1	SPR	N.A.	N.A.
7zwm	36153317	10.1038/s41467-022-33379-6	0	auth_asym_id	D	E	A	protein	35.8	SPR	N.A.	N.A.
7zwm	36153317	10.1038/s41467-022-33379-6	0	auth_asym_id	I	J	F	protein	35.8	SPR	N.A.	N.A.
7zxf	36153317	10.1038/s41467-022-33379-6	0	auth_asym_id	B	C	A	protein	1.34	SPR	N.A.	N.A.
7zxf	36153317	10.1038/s41467-022-33379-6	0	auth_asym_id	D	E	A	protein	35.8	SPR	N.A.	N.A.
7zxg	36153317	10.1038/s41467-022-33379-6	0	auth_asym_id	B	C	A	protein	35.8	SPR	N.A.	N.A.
7zxg	36153317	10.1038/s41467-022-33379-6	0	auth_asym_id	E	F	D	protein	35.8	SPR	N.A.	N.A.
7zxk	36261006	10.1016/j.celrep.2022.111490	0	auth_asym_id	J	I	A	protein	0.00386	BLI	N.A.	N.A.
7zxk	36261006	10.1016/j.celrep.2022.111490	0	auth_asym_id	H	L	C	protein	0.00386	BLI	N.A.	N.A.
7zxu	35772405	10.1016/j.cell.2022.06.005	0	auth_asym_id	A	N.A.	E	protein	N.A.	N.A.	N.A.	N.A.
7zxu	35772405	10.1016/j.cell.2022.06.005	0	auth_asym_id	H	L	E	protein	N.A.	N.A.	N.A.	N.A.
7zyi	35726088	10.1038/s41422-022-00680-4	0	auth_asym_id	H	L	A	protein	60	ELISA	N.A.	N.A.
8a1e	35985336	10.1016/j.chom.2022.07.014	0	auth_asym_id	B	C	A	protein	0.06	SPR	277	N.A.
8a1e	35985336	10.1016/j.chom.2022.07.014	0	auth_asym_id	D	E	A	protein	1.6	SPR	277	N.A.
8a44	37336887	10.1038/s41467-023-39357-w	0	auth_asym_id	C	D	A	protein	N.A.	N.A.	N.A.	N.A.
8a94	36574772	10.1016/j.immuni.2022.12.005	0	auth_asym_id	R	O	A	protein	N.A.	N.A.	N.A.	N.A.
8a94	36574772	10.1016/j.immuni.2022.12.005	0	auth_asym_id	K	E	B	protein	N.A.	N.A.	N.A.	N.A.
8a94	36574772	10.1016/j.immuni.2022.12.005	0	auth_asym_id	T	Q	C	protein	N.A.	N.A.	N.A.	N.A.
8a96	36574772	10.1016/j.immuni.2022.12.005	0	auth_asym_id	K	J	C	protein	N.A.	N.A.	N.A.	N.A.
8a99	36574772	10.1016/j.immuni.2022.12.005	0	auth_asym_id	R	O	A	protein	N.A.	N.A.	N.A.	N.A.
8a99	36574772	10.1016/j.immuni.2022.12.005	0	auth_asym_id	S	P	B	protein	N.A.	N.A.	N.A.	N.A.
8a99	36574772	10.1016/j.immuni.2022.12.005	0	auth_asym_id	T	Q	C	protein	N.A.	N.A.	N.A.	N.A.
8acf	N.A.	N.A.	0	auth_asym_id	H	L	A	protein	N.A.	N.A.	N.A.	N.A.
8aci	N.A.	N.A.	0	auth_asym_id	H	L	A	protein	N.A.	N.A.	N.A.	N.A.
8ag1	36139048	10.3390/biom12091209	0	auth_asym_id	H	L	A	protein	4.39	BLI	N.A.	N.A.
8ag1	36139048	10.3390/biom12091209	0	auth_asym_id	h	l	a	protein	4.39	BLI	N.A.	N.A.
8ahn	37322112	10.1038/s41564-023-01413-y	0	auth_asym_id	H	L	A	protein	<0.001	BLI	N.A.	N.A.
8aok	36470427	10.1016/j.jbc.2022.102769	0	auth_asym_id	B	N.A.	A	protein	44	BLI	298	important KD data paper
8aom	36470427	10.1016/j.jbc.2022.102769	0	auth_asym_id	V	N.A.	A	protein	270	BLI	298	N.A.
8apy	38626766	10.1016/j.str.2024.03.013	0	auth_asym_id	C	N.A.	A	protein	N.A.	N.A.	N.A.	N.A.
8as0	36317676	10.1002/pro.4486	0	auth_asym_id	B	C	A;R	protein;protein	54	SPR	293	N.A.
8as0	36317676	10.1002/pro.4486	0	auth_asym_id	Q	P	A;R	protein;protein	54	SPR	293	N.A.
8as0	36317676	10.1002/pro.4486	0	auth_asym_id	E	D	F;O	protein;protein	54	SPR	293	N.A.
8as0	36317676	10.1002/pro.4486	0	auth_asym_id	N	M	F;O	protein;protein	54	SPR	293	N.A.
8as0	36317676	10.1002/pro.4486	0	auth_asym_id	H	G	I;X	protein;protein	54	SPR	293	N.A.
8as0	36317676	10.1002/pro.4486	0	auth_asym_id	W	V	I;X	protein;protein	54	SPR	293	N.A.
8as0	36317676	10.1002/pro.4486	0	auth_asym_id	K	J	L;Y	protein;protein	54	SPR	293	N.A.
8as0	36317676	10.1002/pro.4486	0	auth_asym_id	T	S	L;Y	protein;protein	54	SPR	293	N.A.
8ath	36797224	10.1080/19420862.2023.2175311	0	auth_asym_id	H	L	A	protein	12	BLI	N.A.	N.A.
8ath	36797224	10.1080/19420862.2023.2175311	0	auth_asym_id	E	F	B	protein	12	BLI	N.A.	N.A.
8av9	37186857	10.1073/pnas.2221967120	0	auth_asym_id	H	L	A	protein	N.A.	N.A.	N.A.	N.A.
8awm	37704627	10.1038/s41467-023-41171-3	0	auth_asym_id	H	L	A	protein	N.A.	N.A.	N.A.	N.A.
8b17	37467108	10.1016/j.celrep.2023.112831	0	auth_asym_id	B	N.A.	A	protein	14.8	microscale thermophoresis	N.A.	N.A.
8b18	37467108	10.1016/j.celrep.2023.112831	0	auth_asym_id	B	N.A.	A	protein	14.8	microscale thermophoresis	N.A.	N.A.
8b19	37467108	10.1016/j.celrep.2023.112831	0	auth_asym_id	B	N.A.	A	protein	14.8	microscale thermophoresis	N.A.	N.A.
8b1a	37467108	10.1016/j.celrep.2023.112831	0	auth_asym_id	B	N.A.	A	protein	14.8	microscale thermophoresis	N.A.	N.A.
8b1b	37467108	10.1016/j.celrep.2023.112831	0	auth_asym_id	B	N.A.	A	protein	14.8	microscale thermophoresis	N.A.	N.A.
8b1c	37467108	10.1016/j.celrep.2023.112831	0	auth_asym_id	B	N.A.	A	protein	14.8	microscale thermophoresis	N.A.	N.A.
8b1d	37467108	10.1016/j.celrep.2023.112831	0	auth_asym_id	B	N.A.	A	protein	14.8	microscale thermophoresis	N.A.	N.A.
8b1e	37467108	10.1016/j.celrep.2023.112831	0	auth_asym_id	B	N.A.	A	protein	14.8	microscale thermophoresis	N.A.	N.A.
8b1f	37467108	10.1016/j.celrep.2023.112831	0	auth_asym_id	B	N.A.	A	protein	14.8	microscale thermophoresis	N.A.	N.A.
8b1g	37467108	10.1016/j.celrep.2023.112831	0	auth_asym_id	B	N.A.	A	protein	14.8	microscale thermophoresis	N.A.	N.A.
8b1h	37467108	10.1016/j.celrep.2023.112831	0	auth_asym_id	B	N.A.	A	protein	14.8	microscale thermophoresis	N.A.	N.A.
8b1i	37467108	10.1016/j.celrep.2023.112831	0	auth_asym_id	B	N.A.	A	protein	14.8	microscale thermophoresis	N.A.	N.A.
8b1j	37467108	10.1016/j.celrep.2023.112831	0	auth_asym_id	B	N.A.	A	protein	14.8	microscale thermophoresis	N.A.	N.A.
8b1k	37467108	10.1016/j.celrep.2023.112831	0	auth_asym_id	B	N.A.	A	protein	14.8	microscale thermophoresis	N.A.	N.A.
8b41	36522427	10.1038/s41594-022-00899-0	0	auth_asym_id	G	N.A.	A	protein	N.A.	N.A.	N.A.	N.A.
8b41	36522427	10.1038/s41594-022-00899-0	0	auth_asym_id	H	N.A.	B	protein	N.A.	N.A.	N.A.	N.A.
8b41	36522427	10.1038/s41594-022-00899-0	0	auth_asym_id	I	N.A.	C	protein	N.A.	N.A.	N.A.	N.A.
8b41	36522427	10.1038/s41594-022-00899-0	0	auth_asym_id	J	N.A.	D	protein	N.A.	N.A.	N.A.	N.A.
8b7h	38084840	10.1080/19420862.2023.2289681	0	auth_asym_id	H	L	A	protein	0.0528	SPR	298	N.A.
8b7w	36499233	10.3390/ijms232314904	0	auth_asym_id	H	N.A.	C	protein	0.06	SPR	303	N.A.
8bb7	37088134	10.1016/j.jbc.2023.104740	0	auth_asym_id	C	N.A.	A	protein	37.5	BLI	298	N.A.
8bb7	37088134	10.1016/j.jbc.2023.104740	0	auth_asym_id	D	N.A.	B	protein	37.5	BLI	298	N.A.
8bbn	36995936	10.1016/j.celrep.2023.112271	0	auth_asym_id	E	F	R	protein	N.A.	N.A.	N.A.	N.A.
8bbn	36995936	10.1016/j.celrep.2023.112271	0	auth_asym_id	J	K	X	protein	N.A.	N.A.	N.A.	N.A.
8bbn	36995936	10.1016/j.celrep.2023.112271	0	auth_asym_id	M	N	Y	protein	N.A.	N.A.	N.A.	N.A.
8bbn	36995936	10.1016/j.celrep.2023.112271	0	auth_asym_id	H	L	R	protein	N.A.	N.A.	N.A.	N.A.
8bbn	36995936	10.1016/j.celrep.2023.112271	0	auth_asym_id	A	B	X	protein	N.A.	N.A.	N.A.	N.A.
8bbn	36995936	10.1016/j.celrep.2023.112271	0	auth_asym_id	C	D	Y	protein	N.A.	N.A.	N.A.	N.A.
8bbo	36995936	10.1016/j.celrep.2023.112271	0	auth_asym_id	H	L	R	protein	N.A.	N.A.	N.A.	N.A.
8bcz	36995936	10.1016/j.celrep.2023.112271	0	auth_asym_id	A	B	R	protein	N.A.	N.A.	N.A.	N.A.
8bcz	36995936	10.1016/j.celrep.2023.112271	0	auth_asym_id	C	D	R	protein	N.A.	N.A.	N.A.	N.A.
8bcz	36995936	10.1016/j.celrep.2023.112271	0	auth_asym_id	E	F	R	protein	N.A.	N.A.	N.A.	N.A.
8bcz	36995936	10.1016/j.celrep.2023.112271	0	auth_asym_id	H	L	R	protein	N.A.	N.A.	N.A.	N.A.
8be1	N.A.	10.1101/2023.01.10.523494	0	auth_asym_id	A	B	C	protein	4.78	BLI	N.A.	N.A.
8be1	N.A.	10.1101/2023.01.10.523494	0	auth_asym_id	D	E	F	protein	4.78	BLI	N.A.	N.A.
8be2	39043660	10.1038/s41467-024-50349-2	0	auth_asym_id	N	N.A.	S	protein	N.A.	N.A.	N.A.	N.A.
8bec	N.A.	N.A.	0	auth_asym_id	A	N.A.	B	protein	N.A.	N.A.	N.A.	N.A.
8bec	N.A.	N.A.	0	auth_asym_id	C	N.A.	D	protein	N.A.	N.A.	N.A.	N.A.
8bev	N.A.	N.A.	0	auth_asym_id	B	N.A.	A	protein	N.A.	N.A.	N.A.	N.A.
8bf4	37088134	10.1016/j.jbc.2023.104740	0	auth_asym_id	A	N.A.	C	protein	0.237	BLI	298	N.A.
8bf4	37088134	10.1016/j.jbc.2023.104740	0	auth_asym_id	D	N.A.	F	protein	0.237	BLI	298	N.A.
8bf4	37088134	10.1016/j.jbc.2023.104740	0	auth_asym_id	B	N.A.	C	protein	37.5	BLI	298	N.A.
8bf4	37088134	10.1016/j.jbc.2023.104740	0	auth_asym_id	E	N.A.	F	protein	37.5	BLI	298	N.A.
8bg1	N.A.	N.A.	0	auth_asym_id	A	B	C	protein	N.A.	N.A.	N.A.	N.A.
8bg1	N.A.	N.A.	0	auth_asym_id	D	E	F	protein	N.A.	N.A.	N.A.	N.A.
8bg1	N.A.	N.A.	0	auth_asym_id	G	H	I	protein	N.A.	N.A.	N.A.	N.A.
8bg1	N.A.	N.A.	0	auth_asym_id	J	K	L	protein	N.A.	N.A.	N.A.	N.A.
8bg2	N.A.	N.A.	0	auth_asym_id	A	N.A.	B	protein	N.A.	N.A.	N.A.	N.A.
8bg2	N.A.	N.A.	0	auth_asym_id	C	N.A.	D	protein	N.A.	N.A.	N.A.	N.A.
8bg3	N.A.	N.A.	0	auth_asym_id	A	N.A.	B	protein	N.A.	N.A.	N.A.	N.A.
8bg3	N.A.	N.A.	0	auth_asym_id	C	N.A.	D	protein	N.A.	N.A.	N.A.	N.A.
8bg4	N.A.	N.A.	0	auth_asym_id	A	N.A.	B	protein	N.A.	N.A.	N.A.	N.A.
8bg4	N.A.	N.A.	0	auth_asym_id	C	N.A.	D	protein	N.A.	N.A.	N.A.	N.A.
8bg5	N.A.	N.A.	0	auth_asym_id	A	N.A.	B	protein	N.A.	N.A.	N.A.	N.A.
8bg5	N.A.	N.A.	0	auth_asym_id	C	N.A.	D	protein	N.A.	N.A.	N.A.	N.A.
8bg6	N.A.	N.A.	0	auth_asym_id	A	B	E	protein	N.A.	N.A.	N.A.	N.A.
8bg8	N.A.	N.A.	0	auth_asym_id	H	L	A	protein	N.A.	N.A.	N.A.	N.A.
8bgg	N.A.	N.A.	0	auth_asym_id	Y	N.A.	C	protein	N.A.	N.A.	N.A.	N.A.
8bh5	36319620	10.1038/s41421-022-00482-3	0	auth_asym_id	C	N.A.	E	protein	N.A.	N.A.	N.A.	N.A.
8bh5	36319620	10.1038/s41421-022-00482-3	0	auth_asym_id	H	L	E	protein	N.A.	N.A.	N.A.	N.A.
8bk2	39114449	10.1096/fba.2023-00077	0	auth_asym_id	H	L	A;B	protein;protein	N.A.	N.A.	N.A.	N.A.
8bk2	39114449	10.1096/fba.2023-00077	0	auth_asym_id	D	E	B	protein	N.A.	N.A.	N.A.	N.A.
8bk2	39114449	10.1096/fba.2023-00077	0	auth_asym_id	F	G	C	protein	N.A.	N.A.	N.A.	N.A.
8blq	37248285	10.1038/s41598-023-35678-4	0	auth_asym_id	A	B	D	protein	N.A.	N.A.	N.A.	N.A.
8blq	37248285	10.1038/s41598-023-35678-4	0	auth_asym_id	E	C	D	protein	N.A.	N.A.	N.A.	N.A.
8bse	37141227	10.1371/journal.pone.0284173	0	auth_asym_id	H	L	A	protein	0.242	SPR	298	important KD data paper
8bsf	37141227	10.1371/journal.pone.0284173	0	auth_asym_id	H	L	A	protein	0.789	SPR	298	N.A.
8bvr	37482561	10.1038/s41594-023-01039-y	0	auth_asym_id	B	N.A.	A	protein	75	BLI	N.A.	N.A.
8bvs	37482561	10.1038/s41594-023-01039-y	0	auth_asym_id	B	N.A.	A	protein	75	BLI	N.A.	N.A.
8bvt	37482561	10.1038/s41594-023-01039-y	0	auth_asym_id	B	N.A.	A	protein	75	BLI	N.A.	N.A.
8bw0	39477960	10.1038/s41467-024-53746-9	0	auth_asym_id	H	L	C	protein	N.A.	N.A.	N.A.	N.A.
8bw7	37482561	10.1038/s41594-023-01039-y	0	auth_asym_id	B	N.A.	A	protein	75	BLI	N.A.	N.A.
8byu	37379657	10.1016/j.ebiom.2023.104663	0	auth_asym_id	H	L	A	protein	1.1	BLI	303	N.A.
8bzy	36943194	10.7554/eLife.83053	0	auth_asym_id	B	N.A.	A	protein	500	SPR	293	N.A.
8c02	36943194	10.7554/eLife.83053	0	auth_asym_id	B	N.A.	A	protein	500	SPR	293	N.A.
8c3k	N.A.	N.A.	0	auth_asym_id	B	N.A.	A	protein	N.A.	N.A.	N.A.	N.A.
8c3l	N.A.	N.A.	0	auth_asym_id	B	N.A.	A	protein	N.A.	N.A.	N.A.	N.A.
8c3l	N.A.	N.A.	0	auth_asym_id	D	N.A.	C	protein	N.A.	N.A.	N.A.	N.A.
8c3v	36995936	10.1016/j.celrep.2023.112271	0	auth_asym_id	H	L	R	protein	N.A.	N.A.	N.A.	N.A.
8c3v	36995936	10.1016/j.celrep.2023.112271	0	auth_asym_id	A	B	X	protein	N.A.	N.A.	N.A.	N.A.
8c3v	36995936	10.1016/j.celrep.2023.112271	0	auth_asym_id	C	D	Y	protein	N.A.	N.A.	N.A.	N.A.
8c3v	36995936	10.1016/j.celrep.2023.112271	0	auth_asym_id	I	N.A.	R	protein	N.A.	N.A.	N.A.	N.A.
8c3v	36995936	10.1016/j.celrep.2023.112271	0	auth_asym_id	J	N.A.	X	protein	N.A.	N.A.	N.A.	N.A.
8c3v	36995936	10.1016/j.celrep.2023.112271	0	auth_asym_id	K	N.A.	Y	protein	N.A.	N.A.	N.A.	N.A.
8c5h	37421204	10.1002/smtd.202300218	0	auth_asym_id	N	N.A.	S	protein	0.7	microscale thermophoresis	293	N.A.
8c7m	38287195	10.1038/s41594-023-01190-6	0	auth_asym_id	H	L	A	protein	N.A.	N.A.	N.A.	N.A.
8c7m	38287195	10.1038/s41594-023-01190-6	0	auth_asym_id	C	D	B	protein	N.A.	N.A.	N.A.	N.A.
8c89	38316751	10.1038/s41467-024-45171-9	0	auth_asym_id	H	L	C	protein	0.04618	SPR	N.A.	N.A.
8c8p	36895554	10.3389/fimmu.2023.1111385	0	auth_asym_id	H	N.A.	A	protein	38.4	BLI	303	N.A.
8c9x	37749098	10.1038/s41467-023-41734-4	0	auth_asym_id	F	N.A.	A;B	protein;protein	0.2	SPR	298	N.A.
8c9x	37749098	10.1038/s41467-023-41734-4	0	auth_asym_id	J	N.A.	A;E	protein;protein	0.2	SPR	298	N.A.
8c9x	37749098	10.1038/s41467-023-41734-4	0	auth_asym_id	G	N.A.	B;C	protein;protein	0.2	SPR	298	N.A.
8c9x	37749098	10.1038/s41467-023-41734-4	0	auth_asym_id	H	N.A.	C;D	protein;protein	0.2	SPR	298	N.A.
8c9x	37749098	10.1038/s41467-023-41734-4	0	auth_asym_id	I	N.A.	D;E	protein;protein	0.2	SPR	298	N.A.
8cau	37749098	10.1038/s41467-023-41734-4	0	auth_asym_id	F	N.A.	A;B	protein;protein	0.2	SPR	298	N.A.
8cau	37749098	10.1038/s41467-023-41734-4	0	auth_asym_id	J	N.A.	A;E	protein;protein	0.2	SPR	298	N.A.
8cau	37749098	10.1038/s41467-023-41734-4	0	auth_asym_id	G	N.A.	B;C	protein;protein	0.2	SPR	298	N.A.
8cau	37749098	10.1038/s41467-023-41734-4	0	auth_asym_id	H	N.A.	C;D	protein;protein	0.2	SPR	298	N.A.
8cau	37749098	10.1038/s41467-023-41734-4	0	auth_asym_id	I	N.A.	D;E	protein;protein	0.2	SPR	298	N.A.
8cbd	38627386	10.1038/s41467-024-47393-3	0	auth_asym_id	E	F	R	protein	N.A.	N.A.	N.A.	N.A.
8cbd	38627386	10.1038/s41467-024-47393-3	0	auth_asym_id	J	K	X	protein	N.A.	N.A.	N.A.	N.A.
8cbd	38627386	10.1038/s41467-024-47393-3	0	auth_asym_id	G	I	Y	protein	N.A.	N.A.	N.A.	N.A.
8cbd	38627386	10.1038/s41467-024-47393-3	0	auth_asym_id	H	L	R	protein	N.A.	N.A.	N.A.	N.A.
8cbd	38627386	10.1038/s41467-024-47393-3	0	auth_asym_id	A	B	X	protein	N.A.	N.A.	N.A.	N.A.
8cbd	38627386	10.1038/s41467-024-47393-3	0	auth_asym_id	C	D	Y	protein	N.A.	N.A.	N.A.	N.A.
8cbe	38627386	10.1038/s41467-024-47393-3	0	auth_asym_id	A	B	E	protein	N.A.	N.A.	N.A.	N.A.
8cbe	38627386	10.1038/s41467-024-47393-3	0	auth_asym_id	H	L	E	protein	N.A.	N.A.	N.A.	N.A.
8cbf	38627386	10.1038/s41467-024-47393-3	0	auth_asym_id	A	B	E	protein	N.A.	N.A.	N.A.	N.A.
8cbf	38627386	10.1038/s41467-024-47393-3	0	auth_asym_id	H	L	E	protein	N.A.	N.A.	N.A.	N.A.
8cd0	38351061	10.1038/s41467-024-45419-4	0	auth_asym_id	C	N.A.	A	protein	N.A.	N.A.	N.A.	N.A.
8cdd	38123677	10.1038/s41586-023-06856-1	0	auth_asym_id	E	D	B	protein	N.A.	N.A.	N.A.	N.A.
8cde	38123677	10.1038/s41586-023-06856-1	0	auth_asym_id	D	C	B	protein	N.A.	N.A.	N.A.	N.A.
8ce4	37749098	10.1038/s41467-023-41734-4	0	auth_asym_id	F	N.A.	A;B	protein;protein	1	SPR	298	N.A.
8ce4	37749098	10.1038/s41467-023-41734-4	0	auth_asym_id	J	N.A.	A;E	protein;protein	1	SPR	298	N.A.
8ce4	37749098	10.1038/s41467-023-41734-4	0	auth_asym_id	G	N.A.	B;C	protein;protein	1	SPR	298	N.A.
8ce4	37749098	10.1038/s41467-023-41734-4	0	auth_asym_id	H	N.A.	C;D	protein;protein	1	SPR	298	N.A.
8ce4	37749098	10.1038/s41467-023-41734-4	0	auth_asym_id	I	N.A.	D;E	protein;protein	1	SPR	298	N.A.
8ci1	37749098	10.1038/s41467-023-41734-4	0	auth_asym_id	F	N.A.	A;B	protein;protein	1	SPR	298	N.A.
8ci1	37749098	10.1038/s41467-023-41734-4	0	auth_asym_id	J	N.A.	A;E	protein;protein	1	SPR	298	N.A.
8ci1	37749098	10.1038/s41467-023-41734-4	0	auth_asym_id	G	N.A.	B;C	protein;protein	1	SPR	298	N.A.
8ci1	37749098	10.1038/s41467-023-41734-4	0	auth_asym_id	H	N.A.	C;D	protein;protein	1	SPR	298	N.A.
8ci1	37749098	10.1038/s41467-023-41734-4	0	auth_asym_id	I	N.A.	D;E	protein;protein	1	SPR	298	N.A.
8ci2	37749098	10.1038/s41467-023-41734-4	0	auth_asym_id	F	N.A.	A;B	protein;protein	0.2	SPR	298	N.A.
8ci2	37749098	10.1038/s41467-023-41734-4	0	auth_asym_id	G	N.A.	B;C	protein;protein	0.2	SPR	298	N.A.
8ci2	37749098	10.1038/s41467-023-41734-4	0	auth_asym_id	I	N.A.	D;E	protein;protein	0.2	SPR	298	N.A.
8cii	N.A.	N.A.	0	auth_asym_id	A	B	E	protein	N.A.	N.A.	N.A.	N.A.
8cii	N.A.	N.A.	0	auth_asym_id	C	N.A.	E	protein	N.A.	N.A.	N.A.	N.A.
8cii	N.A.	N.A.	0	auth_asym_id	H	L	E	protein	N.A.	N.A.	N.A.	N.A.
8cim	N.A.	10.21203/rs.3.rs-2684849/v1	0	auth_asym_id	D	E	A	protein	N.A.	N.A.	N.A.	N.A.
8cim	N.A.	10.21203/rs.3.rs-2684849/v1	0	auth_asym_id	F	G	B	protein	N.A.	N.A.	N.A.	N.A.
8cim	N.A.	10.21203/rs.3.rs-2684849/v1	0	auth_asym_id	H	L	C	protein	N.A.	N.A.	N.A.	N.A.
8cin	38548763	10.1038/s41467-024-46982-6	0	auth_asym_id	H	L	A	protein	N.A.	N.A.	N.A.	N.A.
8cin	38548763	10.1038/s41467-024-46982-6	0	auth_asym_id	E	F	B	protein	N.A.	N.A.	N.A.	N.A.
8cin	38548763	10.1038/s41467-024-46982-6	0	auth_asym_id	J	K	C	protein	N.A.	N.A.	N.A.	N.A.
8cma	38627386	10.1038/s41467-024-47393-3	0	auth_asym_id	H	L	E	protein	N.A.	N.A.	N.A.	N.A.
8cml	37356719	10.1016/j.jbc.2023.104956	0	auth_asym_id	A	N.A.	B	protein	0.0077	SPR	N.A.	important KD data paper
8cml	37356719	10.1016/j.jbc.2023.104956	0	auth_asym_id	C	N.A.	B	protein	0.1199	SPR	N.A.	N.A.
8cni	37709742	10.1038/s41467-023-41420-5	0	auth_asym_id	A	N.A.	B	protein	N.A.	N.A.	N.A.	N.A.
8cni	37709742	10.1038/s41467-023-41420-5	0	auth_asym_id	C	N.A.	B	protein	N.A.	N.A.	N.A.	N.A.
8coe	38142486	10.1016/j.molimm.2023.12.004	0	auth_asym_id	B	N.A.	C	protein	N.A.	N.A.	N.A.	N.A.
8cr9	37918395	10.1016/j.cell.2023.10.002	0	auth_asym_id	A	B	C	protein	N.A.	N.A.	N.A.	N.A.
8crb	37918395	10.1016/j.cell.2023.10.002	0	auth_asym_id	A	B	C	protein	N.A.	N.A.	N.A.	N.A.
8ct6	37185989	10.1038/s42003-023-04793-3	0	auth_asym_id	H	L	A	protein	2.95	BLI	303	important KD data paper
8ct6	37185989	10.1038/s42003-023-04793-3	0	auth_asym_id	J	K	C	protein	2.95	BLI	303	important KD data paper
8cw9	35944529	10.1016/j.immuni.2022.07.003	0	auth_asym_id	J	B	A;E	protein;protein	54	BLI	298	N.A.
8cw9	35944529	10.1016/j.immuni.2022.07.003	0	auth_asym_id	G	M	A;F	protein;protein	54	BLI	298	N.A.
8cw9	35944529	10.1016/j.immuni.2022.07.003	0	auth_asym_id	N	O	E;F	protein;protein	54	BLI	298	N.A.
8cw9	35944529	10.1016/j.immuni.2022.07.003	0	auth_asym_id	C	D	A	protein	N.A.	N.A.	N.A.	N.A.
8cw9	35944529	10.1016/j.immuni.2022.07.003	0	auth_asym_id	I	K	E	protein	N.A.	N.A.	N.A.	N.A.
8cw9	35944529	10.1016/j.immuni.2022.07.003	0	auth_asym_id	H	L	F	protein	N.A.	N.A.	N.A.	N.A.
8cwi	39746041	10.1073/pnas.2417544121	0	auth_asym_id	H	L	A	protein	N.A.	N.A.	N.A.	N.A.
8cwj	39746041	10.1073/pnas.2417544121	0	auth_asym_id	J	K	G	protein	N.A.	N.A.	N.A.	N.A.
8cwj	39746041	10.1073/pnas.2417544121	0	auth_asym_id	U	V	I	protein	N.A.	N.A.	N.A.	N.A.
8cwj	39746041	10.1073/pnas.2417544121	0	auth_asym_id	H	L	G	protein	N.A.	N.A.	N.A.	N.A.
8cwj	39746041	10.1073/pnas.2417544121	0	auth_asym_id	A	B	I	protein	N.A.	N.A.	N.A.	N.A.
8cwk	39746041	10.1073/pnas.2417544121	0	auth_asym_id	A	B	C	protein	N.A.	N.A.	N.A.	N.A.
8cwk	39746041	10.1073/pnas.2417544121	0	auth_asym_id	H	L	C	protein	N.A.	N.A.	N.A.	N.A.
8cwu	35738279	10.1016/j.celrep.2022.111004	0	auth_asym_id	B	N.A.	A	protein	<10	ELISA	N.A.	Affinity <10 nM by ELISA
8cwv	35738279	10.1016/j.celrep.2022.111004	0	auth_asym_id	B	N.A.	A	protein	<0.001	SPR	N.A.	Affinity <10 nM by ELISA
8cwv	35738279	10.1016/j.celrep.2022.111004	0	auth_asym_id	H	L	A	protein	N.A.	N.A.	N.A.	N.A.
8cxc	N.A.	10.3389/fddsv.2023.1216516	0	auth_asym_id	A	N.A.	M	protein	10	SPR	N.A.	N.A.
8cxc	N.A.	10.3389/fddsv.2023.1216516	0	auth_asym_id	H	L	M	protein	64.4	SPR	298	N.A.
8cxi	N.A.	N.A.	0	auth_asym_id	H	L	A	protein	N.A.	N.A.	N.A.	N.A.
8cxi	N.A.	N.A.	0	auth_asym_id	h	l	B;C	protein;protein	N.A.	N.A.	N.A.	N.A.
8cxn	35738279	10.1016/j.celrep.2022.111004	0	auth_asym_id	D	N.A.	A	protein	<10	ELISA	N.A.	Affinity <10 nM by ELISA
8cxn	35738279	10.1016/j.celrep.2022.111004	0	auth_asym_id	E	N.A.	B	protein	<10	ELISA	N.A.	Affinity <10 nM by ELISA
8cxn	35738279	10.1016/j.celrep.2022.111004	0	auth_asym_id	F	N.A.	C	protein	<10	ELISA	N.A.	Affinity <10 nM by ELISA
8cxq	35738279	10.1016/j.celrep.2022.111004	0	auth_asym_id	D	N.A.	A	protein	<10	ELISA	N.A.	Affinity <10 nM by ELISA
8cxq	35738279	10.1016/j.celrep.2022.111004	0	auth_asym_id	E	N.A.	B	protein	<10	ELISA	N.A.	Affinity <10 nM by ELISA
8cxq	35738279	10.1016/j.celrep.2022.111004	0	auth_asym_id	F	N.A.	C	protein	<10	ELISA	N.A.	Affinity <10 nM by ELISA
8cxr	36539416	10.1038/s41467-022-35227-z	0	auth_asym_id	E	N.A.	A	protein	N.A.	N.A.	N.A.	N.A.
8cxr	36539416	10.1038/s41467-022-35227-z	0	auth_asym_id	F	N.A.	B	protein	N.A.	N.A.	N.A.	N.A.
8cxr	36539416	10.1038/s41467-022-35227-z	0	auth_asym_id	G	N.A.	C	protein	N.A.	N.A.	N.A.	N.A.
8cxr	36539416	10.1038/s41467-022-35227-z	0	auth_asym_id	H	N.A.	D	protein	N.A.	N.A.	N.A.	N.A.
8cy6	35738279	10.1016/j.celrep.2022.111004	0	auth_asym_id	D	N.A.	A	protein	<10	ELISA	N.A.	Affinity <10 nM by ELISA
8cy6	35738279	10.1016/j.celrep.2022.111004	0	auth_asym_id	E	N.A.	B	protein	<10	ELISA	N.A.	Affinity <10 nM by ELISA
8cy6	35738279	10.1016/j.celrep.2022.111004	0	auth_asym_id	F	N.A.	C	protein	<10	ELISA	N.A.	Affinity <10 nM by ELISA
8cy7	35738279	10.1016/j.celrep.2022.111004	0	auth_asym_id	D	N.A.	A	protein	<10	ELISA	N.A.	Affinity <10 nM by ELISA
8cy7	35738279	10.1016/j.celrep.2022.111004	0	auth_asym_id	E	N.A.	B	protein	<10	ELISA	N.A.	Affinity <10 nM by ELISA
8cy7	35738279	10.1016/j.celrep.2022.111004	0	auth_asym_id	F	N.A.	C	protein	<10	ELISA	N.A.	Affinity <10 nM by ELISA
8cy9	35738279	10.1016/j.celrep.2022.111004	0	auth_asym_id	D	N.A.	A	protein	<10	ELISA	N.A.	Affinity <10 nM by ELISA
8cy9	35738279	10.1016/j.celrep.2022.111004	0	auth_asym_id	E	N.A.	B	protein	<10	ELISA	N.A.	Affinity <10 nM by ELISA
8cy9	35738279	10.1016/j.celrep.2022.111004	0	auth_asym_id	F	N.A.	C	protein	<10	ELISA	N.A.	Affinity <10 nM by ELISA
8cya	35738279	10.1016/j.celrep.2022.111004	0	auth_asym_id	E	N.A.	A	protein	<10	ELISA	N.A.	Affinity <10 nM by ELISA
8cya	35738279	10.1016/j.celrep.2022.111004	0	auth_asym_id	F	N.A.	B	protein	<10	ELISA	N.A.	Affinity <10 nM by ELISA
8cya	35738279	10.1016/j.celrep.2022.111004	0	auth_asym_id	D	N.A.	C	protein	<10	ELISA	N.A.	Affinity <10 nM by ELISA
8cyb	35738279	10.1016/j.celrep.2022.111004	0	auth_asym_id	D	N.A.	A	protein	<10	ELISA	N.A.	Affinity <10 nM by ELISA
8cyc	35738279	10.1016/j.celrep.2022.111004	0	auth_asym_id	D	N.A.	A	protein	<10	ELISA	N.A.	Affinity <10 nM by ELISA
8cyc	35738279	10.1016/j.celrep.2022.111004	0	auth_asym_id	E	N.A.	B	protein	<10	ELISA	N.A.	Affinity <10 nM by ELISA
8cyc	35738279	10.1016/j.celrep.2022.111004	0	auth_asym_id	F	N.A.	C	protein	<10	ELISA	N.A.	Affinity <10 nM by ELISA
8cyd	35738279	10.1016/j.celrep.2022.111004	0	auth_asym_id	F	N.A.	A	protein	0.387	SPR	N.A.	Affinity <10 nM by ELISA
8cyd	35738279	10.1016/j.celrep.2022.111004	0	auth_asym_id	D	N.A.	B	protein	0.387	SPR	N.A.	Affinity <10 nM by ELISA
8cyd	35738279	10.1016/j.celrep.2022.111004	0	auth_asym_id	E	N.A.	C	protein	0.387	SPR	N.A.	Affinity <10 nM by ELISA
8cyh	N.A.	10.3389/fddsv.2023.1216516	0	auth_asym_id	H	L	M	protein	64.4	SPR	298	N.A.
8cyj	35738279	10.1016/j.celrep.2022.111004	0	auth_asym_id	A	N.A.	R	protein	<10	ELISA	N.A.	Affinity <10 nM by ELISA
8cyj	35738279	10.1016/j.celrep.2022.111004	0	auth_asym_id	B	N.A.	R	protein	<10	ELISA	N.A.	Affinity <10 nM by ELISA
8cyj	35738279	10.1016/j.celrep.2022.111004	0	auth_asym_id	C	N.A.	R	protein	<10	ELISA	N.A.	Affinity <10 nM by ELISA
8cyj	35738279	10.1016/j.celrep.2022.111004	0	auth_asym_id	D	N.A.	R	protein	<10	ELISA	N.A.	Affinity <10 nM by ELISA
8cz5	36326275	10.1128/jvi.01217-22	0	auth_asym_id	H	L	A	protein	10.8	ITC	298	N.A.
8cz8	N.A.	10.3389/fddsv.2023.1216516	0	auth_asym_id	C	N.A.	E	protein	10	SPR	N.A.	N.A.
8cz8	N.A.	10.3389/fddsv.2023.1216516	0	auth_asym_id	A	N.A.	M	protein	10	SPR	N.A.	N.A.
8cz8	N.A.	10.3389/fddsv.2023.1216516	0	auth_asym_id	D	N.A.	E	protein	103	SPR	298	N.A.
8cz8	N.A.	10.3389/fddsv.2023.1216516	0	auth_asym_id	B	N.A.	M	protein	103	SPR	298	N.A.
8czz	37872202	10.1038/s41467-023-42500-2	0	auth_asym_id	M	N	A	protein	N.A.	N.A.	N.A.	N.A.
8czz	37872202	10.1038/s41467-023-42500-2	0	auth_asym_id	O	P	E	protein	N.A.	N.A.	N.A.	N.A.
8czz	37872202	10.1038/s41467-023-42500-2	0	auth_asym_id	Q	R	I	protein	N.A.	N.A.	N.A.	N.A.
8czz	37872202	10.1038/s41467-023-42500-2	0	auth_asym_id	C	D	A;B	protein;protein	N.A.	N.A.	N.A.	N.A.
8czz	37872202	10.1038/s41467-023-42500-2	0	auth_asym_id	G	H	E;F	protein;protein	N.A.	N.A.	N.A.	N.A.
8czz	37872202	10.1038/s41467-023-42500-2	0	auth_asym_id	K	L	I;J	protein;protein	N.A.	N.A.	N.A.	N.A.
8d0a	N.A.	N.A.	0	auth_asym_id	H	L	A	protein	N.A.	N.A.	N.A.	N.A.
8d0y	N.A.	N.A.	0	auth_asym_id	D	E	B	protein	N.A.	N.A.	N.A.	N.A.
8d0y	N.A.	N.A.	0	auth_asym_id	H	L	G	protein	N.A.	N.A.	N.A.	N.A.
8d0z	36862518	10.1172/JCI166844	0	auth_asym_id	H	L	A	protein	5.7	BLI	N.A.	N.A.
8d1t	N.A.	N.A.	0	auth_asym_id	H	L	A	protein	N.A.	N.A.	N.A.	N.A.
8d48	36701425	10.1126/sciimmunol.ade0958	0	auth_asym_id	H	L	A	protein	0.2	SPR	298	N.A.
8d4r	N.A.	N.A.	0	auth_asym_id	D	E	G;B	protein;protein	N.A.	N.A.	N.A.	N.A.
8d4r	N.A.	N.A.	0	auth_asym_id	H	L	G	protein	N.A.	N.A.	N.A.	N.A.
8d50	N.A.	N.A.	0	auth_asym_id	H	L	G	protein	N.A.	N.A.	N.A.	N.A.
8d7e	36930708	10.1126/sciadv.ade4395	0	auth_asym_id	D	E	C	protein	N.A.	N.A.	N.A.	N.A.
8d7e	36930708	10.1126/sciadv.ade4395	0	auth_asym_id	F	G	C	protein	N.A.	N.A.	N.A.	N.A.
8d8q	36202799	10.1038/s41467-022-33309-6	0	auth_asym_id	C	B	A	protein	N.A.	N.A.	N.A.	N.A.
8d8q	36202799	10.1038/s41467-022-33309-6	0	auth_asym_id	H	L	A	protein	N.A.	N.A.	N.A.	N.A.
8d8r	36202799	10.1038/s41467-022-33309-6	0	auth_asym_id	H	L	A	protein	N.A.	N.A.	N.A.	N.A.
8d9y	N.A.	N.A.	0	auth_asym_id	B	A	I	protein	N.A.	N.A.	N.A.	N.A.
8d9y	N.A.	N.A.	0	auth_asym_id	D	C	J	protein	N.A.	N.A.	N.A.	N.A.
8d9y	N.A.	N.A.	0	auth_asym_id	F	E	K	protein	N.A.	N.A.	N.A.	N.A.
8d9y	N.A.	N.A.	0	auth_asym_id	H	G	L	protein	N.A.	N.A.	N.A.	N.A.
8d9z	N.A.	N.A.	0	auth_asym_id	B	A	D	protein	N.A.	N.A.	N.A.	N.A.
8da0	N.A.	N.A.	0	auth_asym_id	B	A	E	protein	N.A.	N.A.	N.A.	N.A.
8da0	N.A.	N.A.	0	auth_asym_id	D	C	F	peptide	N.A.	N.A.	N.A.	N.A.
8da1	N.A.	N.A.	0	auth_asym_id	B	A	I	protein	N.A.	N.A.	N.A.	N.A.
8dad	N.A.	N.A.	0	auth_asym_id	H	L	B	protein	N.A.	N.A.	N.A.	N.A.
8dam	36494348	10.1038/s41467-022-35025-7	0	auth_asym_id	B	N.A.	A	protein	N.A.	N.A.	N.A.	N.A.
8dam	36494348	10.1038/s41467-022-35025-7	0	auth_asym_id	C	N.A.	A	protein	N.A.	N.A.	N.A.	N.A.
8db4	36647835	10.1172/JCI164501	0	auth_asym_id	A	B	E	protein	N.A.	N.A.	N.A.	N.A.
8db4	36647835	10.1172/JCI164501	0	auth_asym_id	G	H	F	protein	N.A.	N.A.	N.A.	N.A.
8db4	36647835	10.1172/JCI164501	0	auth_asym_id	C	D	E	protein	N.A.	N.A.	N.A.	N.A.
8db4	36647835	10.1172/JCI164501	0	auth_asym_id	I	J	F	protein	N.A.	N.A.	N.A.	N.A.
8dcc	36103542	10.1126/sciadv.abq8276	0	auth_asym_id	H	L	E	protein	N.A.	N.A.	N.A.	N.A.
8dce	36103542	10.1126/sciadv.abq8276	0	auth_asym_id	H	N.A.	A	protein	N.A.	N.A.	N.A.	N.A.
8dcy	36435827	10.1038/s41467-022-34923-0	0	auth_asym_id	A	B	C	protein	1.7	SPR	N.A.	N.A.
8dd2	35933426	10.1038/s41467-022-32212-4	0	auth_asym_id	J	I	B	protein	N.A.	N.A.	N.A.	N.A.
8dd2	35933426	10.1038/s41467-022-32212-4	0	auth_asym_id	K	L	D	protein	N.A.	N.A.	N.A.	N.A.
8ddk	36435827	10.1038/s41467-022-34923-0	0	auth_asym_id	A	B	C	protein	N.A.	SPR	N.A.	N.A.
8de3	N.A.	N.A.	0	auth_asym_id	B	C	A	protein	N.A.	N.A.	N.A.	N.A.
8de4	N.A.	N.A.	0	auth_asym_id	B	C	A	protein	N.A.	N.A.	N.A.	N.A.
8der	37295404	10.1016/j.cell.2023.05.019	0	auth_asym_id	H	L	A	protein	N.A.	N.A.	N.A.	N.A.
8der	37295404	10.1016/j.cell.2023.05.019	0	auth_asym_id	X	Y	B	protein	N.A.	N.A.	N.A.	N.A.
8der	37295404	10.1016/j.cell.2023.05.019	0	auth_asym_id	W	V	C	protein	N.A.	N.A.	N.A.	N.A.
8df1	36683763	10.1093/abt/tbac027	0	auth_asym_id	H	L	A	protein	3.21	BLI	N.A.	important KD data paper
8df1	36683763	10.1093/abt/tbac027	0	auth_asym_id	M	N	B	protein	3.21	BLI	N.A.	important KD data paper
8df1	36683763	10.1093/abt/tbac027	0	auth_asym_id	O	P	C	protein	3.21	BLI	N.A.	important KD data paper
8df1	36683763	10.1093/abt/tbac027	0	auth_asym_id	Q	R	D	protein	3.21	BLI	N.A.	important KD data paper
8df1	36683763	10.1093/abt/tbac027	0	auth_asym_id	S	T	E	protein	3.21	BLI	N.A.	important KD data paper
8df1	36683763	10.1093/abt/tbac027	0	auth_asym_id	U	V	F	protein	3.21	BLI	N.A.	important KD data paper
8df5	35762884	10.1126/science.abo7896	0	auth_asym_id	A	B	R	protein	N.A.	N.A.	N.A.	N.A.
8df5	35762884	10.1126/science.abo7896	0	auth_asym_id	C	D	S	protein	N.A.	N.A.	N.A.	N.A.
8df5	35762884	10.1126/science.abo7896	0	auth_asym_id	H	L	R	protein	N.A.	N.A.	N.A.	N.A.
8df5	35762884	10.1126/science.abo7896	0	auth_asym_id	M	N	S	protein	N.A.	N.A.	N.A.	N.A.
8dfg	36202833	10.1038/s41467-022-33336-3	0	auth_asym_id	H	L	A	protein	4.24	BLI	298	N.A.
8dfg	36202833	10.1038/s41467-022-33336-3	0	auth_asym_id	I	M	B	protein	4.24	BLI	298	N.A.
8dfh	36202833	10.1038/s41467-022-33336-3	0	auth_asym_id	H	L	A	protein	0.66	BLI	298	N.A.
8dfi	36202833	10.1038/s41467-022-33336-3	0	auth_asym_id	H	L	A	protein	1.84	BLI	298	N.A.
8dfl	35788586	10.1038/s41467-022-31285-5	0	auth_asym_id	E	N.A.	A;B	protein;protein	N.A.	N.A.	N.A.	N.A.
8dfl	35788586	10.1038/s41467-022-31285-5	0	auth_asym_id	H	N.A.	A;D	protein;protein	N.A.	N.A.	N.A.	N.A.
8dfl	35788586	10.1038/s41467-022-31285-5	0	auth_asym_id	F	N.A.	B;C	protein;protein	N.A.	N.A.	N.A.	N.A.
8dfl	35788586	10.1038/s41467-022-31285-5	0	auth_asym_id	G	N.A.	C;D	protein;protein	N.A.	N.A.	N.A.	N.A.
8dg8	36781872	10.1038/s41467-023-36459-3	0	auth_asym_id	H	L	B	protein	190	BLI	298	N.A.
8dg9	36781872	10.1038/s41467-023-36459-3	0	auth_asym_id	H	L	A	protein	<0.001	BLI	298	N.A.
8dg9	36781872	10.1038/s41467-023-36459-3	0	auth_asym_id	F	G	B	protein	<0.001	BLI	298	N.A.
8dg9	36781872	10.1038/s41467-023-36459-3	0	auth_asym_id	D	E	C	protein	<0.001	BLI	298	N.A.
8di5	35875685	10.1016/j.isci.2022.104798	0	auth_asym_id	H	N.A.	C	protein	N.A.	N.A.	N.A.	N.A.
8dim	N.A.	N.A.	0	auth_asym_id	B	C	A	protein	N.A.	N.A.	N.A.	N.A.
8dim	N.A.	N.A.	0	auth_asym_id	E	F	D	protein	N.A.	N.A.	N.A.	N.A.
8dim	N.A.	N.A.	0	auth_asym_id	H	I	G	protein	N.A.	N.A.	N.A.	N.A.
8diu	N.A.	N.A.	0	auth_asym_id	H	I	A	protein	N.A.	N.A.	N.A.	N.A.
8diu	N.A.	N.A.	0	auth_asym_id	E	F	B	protein	N.A.	N.A.	N.A.	N.A.
8diu	N.A.	N.A.	0	auth_asym_id	G	C	D	protein	N.A.	N.A.	N.A.	N.A.
8djg	36746957	10.1038/s41467-023-36312-7	0	auth_asym_id	C	D	E	protein	N.A.	N.A.	N.A.	N.A.
8djg	36746957	10.1038/s41467-023-36312-7	0	auth_asym_id	A	B	F	protein	N.A.	N.A.	N.A.	N.A.
8dk6	36702826	10.1038/s41467-023-36183-y	0	auth_asym_id	H	L	E	protein	N.A.	N.A.	N.A.	N.A.
8dke	36113465	10.1016/j.cell.2022.08.020	0	auth_asym_id	A	B	P	protein	N.A.	N.A.	N.A.	N.A.
8dki	36113465	10.1016/j.cell.2022.08.020	0	auth_asym_id	A	B	P	protein	N.A.	N.A.	N.A.	N.A.
8dkm	36113465	10.1016/j.cell.2022.08.020	0	auth_asym_id	A	B	P	protein	N.A.	N.A.	N.A.	N.A.
8dkw	36113465	10.1016/j.cell.2022.08.020	0	auth_asym_id	A	B	P	protein	N.A.	N.A.	N.A.	N.A.
8dkx	36113465	10.1016/j.cell.2022.08.020	0	auth_asym_id	A	B	P	protein	N.A.	N.A.	N.A.	N.A.
8dl6	36648329	10.7554/eLife.82947	0	auth_asym_id	D	C	A	protein	N.A.	N.A.	N.A.	N.A.
8dl7	36649314	10.1371/journal.pbio.3001936	0	auth_asym_id	D	C	A	protein	10.6	BLI	303	N.A.
8dl8	36649314	10.1371/journal.pbio.3001936	0	auth_asym_id	D	C	A	protein	10.6	BLI	303	N.A.
8dlr	35982054	10.1038/s41467-022-32262-8	0	auth_asym_id	H	L	A	protein	N.A.	N.A.	N.A.	N.A.
8dls	35982054	10.1038/s41467-022-32262-8	0	auth_asym_id	H	L	A	protein	N.A.	N.A.	N.A.	N.A.
8dlw	35982054	10.1038/s41467-022-32262-8	0	auth_asym_id	H	L	A;B	protein;protein	N.A.	N.A.	N.A.	N.A.
8dlw	35982054	10.1038/s41467-022-32262-8	0	auth_asym_id	F	G	A;E	protein;protein	N.A.	N.A.	N.A.	N.A.
8dlw	35982054	10.1038/s41467-022-32262-8	0	auth_asym_id	C	D	B;E	protein;protein	N.A.	N.A.	N.A.	N.A.
8dly	35982054	10.1038/s41467-022-32262-8	0	auth_asym_id	H	N.A.	C	protein	N.A.	N.A.	N.A.	N.A.
8dm0	35982054	10.1038/s41467-022-32262-8	0	auth_asym_id	H	N.A.	C	protein	N.A.	N.A.	N.A.	N.A.
8dm3	36640338	10.1016/j.celrep.2022.111964	0	auth_asym_id	H	L	A	protein	N.A.	N.A.	N.A.	N.A.
8dm3	36640338	10.1016/j.celrep.2022.111964	0	auth_asym_id	M	N	B	protein	N.A.	N.A.	N.A.	N.A.
8dm3	36640338	10.1016/j.celrep.2022.111964	0	auth_asym_id	P	Q	C	protein	N.A.	N.A.	N.A.	N.A.
8dm4	36640338	10.1016/j.celrep.2022.111964	0	auth_asym_id	H	L	A	protein	N.A.	N.A.	N.A.	N.A.
8dmj	N.A.	N.A.	0	auth_asym_id	H	L	B	protein	N.A.	N.A.	N.A.	N.A.
8dmj	N.A.	N.A.	0	auth_asym_id	D	E	C	protein	N.A.	N.A.	N.A.	N.A.
8dn6	36977410	10.1016/j.str.2023.03.002	0	auth_asym_id	C	D	A	protein	60	ITC	277	N.A.
8dn6	36977410	10.1016/j.str.2023.03.002	0	auth_asym_id	E	F	B	protein	60	ITC	277	N.A.
8dn7	36977410	10.1016/j.str.2023.03.002	0	auth_asym_id	A	B	C	protein	N.A.	N.A.	N.A.	N.A.
8dn7	36977410	10.1016/j.str.2023.03.002	0	auth_asym_id	D	H	E	protein	N.A.	N.A.	N.A.	N.A.
8dnn	37224226	10.1126/scitranslmed.adf4549	0	auth_asym_id	B	C	A	protein	N.A.	N.A.	N.A.	N.A.
8dnn	37224226	10.1126/scitranslmed.adf4549	0	auth_asym_id	E	F	D	protein	N.A.	N.A.	N.A.	N.A.
8dok	37872202	10.1038/s41467-023-42500-2	0	auth_asym_id	M	N	A	protein	N.A.	N.A.	N.A.	N.A.
8dok	37872202	10.1038/s41467-023-42500-2	0	auth_asym_id	O	P	E	protein	N.A.	N.A.	N.A.	N.A.
8dok	37872202	10.1038/s41467-023-42500-2	0	auth_asym_id	Q	R	I	protein	N.A.	N.A.	N.A.	N.A.
8dok	37872202	10.1038/s41467-023-42500-2	0	auth_asym_id	C	D	A;B	protein;protein	N.A.	N.A.	N.A.	N.A.
8dok	37872202	10.1038/s41467-023-42500-2	0	auth_asym_id	G	H	E;F	protein;protein	N.A.	N.A.	N.A.	N.A.
8dok	37872202	10.1038/s41467-023-42500-2	0	auth_asym_id	K	L	I;J	protein;protein	N.A.	N.A.	N.A.	N.A.
8dow	N.A.	N.A.	0	auth_asym_id	C	D	A	protein	N.A.	N.A.	N.A.	N.A.
8dow	N.A.	N.A.	0	auth_asym_id	G	H	E	protein	N.A.	N.A.	N.A.	N.A.
8dow	N.A.	N.A.	0	auth_asym_id	K	L	I	protein	N.A.	N.A.	N.A.	N.A.
8dp0	37417733	10.7554/eLife.88058	0	auth_asym_id	B	N.A.	A	protein	2.1	BLI	N.A.	N.A.
8dpl	37938974	10.1016/j.celrep.2023.113366	0	auth_asym_id	A	B	D	protein	0.00375	BLI	N.A.	N.A.
8dpl	37938974	10.1016/j.celrep.2023.113366	0	auth_asym_id	F	G	I	protein	0.00375	BLI	N.A.	N.A.
8dpl	37938974	10.1016/j.celrep.2023.113366	0	auth_asym_id	K	L	M	protein	0.00375	BLI	N.A.	N.A.
8dpl	37938974	10.1016/j.celrep.2023.113366	0	auth_asym_id	C	N.A.	E;J	protein;protein	N.A.	N.A.	N.A.	N.A.
8dpl	37938974	10.1016/j.celrep.2023.113366	0	auth_asym_id	H	N.A.	I;J;N	protein;protein;protein	N.A.	N.A.	N.A.	N.A.
8dpl	37938974	10.1016/j.celrep.2023.113366	0	auth_asym_id	O	N.A.	M;E;N	protein;protein;protein	N.A.	N.A.	N.A.	N.A.
8dpm	37938974	10.1016/j.celrep.2023.113366	0	auth_asym_id	D	E	A	protein	0.00113	BLI	N.A.	N.A.
8dpm	37938974	10.1016/j.celrep.2023.113366	0	auth_asym_id	I	J	F	protein	0.00113	BLI	N.A.	N.A.
8dpm	37938974	10.1016/j.celrep.2023.113366	0	auth_asym_id	N	O	K	protein	0.00113	BLI	N.A.	N.A.
8dpm	37938974	10.1016/j.celrep.2023.113366	0	auth_asym_id	C	N.A.	A;B;L	protein;protein;protein	N.A.	N.A.	N.A.	N.A.
8dpm	37938974	10.1016/j.celrep.2023.113366	0	auth_asym_id	H	N.A.	F;B;G	protein;protein;protein	N.A.	N.A.	N.A.	N.A.
8dpm	37938974	10.1016/j.celrep.2023.113366	0	auth_asym_id	M	N.A.	K;G;L	protein;protein;protein	N.A.	N.A.	N.A.	N.A.
8dpz	N.A.	N.A.	0	auth_asym_id	F	G	B	protein	N.A.	N.A.	N.A.	N.A.
8dqu	37036856	10.1371/journal.pone.0283194	0	auth_asym_id	A	N.A.	C	protein	N.A.	N.A.	N.A.	N.A.
8dqu	37036856	10.1371/journal.pone.0283194	0	auth_asym_id	B	N.A.	F	protein	N.A.	N.A.	N.A.	N.A.
8ds5	36100308	10.1136/jitc-2022-005049	0	auth_asym_id	C	B	A	protein	5.1	SPR	N.A.	N.A.
8dt3	35926067	10.1126/sciimmunol.abp9962	0	auth_asym_id	H	L	C	protein	1.09	BLI	291	N.A.
8dt8	37276407	10.1073/pnas.2216612120	0	auth_asym_id	D	N.A.	A	protein	382	SPR	298	N.A.
8dt8	37276407	10.1073/pnas.2216612120	0	auth_asym_id	H	N.A.	A	protein	391	SPR	298	N.A.
8dtk	38187726	10.1101/2023.12.18.572191	0	auth_asym_id	C	B	A	protein	N.A.	N.A.	N.A.	N.A.
8dto	38670093	10.1016/j.chom.2024.04.006	0	auth_asym_id	C	D	A	protein	N.A.	N.A.	N.A.	N.A.
8dto	38670093	10.1016/j.chom.2024.04.006	0	auth_asym_id	G	H	E	protein	N.A.	N.A.	N.A.	N.A.
8dto	38670093	10.1016/j.chom.2024.04.006	0	auth_asym_id	K	L	I	protein	N.A.	N.A.	N.A.	N.A.
8dun	37295404	10.1016/j.cell.2023.05.019	0	auth_asym_id	N	O	B	protein	N.A.	N.A.	N.A.	N.A.
8dun	37295404	10.1016/j.cell.2023.05.019	0	auth_asym_id	H	L	G	protein	N.A.	N.A.	N.A.	N.A.
8dun	37295404	10.1016/j.cell.2023.05.019	0	auth_asym_id	I	M	K	protein	N.A.	N.A.	N.A.	N.A.
8dw2	36411391	10.1038/s41589-022-01193-2	0	auth_asym_id	D	C	B	protein	N.A.	N.A.	N.A.	N.A.
8dw2	36411391	10.1038/s41589-022-01193-2	0	auth_asym_id	H	L	B	protein	N.A.	N.A.	N.A.	N.A.
8dw3	36411391	10.1038/s41589-022-01193-2	0	auth_asym_id	D	C	B	protein	N.A.	N.A.	N.A.	N.A.
8dw3	36411391	10.1038/s41589-022-01193-2	0	auth_asym_id	H	L	B	protein	N.A.	N.A.	N.A.	N.A.
8dw9	36354024	10.1080/22221751.2022.2146538	0	auth_asym_id	H	L	A;B	protein;protein	0.202	SPR	N.A.	N.A.
8dw9	36354024	10.1080/22221751.2022.2146538	0	auth_asym_id	C	D	B	protein	0.202	SPR	N.A.	N.A.
8dwa	36354024	10.1080/22221751.2022.2146538	0	auth_asym_id	H	L	A	protein	0.188	SPR	N.A.	N.A.
8dww	37196061	10.1126/scitranslmed.ade8273	0	auth_asym_id	V	U	M	protein	N.A.	N.A.	N.A.	N.A.
8dww	37196061	10.1126/scitranslmed.ade8273	0	auth_asym_id	H	L	N	protein	N.A.	N.A.	N.A.	N.A.
8dww	37196061	10.1126/scitranslmed.ade8273	0	auth_asym_id	X	W	O	protein	N.A.	N.A.	N.A.	N.A.
8dww	37196061	10.1126/scitranslmed.ade8273	0	auth_asym_id	Z	Y	P	protein	N.A.	N.A.	N.A.	N.A.
8dwx	37196061	10.1126/scitranslmed.ade8273	0	auth_asym_id	V	U	M	protein	N.A.	N.A.	N.A.	N.A.
8dwx	37196061	10.1126/scitranslmed.ade8273	0	auth_asym_id	X	W	N	protein	N.A.	N.A.	N.A.	N.A.
8dwx	37196061	10.1126/scitranslmed.ade8273	0	auth_asym_id	Z	Y	O	protein	N.A.	N.A.	N.A.	N.A.
8dwx	37196061	10.1126/scitranslmed.ade8273	0	auth_asym_id	H	L	P	protein	N.A.	N.A.	N.A.	N.A.
8dwy	37196061	10.1126/scitranslmed.ade8273	0	auth_asym_id	V	U	M	protein	N.A.	N.A.	N.A.	N.A.
8dwy	37196061	10.1126/scitranslmed.ade8273	0	auth_asym_id	X	W	N	protein	N.A.	N.A.	N.A.	N.A.
8dwy	37196061	10.1126/scitranslmed.ade8273	0	auth_asym_id	Z	Y	O	protein	N.A.	N.A.	N.A.	N.A.
8dwy	37196061	10.1126/scitranslmed.ade8273	0	auth_asym_id	H	L	P	protein	N.A.	N.A.	N.A.	N.A.
8dxs	36354024	10.1080/22221751.2022.2146538	0	auth_asym_id	H	L	A	protein	0.143	SPR	N.A.	N.A.
8dxt	36755042	10.1038/s41467-023-36295-5	0	auth_asym_id	H	L	R	protein	0.2	BLI	298	N.A.
8dxu	36755042	10.1038/s41467-023-36295-5	0	auth_asym_id	A	B	R	protein	0.31	BLI	298	N.A.
8dxu	36755042	10.1038/s41467-023-36295-5	0	auth_asym_id	H	L	R	protein	N.A.	N.A.	N.A.	N.A.
8dy1	37074212	10.1080/19420862.2023.2195517	0	auth_asym_id	C	N.A.	A;B	protein;protein	N.A.	N.A.	N.A.	N.A.
8dy1	37074212	10.1080/19420862.2023.2195517	0	auth_asym_id	D	N.A.	A;B	protein;protein	N.A.	N.A.	N.A.	N.A.
8dy5	37074212	10.1080/19420862.2023.2195517	0	auth_asym_id	A	N.A.	C	protein	N.A.	N.A.	N.A.	N.A.
8dy5	37074212	10.1080/19420862.2023.2195517	0	auth_asym_id	B	N.A.	D	protein	N.A.	N.A.	N.A.	N.A.
8dyp	36113465	10.1016/j.cell.2022.08.020	0	auth_asym_id	B	N.A.	A	protein	N.A.	N.A.	N.A.	N.A.
8dzh	37518189	10.1038/s41392-023-01509-1	0	auth_asym_id	E	D	A	protein	N.A.	N.A.	N.A.	important KD data paper
8dzh	37518189	10.1038/s41392-023-01509-1	0	auth_asym_id	I	J	B	protein	N.A.	N.A.	N.A.	important KD data paper
8dzh	37518189	10.1038/s41392-023-01509-1	0	auth_asym_id	H	L	C	protein	N.A.	N.A.	N.A.	important KD data paper
8dzi	37518189	10.1038/s41392-023-01509-1	0	auth_asym_id	B	D	A	protein	N.A.	N.A.	N.A.	N.A.
8dzi	37518189	10.1038/s41392-023-01509-1	0	auth_asym_id	H	L	C	protein	N.A.	N.A.	N.A.	N.A.
8dzi	37518189	10.1038/s41392-023-01509-1	0	auth_asym_id	G	F	E	protein	N.A.	N.A.	N.A.	N.A.
8dzw	37516111	10.1016/j.chom.2023.07.002	0	auth_asym_id	I	M	A	protein	1.23	BLI	N.A.	N.A.
8dzw	37516111	10.1016/j.chom.2023.07.002	0	auth_asym_id	J	N	B	protein	1.23	BLI	N.A.	N.A.
8dzw	37516111	10.1016/j.chom.2023.07.002	0	auth_asym_id	H	L	C	protein	1.23	BLI	N.A.	N.A.
8e0e	36494348	10.1038/s41467-022-35025-7	0	auth_asym_id	B	N.A.	A	protein	N.A.	N.A.	N.A.	N.A.
8e1g	37083327	10.1016/j.celrep.2023.112421	0	auth_asym_id	H	L	A	protein	0.161	SPR	298	KD for Ab-Spike;structure for Ab-RBD
8e1g	37083327	10.1016/j.celrep.2023.112421	0	auth_asym_id	V	T	B	protein	0.161	SPR	298	KD for Ab-Spike;structure for Ab-RBD
8e1m	37344598	10.1038/s41586-023-06239-6	0	auth_asym_id	H	L	C	protein	N.A.	N.A.	N.A.	N.A.
8e2u	37516111	10.1016/j.chom.2023.07.002	0	auth_asym_id	H	L	A	protein	N.A.	N.A.	N.A.	N.A.
8e6j	37506693	10.1016/j.immuni.2023.07.004	0	auth_asym_id	H	L	A	protein	N.A.	N.A.	N.A.	N.A.
8e6j	37506693	10.1016/j.immuni.2023.07.004	0	auth_asym_id	E	I	B	protein	N.A.	N.A.	N.A.	N.A.
8e6j	37506693	10.1016/j.immuni.2023.07.004	0	auth_asym_id	F	J	C	protein	N.A.	N.A.	N.A.	N.A.
8e6j	37506693	10.1016/j.immuni.2023.07.004	0	auth_asym_id	G	K	D	protein	N.A.	N.A.	N.A.	N.A.
8e6k	37506693	10.1016/j.immuni.2023.07.004	0	auth_asym_id	H	L	A	protein	N.A.	N.A.	N.A.	N.A.
8e6k	37506693	10.1016/j.immuni.2023.07.004	0	auth_asym_id	E	I	B	protein	N.A.	N.A.	N.A.	N.A.
8e6k	37506693	10.1016/j.immuni.2023.07.004	0	auth_asym_id	F	J	C	protein	N.A.	N.A.	N.A.	N.A.
8e6k	37506693	10.1016/j.immuni.2023.07.004	0	auth_asym_id	G	K	D	protein	N.A.	N.A.	N.A.	N.A.
8e7m	N.A.	10.1101/2022.08.24.505169	0	auth_asym_id	H	L	A	protein	0.276	SPR	N.A.	N.A.
8e99	36309015	10.1016/j.molcel.2022.10.008	0	auth_asym_id	E	N.A.	B	protein	N.A.	N.A.	N.A.	N.A.
8eay	37516111	10.1016/j.chom.2023.07.002	0	auth_asym_id	H	L	A	protein	N.A.	N.A.	N.A.	N.A.
8eb2	36381658	10.1016/j.omto.2022.09.010	0	auth_asym_id	K	M	A	protein	N.A.	N.A.	N.A.	N.A.
8eb2	36381658	10.1016/j.omto.2022.09.010	0	auth_asym_id	J	L	D	protein	N.A.	N.A.	N.A.	N.A.
8eb2	36381658	10.1016/j.omto.2022.09.010	0	auth_asym_id	N	O	G	protein	N.A.	N.A.	N.A.	N.A.
8ebp	37516111	10.1016/j.chom.2023.07.002	0	auth_asym_id	H	L	A	protein	N.A.	N.A.	N.A.	N.A.
8ebp	37516111	10.1016/j.chom.2023.07.002	0	auth_asym_id	I	M	B	protein	N.A.	N.A.	N.A.	N.A.
8edf	37722054	10.1073/pnas.2303455120	0	auth_asym_id	H	L	A	protein	0.412	SPR	N.A.	N.A.
8ee0	37184546	10.1021/acs.biochem.3c00156	0	auth_asym_id	H	L	A	protein	N.A.	N.A.	N.A.	N.A.
8ee1	37184546	10.1021/acs.biochem.3c00156	0	auth_asym_id	B	C	A	protein	5.7	ELISA	298	N.A.
8ee1	37184546	10.1021/acs.biochem.3c00156	0	auth_asym_id	G	H	D	protein	5.7	ELISA	298	N.A.
8ee2	N.A.	N.A.	0	auth_asym_id	C	N.A.	A	protein	N.A.	N.A.	N.A.	N.A.
8ee2	N.A.	N.A.	0	auth_asym_id	L	N.A.	A;J	protein;protein	N.A.	N.A.	N.A.	N.A.
8ee2	N.A.	N.A.	0	auth_asym_id	D	N.A.	B	protein	N.A.	N.A.	N.A.	N.A.
8ee2	N.A.	N.A.	0	auth_asym_id	G	N.A.	E	protein	N.A.	N.A.	N.A.	N.A.
8ee2	N.A.	N.A.	0	auth_asym_id	H	N.A.	F	protein	N.A.	N.A.	N.A.	N.A.
8ee2	N.A.	N.A.	0	auth_asym_id	K	N.A.	I	protein	N.A.	N.A.	N.A.	N.A.
8ee5	37561630	10.1016/j.celrep.2023.112942	0	auth_asym_id	H	L	Z	protein	N.A.	N.A.	N.A.	N.A.
8ee8	37561630	10.1016/j.celrep.2023.112942	0	auth_asym_id	D	C	B	protein	N.A.	N.A.	N.A.	N.A.
8ee8	37561630	10.1016/j.celrep.2023.112942	0	auth_asym_id	H	L	Z	protein	N.A.	N.A.	N.A.	N.A.
8eed	37561630	10.1016/j.celrep.2023.112942	0	auth_asym_id	H	L	A	protein	N.A.	N.A.	N.A.	N.A.
8eed	37561630	10.1016/j.celrep.2023.112942	0	auth_asym_id	E	F	B;C	protein;protein	N.A.	N.A.	N.A.	N.A.
8eed	37561630	10.1016/j.celrep.2023.112942	0	auth_asym_id	I	J	B;C	protein;protein	N.A.	N.A.	N.A.	N.A.
8eed	37561630	10.1016/j.celrep.2023.112942	0	auth_asym_id	M	N	D	protein	N.A.	N.A.	N.A.	N.A.
8eee	37561630	10.1016/j.celrep.2023.112942	0	auth_asym_id	H	L	E	protein	N.A.	N.A.	N.A.	N.A.
8eee	37561630	10.1016/j.celrep.2023.112942	0	auth_asym_id	A	B	Z	protein	N.A.	N.A.	N.A.	N.A.
8ejh	37209096	10.1016/j.celrep.2023.112524	0	auth_asym_id	H	L	A	protein	N.A.	N.A.	N.A.	N.A.
8ejh	37209096	10.1016/j.celrep.2023.112524	0	auth_asym_id	h	l	B	protein	N.A.	N.A.	N.A.	N.A.
8ejh	37209096	10.1016/j.celrep.2023.112524	0	auth_asym_id	J	K	C	protein	N.A.	N.A.	N.A.	N.A.
8eji	37209096	10.1016/j.celrep.2023.112524	0	auth_asym_id	H	L	A	protein	N.A.	N.A.	N.A.	N.A.
8ejj	37209096	10.1016/j.celrep.2023.112524	0	auth_asym_id	h	l	a;b	protein;protein	0.5	BLI	303	N.A.
8ejj	37209096	10.1016/j.celrep.2023.112524	0	auth_asym_id	H	L	a;c	protein;protein	0.5	BLI	303	N.A.
8ejj	37209096	10.1016/j.celrep.2023.112524	0	auth_asym_id	I	J	b;c	protein;protein	0.5	BLI	303	N.A.
8ekd	38720086	10.1038/s41586-024-07385-1	0	auth_asym_id	E	F	G	protein	N.A.	N.A.	N.A.	N.A.
8el2	37531329	10.1371/journal.ppat.1011532	0	auth_asym_id	H	L	A	protein	0.55	ELISA	N.A.	KD estimated from figure
8el2	37531329	10.1371/journal.ppat.1011532	0	auth_asym_id	I	K	B	protein	0.55	ELISA	N.A.	KD estimated from figure
8elj	37531329	10.1371/journal.ppat.1011532	0	auth_asym_id	U	V	A	protein	0.01648	ELISA	N.A.	N.A.
8elj	37531329	10.1371/journal.ppat.1011532	0	auth_asym_id	S	T	B	protein	0.01648	ELISA	N.A.	N.A.
8elj	37531329	10.1371/journal.ppat.1011532	0	auth_asym_id	W	X	C	protein	0.01648	ELISA	N.A.	N.A.
8eln	N.A.	N.A.	0	auth_asym_id	C	N.A.	A	protein	N.A.	N.A.	N.A.	N.A.
8eln	N.A.	N.A.	0	auth_asym_id	D	N.A.	B	protein	N.A.	N.A.	N.A.	N.A.
8eln	N.A.	N.A.	0	auth_asym_id	G	N.A.	E	protein	N.A.	N.A.	N.A.	N.A.
8eln	N.A.	N.A.	0	auth_asym_id	H	N.A.	F	protein	N.A.	N.A.	N.A.	N.A.
8eln	N.A.	N.A.	0	auth_asym_id	K	N.A.	I	protein	N.A.	N.A.	N.A.	N.A.
8eln	N.A.	N.A.	0	auth_asym_id	L	N.A.	J	protein	N.A.	N.A.	N.A.	N.A.
8elo	37276407	10.1073/pnas.2216612120	0	auth_asym_id	B	N.A.	A	protein	143	SPR	298	N.A.
8elo	37276407	10.1073/pnas.2216612120	0	auth_asym_id	H	L	A	protein	N.A.	N.A.	N.A.	N.A.
8emy	36971561	10.1128/jvi.01833-22	0	auth_asym_id	G	N.A.	A	protein	30.1	ITC	298	N.A.
8emy	36971561	10.1128/jvi.01833-22	0	auth_asym_id	J	N.A.	B	protein	30.1	ITC	298	N.A.
8emy	36971561	10.1128/jvi.01833-22	0	auth_asym_id	H	N.A.	C	protein	30.1	ITC	298	N.A.
8emy	36971561	10.1128/jvi.01833-22	0	auth_asym_id	K	N.A.	D	protein	30.1	ITC	298	N.A.
8emy	36971561	10.1128/jvi.01833-22	0	auth_asym_id	L	N.A.	E	protein	30.1	ITC	298	N.A.
8emy	36971561	10.1128/jvi.01833-22	0	auth_asym_id	I	N.A.	F	protein	30.1	ITC	298	N.A.
8emz	36971561	10.1128/jvi.01833-22	0	auth_asym_id	B	N.A.	A	protein	7.5	ITC	298	N.A.
8en0	36971561	10.1128/jvi.01833-22	0	auth_asym_id	D	N.A.	A	protein	40.9	ITC	298	N.A.
8en1	36971561	10.1128/jvi.01833-22	0	auth_asym_id	C	N.A.	A;B	protein;protein	180	ITC	298	N.A.
8en1	36971561	10.1128/jvi.01833-22	0	auth_asym_id	D	N.A.	A;B	protein;protein	180	ITC	298	N.A.
8en2	36971561	10.1128/jvi.01833-22	0	auth_asym_id	D	N.A.	A	protein	4.8	ITC	298	N.A.
8en2	36971561	10.1128/jvi.01833-22	0	auth_asym_id	C	N.A.	B	protein	4.8	ITC	298	N.A.
8en3	36971561	10.1128/jvi.01833-22	0	auth_asym_id	C	N.A.	A;B	protein;protein	101	ITC	298	N.A.
8en3	36971561	10.1128/jvi.01833-22	0	auth_asym_id	D	N.A.	A;B	protein;protein	101	ITC	298	N.A.
8en4	36971561	10.1128/jvi.01833-22	0	auth_asym_id	D	N.A.	A	protein	16	ITC	298	N.A.
8en4	36971561	10.1128/jvi.01833-22	0	auth_asym_id	C	N.A.	B	protein	16	ITC	298	N.A.
8en5	36971561	10.1128/jvi.01833-22	0	auth_asym_id	E	N.A.	A;B	protein;protein	3.8	ITC	298	N.A.
8en5	36971561	10.1128/jvi.01833-22	0	auth_asym_id	F	N.A.	A;B	protein;protein	3.8	ITC	298	N.A.
8en5	36971561	10.1128/jvi.01833-22	0	auth_asym_id	G	N.A.	C;D	protein;protein	3.8	ITC	298	N.A.
8en5	36971561	10.1128/jvi.01833-22	0	auth_asym_id	H	N.A.	C;D	protein;protein	3.8	ITC	298	N.A.
8en6	36971561	10.1128/jvi.01833-22	0	auth_asym_id	C	N.A.	A	protein	56.7	ITC	298	N.A.
8en6	36971561	10.1128/jvi.01833-22	0	auth_asym_id	D	N.A.	B	protein	56.7	ITC	298	N.A.
8eoo	37395646	10.1128/jvi.01596-22	0	auth_asym_id	A	B	C	protein	N.A.	N.A.	N.A.	N.A.
8eoo	37395646	10.1128/jvi.01596-22	0	auth_asym_id	F	K	D	protein	N.A.	N.A.	N.A.	N.A.
8eoo	37395646	10.1128/jvi.01596-22	0	auth_asym_id	H	L	C	protein	1.1	BLI	303	N.A.
8eoo	37395646	10.1128/jvi.01596-22	0	auth_asym_id	E	J	D	protein	1.1	BLI	303	N.A.
8epa	36630481	10.1126/scitranslmed.abo0205	0	auth_asym_id	A	B	I	protein	N.A.	N.A.	N.A.	N.A.
8epa	36630481	10.1126/scitranslmed.abo0205	0	auth_asym_id	H	L	I	protein	N.A.	N.A.	N.A.	N.A.
8eqf	38054729	10.1128/mbio.02477-23	0	auth_asym_id	H	L	A	protein	0.125	BLI	293	N.A.
8erq	36264829	10.1126/science.adc9127	0	auth_asym_id	H	L	A	protein	15.54	SPR	298	Geometric mean of two replicates
8err	36264829	10.1126/science.adc9127	0	auth_asym_id	H	L	A	protein	15.54	SPR	298	Geometric mean of two replicates
8err	36264829	10.1126/science.adc9127	0	auth_asym_id	I	J	B	protein	15.54	SPR	298	Geometric mean of two replicates
8err	36264829	10.1126/science.adc9127	0	auth_asym_id	E	F	C	protein	15.54	SPR	298	Geometric mean of two replicates
8esv	37516108	10.1016/j.cell.2023.06.026	0	auth_asym_id	H	L	A	protein	N.A.	N.A.	N.A.	N.A.
8et0	N.A.	N.A.	0	auth_asym_id	C	N.A.	A	protein	N.A.	N.A.	N.A.	N.A.
8et0	N.A.	N.A.	0	auth_asym_id	D	N.A.	B	protein	N.A.	N.A.	N.A.	N.A.
8evd	N.A.	N.A.	0	auth_asym_id	A	N.A.	C;H	protein;protein	N.A.	N.A.	N.A.	N.A.
8evd	N.A.	N.A.	0	auth_asym_id	F	N.A.	C;H	protein;protein	N.A.	N.A.	N.A.	N.A.
8evd	N.A.	N.A.	0	auth_asym_id	B	N.A.	D	protein	N.A.	N.A.	N.A.	N.A.
8evd	N.A.	N.A.	0	auth_asym_id	E	N.A.	G	protein	N.A.	N.A.	N.A.	N.A.
8evd	N.A.	N.A.	0	auth_asym_id	I	N.A.	K	protein	N.A.	N.A.	N.A.	N.A.
8evd	N.A.	N.A.	0	auth_asym_id	J	N.A.	L	protein	N.A.	N.A.	N.A.	N.A.
8ew6	36346438	10.1007/s00259-022-05998-0	0	auth_asym_id	V	N.A.	W	protein	2.4	SPR	291	N.A.
8eyg	N.A.	N.A.	0	auth_asym_id	F	N.A.	B;C	protein;protein	N.A.	N.A.	N.A.	N.A.
8eyh	N.A.	N.A.	0	auth_asym_id	D	N.A.	A	protein	N.A.	N.A.	N.A.	N.A.
8ez3	37967533	10.1016/j.immuni.2023.10.005	0	auth_asym_id	H	L	A	protein	8	BLI	N.A.	important KD data paper
8ez7	37967533	10.1016/j.immuni.2023.10.005	0	auth_asym_id	H	L	A	protein	8	BLI	N.A.	N.A.
8ez8	37967533	10.1016/j.immuni.2023.10.005	0	auth_asym_id	H	L	A	protein	4	BLI	N.A.	N.A.
8ezk	37542029	10.1038/s41541-023-00712-z	0	auth_asym_id	H	N.A.	A	protein	0.37	BLI	N.A.	N.A.
8ezk	37542029	10.1038/s41541-023-00712-z	0	auth_asym_id	I	N.A.	B	protein	0.37	BLI	N.A.	N.A.
8ezl	37542029	10.1038/s41541-023-00712-z	0	auth_asym_id	H	N.A.	A	protein	68.6	BLI	N.A.	N.A.
8ezm	37542029	10.1038/s41541-023-00712-z	0	auth_asym_id	H	N.A.	A	protein	8.71	BLI	N.A.	N.A.
8f0h	37083327	10.1016/j.celrep.2023.112421	0	auth_asym_id	B	D	C	protein	0.383	SPR	298	KD for Ab-Spike;structure for Ab-RBD
8f0h	37083327	10.1016/j.celrep.2023.112421	0	auth_asym_id	H	L	C	protein	0.161	SPR	298	KD for Ab-Spike;structure for Ab-RBD
8f0i	37841584	10.1016/j.isci.2023.108009	0	auth_asym_id	C	D	A;B	protein;protein	N.A.	N.A.	N.A.	N.A.
8f0i	37841584	10.1016/j.isci.2023.108009	0	auth_asym_id	E	F	B	protein	N.A.	N.A.	N.A.	N.A.
8f0i	37841584	10.1016/j.isci.2023.108009	0	auth_asym_id	H	I	G	protein	N.A.	N.A.	N.A.	N.A.
8f2j	N.A.	N.A.	0	auth_asym_id	A	B	C	protein	N.A.	N.A.	N.A.	N.A.
8f2j	N.A.	N.A.	0	auth_asym_id	H	L	E	protein	N.A.	N.A.	N.A.	N.A.
8f2j	N.A.	N.A.	0	auth_asym_id	D	F	G	protein	N.A.	N.A.	N.A.	N.A.
8f2j	N.A.	N.A.	0	auth_asym_id	I	J	K	protein	N.A.	N.A.	N.A.	N.A.
8f2x	N.A.	N.A.	0	auth_asym_id	H	L	A	protein	N.A.	N.A.	N.A.	N.A.
8f38	38810648	10.1016/j.str.2024.05.001	0	auth_asym_id	E	H	A	protein	N.A.	N.A.	N.A.	N.A.
8f38	38810648	10.1016/j.str.2024.05.001	0	auth_asym_id	D	G	B	protein	N.A.	N.A.	N.A.	N.A.
8f38	38810648	10.1016/j.str.2024.05.001	0	auth_asym_id	F	I	C	protein	N.A.	N.A.	N.A.	N.A.
8f5i	38036525	10.1038/s41467-023-43638-9	0	auth_asym_id	X	Y	A	protein	0.6	SPR	N.A.	N.A.
8f5i	38036525	10.1038/s41467-023-43638-9	0	auth_asym_id	H	L	B	protein	0.6	SPR	N.A.	N.A.
8f5n	36809931	10.1080/21505594.2023.2180228	0	auth_asym_id	H	L	A	protein	N.A.	N.A.	N.A.	N.A.
8f60	37279757	10.1016/j.str.2023.05.011	0	auth_asym_id	A	B	C	protein	N.A.	N.A.	N.A.	N.A.
8f6e	37906094	10.7554/eLife.87167	0	auth_asym_id	D	C	A	protein	N.A.	N.A.	N.A.	N.A.
8f6e	37906094	10.7554/eLife.87167	0	auth_asym_id	F	E	B	protein	N.A.	N.A.	N.A.	N.A.
8f6f	37906094	10.7554/eLife.87167	0	auth_asym_id	D	C	A	protein	N.A.	N.A.	N.A.	N.A.
8f6f	37906094	10.7554/eLife.87167	0	auth_asym_id	F	E	B	protein	N.A.	N.A.	N.A.	N.A.
8f6h	37906094	10.7554/eLife.87167	0	auth_asym_id	D	C	A	protein	N.A.	N.A.	N.A.	N.A.
8f6h	37906094	10.7554/eLife.87167	0	auth_asym_id	F	E	B	protein	N.A.	N.A.	N.A.	N.A.
8f6i	37906094	10.7554/eLife.87167	0	auth_asym_id	D	C	A	protein	N.A.	N.A.	N.A.	N.A.
8f6i	37906094	10.7554/eLife.87167	0	auth_asym_id	F	E	B	protein	N.A.	N.A.	N.A.	N.A.
8f6j	37906094	10.7554/eLife.87167	0	auth_asym_id	D	C	A	protein	N.A.	N.A.	N.A.	N.A.
8f6j	37906094	10.7554/eLife.87167	0	auth_asym_id	F	E	B	protein	N.A.	N.A.	N.A.	N.A.
8f6l	37279757	10.1016/j.str.2023.05.011	0	auth_asym_id	A	B	C	protein	N.A.	N.A.	N.A.	N.A.
8f6o	37279757	10.1016/j.str.2023.05.011	0	auth_asym_id	A	B	C	protein	N.A.	N.A.	N.A.	N.A.
8f6u	N.A.	N.A.	0	auth_asym_id	A	N.A.	C	protein	N.A.	N.A.	N.A.	N.A.
8f6u	N.A.	N.A.	0	auth_asym_id	B	N.A.	D	protein	N.A.	N.A.	N.A.	N.A.
8f6v	N.A.	N.A.	0	auth_asym_id	A	N.A.	C	protein	N.A.	N.A.	N.A.	N.A.
8f6v	N.A.	N.A.	0	auth_asym_id	B	N.A.	D	protein	N.A.	N.A.	N.A.	N.A.
8f6x	N.A.	N.A.	0	auth_asym_id	F	N.A.	A;B	protein;protein	N.A.	N.A.	N.A.	N.A.
8f6x	N.A.	N.A.	0	auth_asym_id	E	N.A.	A;C	protein;protein	N.A.	N.A.	N.A.	N.A.
8f6x	N.A.	N.A.	0	auth_asym_id	D	N.A.	B;C	protein;protein	N.A.	N.A.	N.A.	N.A.
8f8w	37202422	10.1038/s41467-023-38453-1	0	auth_asym_id	D	N.A.	A	protein	142	SPR	N.A.	N.A.
8f8w	37202422	10.1038/s41467-023-38453-1	0	auth_asym_id	C	N.A.	A;B	protein;protein	142	SPR	N.A.	N.A.
8f8w	37202422	10.1038/s41467-023-38453-1	0	auth_asym_id	H	N.A.	E	protein	142	SPR	N.A.	N.A.
8f8w	37202422	10.1038/s41467-023-38453-1	0	auth_asym_id	G	N.A.	F	protein	142	SPR	N.A.	N.A.
8f8x	37202422	10.1038/s41467-023-38453-1	0	auth_asym_id	D	N.A.	A	protein	142	SPR	N.A.	N.A.
8f8x	37202422	10.1038/s41467-023-38453-1	0	auth_asym_id	C	N.A.	A;B	protein;protein	142	SPR	N.A.	N.A.
8fah	38157856	10.1016/j.str.2023.11.015	0	auth_asym_id	H	L	A	protein	N.A.	N.A.	N.A.	N.A.
8fcz	37626045	10.1038/s41467-023-40911-9	0	auth_asym_id	C	N.A.	A	protein	117	SPR	293	N.A.
8fcz	37626045	10.1038/s41467-023-40911-9	0	auth_asym_id	D	N.A.	B	protein	117	SPR	293	N.A.
8fd0	37626045	10.1038/s41467-023-40911-9	0	auth_asym_id	C	N.A.	A	protein	117	SPR	293	N.A.
8fd0	37626045	10.1038/s41467-023-40911-9	0	auth_asym_id	D	N.A.	B	protein	117	SPR	293	N.A.
8fd1	37626045	10.1038/s41467-023-40911-9	0	auth_asym_id	C	N.A.	A	protein	N.A.	N.A.	N.A.	N.A.
8fd1	37626045	10.1038/s41467-023-40911-9	0	auth_asym_id	D	N.A.	B	protein	N.A.	N.A.	N.A.	N.A.
8fdo	38036525	10.1038/s41467-023-43638-9	0	auth_asym_id	A	B	C	protein	0.6	SPR	N.A.	N.A.
8fe3	36638211	10.1073/pnas.2218899120	0	auth_asym_id	H	L	B	protein	N.A.	N.A.	N.A.	N.A.
8fe3	36638211	10.1073/pnas.2218899120	0	auth_asym_id	M	N	D	protein	N.A.	N.A.	N.A.	N.A.
8fe3	36638211	10.1073/pnas.2218899120	0	auth_asym_id	O	P	F	protein	N.A.	N.A.	N.A.	N.A.
8fe4	36638211	10.1073/pnas.2218899120	0	auth_asym_id	H	L	B	protein	N.A.	N.A.	N.A.	N.A.
8fe4	36638211	10.1073/pnas.2218899120	0	auth_asym_id	M	N	D	protein	N.A.	N.A.	N.A.	N.A.
8fe4	36638211	10.1073/pnas.2218899120	0	auth_asym_id	O	P	F	protein	N.A.	N.A.	N.A.	N.A.
8ffe	36893265	10.1073/pnas.2218238120	0	auth_asym_id	H	L	A	protein	N.A.	N.A.	N.A.	N.A.
8fgx	37643795	10.1124/jpet.123.001740	0	auth_asym_id	B	A	C	protein	1.07	SPR	310	N.A.
8fhy	38172512	10.1038/s41467-023-44265-0	0	auth_asym_id	C	B	A	protein	1.09	BLI	303	N.A.
8fhy	38172512	10.1038/s41467-023-44265-0	0	auth_asym_id	F	E	D	protein	1.09	BLI	303	N.A.
8fhy	38172512	10.1038/s41467-023-44265-0	0	auth_asym_id	H	L	I	protein	1.09	BLI	303	N.A.
8fi9	38172512	10.1038/s41467-023-44265-0	0	auth_asym_id	H	L	A	protein	0.69	BLI	303	N.A.
8fi9	38172512	10.1038/s41467-023-44265-0	0	auth_asym_id	G	F	C	protein	0.69	BLI	303	N.A.
8fi9	38172512	10.1038/s41467-023-44265-0	0	auth_asym_id	Q	N	K	protein	0.69	BLI	303	N.A.
8fi9	38172512	10.1038/s41467-023-44265-0	0	auth_asym_id	J	I	O	protein	0.69	BLI	303	N.A.
8fsj	37407593	10.1038/s41467-023-39659-z	0	auth_asym_id	C	B	E	protein	N.A.	N.A.	N.A.	N.A.
8fsj	37407593	10.1038/s41467-023-39659-z	0	auth_asym_id	H	L	E	protein	N.A.	N.A.	N.A.	N.A.
8fxb	37648855	10.1038/s41586-023-06487-6	0	auth_asym_id	H	L	E	protein	2	SPR	298	N.A.
8fxc	37648855	10.1038/s41586-023-06487-6	0	auth_asym_id	H	L	E	protein	30	SPR	298	N.A.
8fxs	37279271	10.1073/pnas.2304874120	0	auth_asym_id	D	N.A.	A	protein	N.A.	N.A.	N.A.	N.A.
8fxs	37279271	10.1073/pnas.2304874120	0	auth_asym_id	E	N.A.	B	protein	N.A.	N.A.	N.A.	N.A.
8fxv	37279271	10.1073/pnas.2304874120	0	auth_asym_id	B	N.A.	A	protein	N.A.	N.A.	N.A.	N.A.
8g0i	N.A.	10.1101/2023.10.22.563475	0	auth_asym_id	D	N.A.	A	protein	N.A.	N.A.	N.A.	N.A.
8g0w	N.A.	N.A.	0	auth_asym_id	C	N.A.	A	protein	N.A.	N.A.	N.A.	N.A.
8g0w	N.A.	N.A.	0	auth_asym_id	D	N.A.	B	protein	N.A.	N.A.	N.A.	N.A.
8g0w	N.A.	N.A.	0	auth_asym_id	G	N.A.	E	protein	N.A.	N.A.	N.A.	N.A.
8g0w	N.A.	N.A.	0	auth_asym_id	H	N.A.	F	protein	N.A.	N.A.	N.A.	N.A.
8g30	37258672	10.1038/s41586-023-06136-y	0	auth_asym_id	E	F	M	protein	0.92	SPR	298	N.A.
8g30	37258672	10.1038/s41586-023-06136-y	0	auth_asym_id	G	I	N	protein	0.92	SPR	298	N.A.
8g30	37258672	10.1038/s41586-023-06136-y	0	auth_asym_id	H	L	O	protein	0.92	SPR	298	N.A.
8g30	37258672	10.1038/s41586-023-06136-y	0	auth_asym_id	J	K	P	protein	0.92	SPR	298	N.A.
8g3m	37258672	10.1038/s41586-023-06136-y	0	auth_asym_id	E	F	G	protein	4.08	SPR	298	N.A.
8g3m	37258672	10.1038/s41586-023-06136-y	0	auth_asym_id	A	D	J	protein	4.08	SPR	298	N.A.
8g3m	37258672	10.1038/s41586-023-06136-y	0	auth_asym_id	C	I	L	protein	4.08	SPR	298	N.A.
8g3n	37258672	10.1038/s41586-023-06136-y	0	auth_asym_id	E	F	G	protein	4.08	SPR	298	N.A.
8g3n	37258672	10.1038/s41586-023-06136-y	0	auth_asym_id	A	D	J	protein	4.08	SPR	298	N.A.
8g3n	37258672	10.1038/s41586-023-06136-y	0	auth_asym_id	B	H	K	protein	4.08	SPR	298	N.A.
8g3n	37258672	10.1038/s41586-023-06136-y	0	auth_asym_id	C	I	L	protein	4.08	SPR	298	N.A.
8g3o	37258672	10.1038/s41586-023-06136-y	0	auth_asym_id	C	I	B	protein	16	SPR	298	N.A.
8g3o	37258672	10.1038/s41586-023-06136-y	0	auth_asym_id	A	D	G	protein	16	SPR	298	N.A.
8g3o	37258672	10.1038/s41586-023-06136-y	0	auth_asym_id	E	F	H	protein	16	SPR	298	N.A.
8g3p	37258672	10.1038/s41586-023-06136-y	0	auth_asym_id	F	J	A	protein	16	SPR	298	N.A.
8g3p	37258672	10.1038/s41586-023-06136-y	0	auth_asym_id	C	I	B	protein	16	SPR	298	N.A.
8g3p	37258672	10.1038/s41586-023-06136-y	0	auth_asym_id	G	K	D	protein	16	SPR	298	N.A.
8g3p	37258672	10.1038/s41586-023-06136-y	0	auth_asym_id	H	L	E	protein	16	SPR	298	N.A.
8g3q	37258672	10.1038/s41586-023-06136-y	0	auth_asym_id	I	D	E	protein	27.3	SPR	298	N.A.
8g3q	37258672	10.1038/s41586-023-06136-y	0	auth_asym_id	A	L	F	protein	27.3	SPR	298	N.A.
8g3q	37258672	10.1038/s41586-023-06136-y	0	auth_asym_id	C	B	G	protein	27.3	SPR	298	N.A.
8g3r	37258672	10.1038/s41586-023-06136-y	0	auth_asym_id	C	B	G	protein	234	SPR	298	N.A.
8g3v	37258672	10.1038/s41586-023-06136-y	0	auth_asym_id	A	L	G	protein	15.1	SPR	298	N.A.
8g3v	37258672	10.1038/s41586-023-06136-y	0	auth_asym_id	B	M	H	protein	15.1	SPR	298	N.A.
8g3v	37258672	10.1038/s41586-023-06136-y	0	auth_asym_id	C	N	I	protein	15.1	SPR	298	N.A.
8g3v	37258672	10.1038/s41586-023-06136-y	0	auth_asym_id	D	O	J	protein	15.1	SPR	298	N.A.
8g3z	37258672	10.1038/s41586-023-06136-y	0	auth_asym_id	G	I	A	protein	N.A.	N.A.	N.A.	N.A.
8g3z	37258672	10.1038/s41586-023-06136-y	0	auth_asym_id	J	K	B	protein	N.A.	N.A.	N.A.	N.A.
8g3z	37258672	10.1038/s41586-023-06136-y	0	auth_asym_id	H	L	C	protein	N.A.	N.A.	N.A.	N.A.
8g3z	37258672	10.1038/s41586-023-06136-y	0	auth_asym_id	E	F	D	protein	N.A.	N.A.	N.A.	N.A.
8g40	37258672	10.1038/s41586-023-06136-y	0	auth_asym_id	A	L	G	protein	15.1	SPR	298	N.A.
8g40	37258672	10.1038/s41586-023-06136-y	0	auth_asym_id	B	M	H	protein	15.1	SPR	298	N.A.
8g40	37258672	10.1038/s41586-023-06136-y	0	auth_asym_id	C	N	I	protein	15.1	SPR	298	N.A.
8g4o	37730991	10.1038/s41586-023-06556-w	0	auth_asym_id	H	L	A	protein	0.5	N.A.	N.A.	N.A.
8g4o	37730991	10.1038/s41586-023-06556-w	0	auth_asym_id	J	K	C	protein	0.5	N.A.	N.A.	N.A.
8g4p	38168500	10.1111/cea.14433	0	auth_asym_id	A	B	E	protein	0.00335	BLI	N.A.	N.A.
8g4p	38168500	10.1111/cea.14433	0	auth_asym_id	C	D	E	protein	0.0134	BLI	N.A.	N.A.
8g5a	N.A.	N.A.	0	auth_asym_id	H	L	A	protein	N.A.	N.A.	N.A.	N.A.
8g5a	N.A.	N.A.	0	auth_asym_id	I	M	B	protein	N.A.	N.A.	N.A.	N.A.
8g5a	N.A.	N.A.	0	auth_asym_id	J	N	C	protein	N.A.	N.A.	N.A.	N.A.
8g5b	N.A.	N.A.	0	auth_asym_id	H	L	A	protein	N.A.	N.A.	N.A.	N.A.
8g5b	N.A.	N.A.	0	auth_asym_id	I	M	A	protein	N.A.	N.A.	N.A.	N.A.
8g5b	N.A.	N.A.	0	auth_asym_id	J	N	A	protein	N.A.	N.A.	N.A.	N.A.
8g6i	37192299	10.1182/blood.2023020181	0	auth_asym_id	C	B	A	protein	N.A.	N.A.	N.A.	N.A.
8g6u	37872202	10.1038/s41467-023-42500-2	0	auth_asym_id	M	N	A	protein	N.A.	N.A.	N.A.	N.A.
8g6u	37872202	10.1038/s41467-023-42500-2	0	auth_asym_id	O	P	E	protein	N.A.	N.A.	N.A.	N.A.
8g6u	37872202	10.1038/s41467-023-42500-2	0	auth_asym_id	Q	R	I	protein	N.A.	N.A.	N.A.	N.A.
8g6u	37872202	10.1038/s41467-023-42500-2	0	auth_asym_id	C	D	A;B	protein;protein	N.A.	N.A.	N.A.	N.A.
8g6u	37872202	10.1038/s41467-023-42500-2	0	auth_asym_id	G	H	E;F	protein;protein	N.A.	N.A.	N.A.	N.A.
8g6u	37872202	10.1038/s41467-023-42500-2	0	auth_asym_id	K	L	I;J	protein;protein	N.A.	N.A.	N.A.	N.A.
8g70	N.A.	N.A.	0	auth_asym_id	E	N.A.	A	protein	N.A.	N.A.	N.A.	N.A.
8g70	N.A.	N.A.	0	auth_asym_id	H	N.A.	B	protein	N.A.	N.A.	N.A.	N.A.
8g70	N.A.	N.A.	0	auth_asym_id	I	N.A.	D	protein	N.A.	N.A.	N.A.	N.A.
8g70	N.A.	N.A.	0	auth_asym_id	K	N.A.	A	protein	N.A.	N.A.	N.A.	N.A.
8g70	N.A.	N.A.	0	auth_asym_id	G	N.A.	B	protein	N.A.	N.A.	N.A.	N.A.
8g70	N.A.	N.A.	0	auth_asym_id	F	N.A.	D	protein	N.A.	N.A.	N.A.	N.A.
8g70	N.A.	N.A.	0	auth_asym_id	O	N.A.	A;B	protein;protein	N.A.	N.A.	N.A.	N.A.
8g70	N.A.	N.A.	0	auth_asym_id	M	N.A.	B	protein	N.A.	N.A.	N.A.	N.A.
8g70	N.A.	N.A.	0	auth_asym_id	N	N.A.	D	protein	N.A.	N.A.	N.A.	N.A.
8g72	37855638	10.1128/jvi.01448-23	0	auth_asym_id	A	N.A.	B	protein	0.527	SPR	N.A.	N.A.
8g73	37855638	10.1128/jvi.01448-23	0	auth_asym_id	C	N.A.	B	protein	4.55	SPR	N.A.	N.A.
8g73	37855638	10.1128/jvi.01448-23	0	auth_asym_id	E	N.A.	B	protein	4.55	SPR	N.A.	N.A.
8g73	37855638	10.1128/jvi.01448-23	0	auth_asym_id	F	N.A.	D	protein	4.55	SPR	N.A.	N.A.
8g74	37855638	10.1128/jvi.01448-23	0	auth_asym_id	E	N.A.	A;B	protein;protein	4.55	SPR	N.A.	N.A.
8g74	37855638	10.1128/jvi.01448-23	0	auth_asym_id	C	N.A.	B	protein	4.55	SPR	N.A.	N.A.
8g75	37855638	10.1128/jvi.01448-23	0	auth_asym_id	E	N.A.	A	protein	0.184	SPR	N.A.	N.A.
8g75	37855638	10.1128/jvi.01448-23	0	auth_asym_id	F	N.A.	A;B	protein;protein	0.184	SPR	N.A.	N.A.
8g75	37855638	10.1128/jvi.01448-23	0	auth_asym_id	G	N.A.	D	protein	0.184	SPR	N.A.	N.A.
8g76	39236072	10.1371/journal.ppat.1012493	0	auth_asym_id	E	N.A.	A	protein	N.A.	N.A.	N.A.	N.A.
8g76	39236072	10.1371/journal.ppat.1012493	0	auth_asym_id	H	N.A.	B	protein	N.A.	N.A.	N.A.	N.A.
8g76	39236072	10.1371/journal.ppat.1012493	0	auth_asym_id	I	N.A.	D	protein	N.A.	N.A.	N.A.	N.A.
8g77	39236072	10.1371/journal.ppat.1012493	0	auth_asym_id	K	N.A.	A	protein	N.A.	N.A.	N.A.	N.A.
8g77	39236072	10.1371/journal.ppat.1012493	0	auth_asym_id	G	N.A.	B	protein	N.A.	N.A.	N.A.	N.A.
8g77	39236072	10.1371/journal.ppat.1012493	0	auth_asym_id	F	N.A.	D	protein	N.A.	N.A.	N.A.	N.A.
8g78	N.A.	N.A.	0	auth_asym_id	J	N.A.	A	protein	N.A.	N.A.	N.A.	N.A.
8g78	N.A.	N.A.	0	auth_asym_id	H	N.A.	B	protein	N.A.	N.A.	N.A.	N.A.
8g78	N.A.	N.A.	0	auth_asym_id	I	N.A.	D	protein	N.A.	N.A.	N.A.	N.A.
8g78	N.A.	N.A.	0	auth_asym_id	E	N.A.	A	protein	N.A.	N.A.	N.A.	N.A.
8g78	N.A.	N.A.	0	auth_asym_id	G	N.A.	B	protein	N.A.	N.A.	N.A.	N.A.
8g78	N.A.	N.A.	0	auth_asym_id	F	N.A.	D	protein	N.A.	N.A.	N.A.	N.A.
8g7a	N.A.	N.A.	0	auth_asym_id	E	N.A.	A;B	protein;protein	N.A.	N.A.	N.A.	N.A.
8g7a	N.A.	N.A.	0	auth_asym_id	C	N.A.	B	protein	N.A.	N.A.	N.A.	N.A.
8g7a	N.A.	N.A.	0	auth_asym_id	F	N.A.	D	protein	N.A.	N.A.	N.A.	N.A.
8g7b	N.A.	N.A.	0	auth_asym_id	E	N.A.	A;B	protein;protein	N.A.	N.A.	N.A.	N.A.
8g7b	N.A.	N.A.	0	auth_asym_id	C	N.A.	B	protein	N.A.	N.A.	N.A.	N.A.
8g7c	N.A.	N.A.	0	auth_asym_id	E	N.A.	A	protein	N.A.	N.A.	N.A.	N.A.
8g7c	N.A.	N.A.	0	auth_asym_id	G	N.A.	D	protein	N.A.	N.A.	N.A.	N.A.
8g8w	37256948	10.1126/sciadv.adh4251	0	auth_asym_id	B	N.A.	A	protein	N.A.	N.A.	N.A.	N.A.
8g8w	37256948	10.1126/sciadv.adh4251	0	auth_asym_id	C	N.A.	A	protein	N.A.	N.A.	N.A.	N.A.
8gat	38430907	10.1016/j.immuni.2024.02.003	0	auth_asym_id	M	N	A	protein	N.A.	N.A.	N.A.	N.A.
8gau	38430907	10.1016/j.immuni.2024.02.003	0	auth_asym_id	H	L	A	protein	8.14	BLI	303	important KD data paper
8gau	38430907	10.1016/j.immuni.2024.02.003	0	auth_asym_id	M	N	A	protein	N.A.	N.A.	N.A.	N.A.
8gav	38430907	10.1016/j.immuni.2024.02.003	0	auth_asym_id	H	L	A	protein	3.73	BLI	303	N.A.
8gb5	37163615	10.1126/scitranslmed.adg7404	0	auth_asym_id	B	C	A	protein	<0.1	BLI	N.A.	N.A.
8gb5	37163615	10.1126/scitranslmed.adg7404	0	auth_asym_id	F	E	D	protein	<0.1	BLI	N.A.	N.A.
8gb5	37163615	10.1126/scitranslmed.adg7404	0	auth_asym_id	I	H	G	protein	<0.1	BLI	N.A.	N.A.
8gb5	37163615	10.1126/scitranslmed.adg7404	0	auth_asym_id	L	K	J	protein	<0.1	BLI	N.A.	N.A.
8gb6	37163615	10.1126/scitranslmed.adg7404	0	auth_asym_id	H	L	A	protein	<0.1	BLI	N.A.	N.A.
8gb7	37163615	10.1126/scitranslmed.adg7404	0	auth_asym_id	H	L	A	protein	<0.1	BLI	N.A.	N.A.
8gb8	37163615	10.1126/scitranslmed.adg7404	0	auth_asym_id	H	L	E	protein	N.A.	N.A.	N.A.	N.A.
8gdr	N.A.	N.A.	0	auth_asym_id	H	J	E	protein	N.A.	N.A.	N.A.	N.A.
8gdr	N.A.	N.A.	0	auth_asym_id	C	D	E;F	protein;protein	N.A.	N.A.	N.A.	N.A.
8gf2	37582161	10.1126/scisignal.abk3516	0	auth_asym_id	C	D	A	protein	N.A.	N.A.	N.A.	N.A.
8gf2	37582161	10.1126/scisignal.abk3516	0	auth_asym_id	E	F	B	protein	N.A.	N.A.	N.A.	N.A.
8gf2	37582161	10.1126/scisignal.abk3516	0	auth_asym_id	H	L	A	protein	0.0714	SPR	298	important KD data paper;CR3022 mutations
8gf2	37582161	10.1126/scisignal.abk3516	0	auth_asym_id	X	Y	B	protein	0.0714	SPR	298	important KD data paper;CR3022 mutations
8gh4	36917886	10.1016/j.biopha.2023.114494	0	auth_asym_id	H	L	E	protein	3.3	BLI	N.A.	N.A.
8ghp	37591971	10.1038/s41598-023-40467-0	0	auth_asym_id	H	L	A	protein	N.A.	N.A.	N.A.	N.A.
8ghr	37400538	10.1038/s41589-023-01368-5	0	auth_asym_id	C	N.A.	A	protein	0.56	BLI	N.A.	N.A.
8ghr	37400538	10.1038/s41589-023-01368-5	0	auth_asym_id	D	N.A.	B	protein	0.56	BLI	N.A.	N.A.
8gje	37903160	10.1371/journal.ppat.1011601	0	auth_asym_id	H	L	A	protein	5.4	SPR	298	N.A.
8gje	37903160	10.1371/journal.ppat.1011601	0	auth_asym_id	G	J	C	protein	5.4	SPR	298	N.A.
8gje	37903160	10.1371/journal.ppat.1011601	0	auth_asym_id	I	K	D	protein	5.4	SPR	298	N.A.
8gkl	38394685	10.1158/1535-7163.MCT-23-0868	0	auth_asym_id	H	L	E	protein	N.A.	N.A.	N.A.	N.A.
8gng	36894319	10.1124/molpharm.122.000633	0	auth_asym_id	H	L	A	protein	N.A.	N.A.	N.A.	N.A.
8gng	36894319	10.1124/molpharm.122.000633	0	auth_asym_id	Z	Y	X	protein	N.A.	N.A.	N.A.	N.A.
8gnh	36528147	10.1016/j.ijbiomac.2022.12.120	0	auth_asym_id	H	L	B	protein	0.27	SPR	N.A.	N.A.
8gni	36550129	10.1038/s41467-022-35581-y	0	auth_asym_id	C	N.A.	A	protein	N.A.	N.A.	N.A.	N.A.
8gnj	36550129	10.1038/s41467-022-35581-y	0	auth_asym_id	C	N.A.	A	protein	N.A.	N.A.	N.A.	N.A.
8gnk	37400654	10.1038/s41594-023-01011-w	0	auth_asym_id	H	L	A	protein	N.A.	N.A.	N.A.	N.A.
8gou	37322000	10.1038/s41467-023-39267-x	0	auth_asym_id	I	J	A	protein	1.59	SPR	N.A.	N.A.
8gou	37322000	10.1038/s41467-023-39267-x	0	auth_asym_id	H	K	C	protein	1.59	SPR	N.A.	N.A.
8gp5	37542068	10.1038/s41467-023-40321-x	0	auth_asym_id	E	F	X	protein	0.041	SPR	298	N.A.
8gpg	37542068	10.1038/s41467-023-40321-x	0	auth_asym_id	E	F	X	protein	0.041	SPR	298	N.A.
8gpg	37542068	10.1038/s41467-023-40321-x	0	auth_asym_id	C	D	Y	protein	0.041	SPR	298	N.A.
8gpg	37542068	10.1038/s41467-023-40321-x	0	auth_asym_id	A	B	Z	protein	0.041	SPR	298	N.A.
8gpi	37542068	10.1038/s41467-023-40321-x	0	auth_asym_id	D	E	R;X	protein;protein	530	SPR	298	N.A.
8gpi	37542068	10.1038/s41467-023-40321-x	0	auth_asym_id	H	L	S;Y	protein;protein	530	SPR	298	N.A.
8gpi	37542068	10.1038/s41467-023-40321-x	0	auth_asym_id	A	C	T;Z	protein;protein	530	SPR	298	N.A.
8gpj	37542068	10.1038/s41467-023-40321-x	0	auth_asym_id	H	L	U;Y	protein;protein	514	SPR	298	N.A.
8gpj	37542068	10.1038/s41467-023-40321-x	0	auth_asym_id	D	E	V;X	protein;protein	514	SPR	298	N.A.
8gpj	37542068	10.1038/s41467-023-40321-x	0	auth_asym_id	A	C	W;Z	protein;protein	514	SPR	298	N.A.
8gpt	36199277	10.1016/j.xinn.2022.100323	0	auth_asym_id	D	E	A	protein	0.00149	SPR	298	N.A.
8gpt	36199277	10.1016/j.xinn.2022.100323	0	auth_asym_id	F	G	B	protein	0.00149	SPR	298	N.A.
8gpt	36199277	10.1016/j.xinn.2022.100323	0	auth_asym_id	H	I	C	protein	0.00149	SPR	298	N.A.
8gpu	36199277	10.1016/j.xinn.2022.100323	0	auth_asym_id	H	L	A	protein	0.00149	SPR	298	N.A.
8gpu	36199277	10.1016/j.xinn.2022.100323	0	auth_asym_id	C	D	B	protein	0.00149	SPR	298	N.A.
8gpu	36199277	10.1016/j.xinn.2022.100323	0	auth_asym_id	F	G	E	protein	0.00149	SPR	298	N.A.
8gpu	36199277	10.1016/j.xinn.2022.100323	0	auth_asym_id	J	K	I	protein	0.00149	SPR	298	N.A.
8gpu	36199277	10.1016/j.xinn.2022.100323	0	auth_asym_id	N	O	M	protein	0.00149	SPR	298	N.A.
8gpu	36199277	10.1016/j.xinn.2022.100323	0	auth_asym_id	Q	R	P	protein	0.00149	SPR	298	N.A.
8gpx	36199277	10.1016/j.xinn.2022.100323	0	auth_asym_id	H	L	E	protein	0.588	SPR	298	N.A.
8gpy	37322000	10.1038/s41467-023-39267-x	0	auth_asym_id	E	N.A.	A	protein	1.59	SPR	N.A.	N.A.
8gpy	37322000	10.1038/s41467-023-39267-x	0	auth_asym_id	C	N.A.	B	protein	1.59	SPR	N.A.	N.A.
8gq1	37550885	10.1002/pro.4745	0	auth_asym_id	H	L	C	protein	0.23	SPR	293	N.A.
8gq5	36550129	10.1038/s41467-022-35581-y	0	auth_asym_id	a	N.A.	A	protein	N.A.	N.A.	N.A.	N.A.
8gq5	36550129	10.1038/s41467-022-35581-y	0	auth_asym_id	b	N.A.	B	protein	N.A.	N.A.	N.A.	N.A.
8gq5	36550129	10.1038/s41467-022-35581-y	0	auth_asym_id	c	N.A.	C	protein	N.A.	N.A.	N.A.	N.A.
8gq5	36550129	10.1038/s41467-022-35581-y	0	auth_asym_id	d	N.A.	D	protein	N.A.	N.A.	N.A.	N.A.
8gq5	36550129	10.1038/s41467-022-35581-y	0	auth_asym_id	e	N.A.	E	protein	N.A.	N.A.	N.A.	N.A.
8gq5	36550129	10.1038/s41467-022-35581-y	0	auth_asym_id	f	N.A.	F	protein	N.A.	N.A.	N.A.	N.A.
8gq5	36550129	10.1038/s41467-022-35581-y	0	auth_asym_id	g	N.A.	G	protein	N.A.	N.A.	N.A.	N.A.
8gq5	36550129	10.1038/s41467-022-35581-y	0	auth_asym_id	h	N.A.	H	protein	N.A.	N.A.	N.A.	N.A.
8gq5	36550129	10.1038/s41467-022-35581-y	0	auth_asym_id	i	N.A.	I	protein	N.A.	N.A.	N.A.	N.A.
8gq5	36550129	10.1038/s41467-022-35581-y	0	auth_asym_id	j	N.A.	J	protein	N.A.	N.A.	N.A.	N.A.
8gq5	36550129	10.1038/s41467-022-35581-y	0	auth_asym_id	k	N.A.	K	protein	N.A.	N.A.	N.A.	N.A.
8gq5	36550129	10.1038/s41467-022-35581-y	0	auth_asym_id	l	N.A.	L	protein	N.A.	N.A.	N.A.	N.A.
8gq5	36550129	10.1038/s41467-022-35581-y	0	auth_asym_id	m	N.A.	M	protein	N.A.	N.A.	N.A.	N.A.
8gq5	36550129	10.1038/s41467-022-35581-y	0	auth_asym_id	n	N.A.	N	protein	N.A.	N.A.	N.A.	N.A.
8gq5	36550129	10.1038/s41467-022-35581-y	0	auth_asym_id	o	N.A.	O	protein	N.A.	N.A.	N.A.	N.A.
8gq5	36550129	10.1038/s41467-022-35581-y	0	auth_asym_id	p	N.A.	P	protein	N.A.	N.A.	N.A.	N.A.
8grr	37983290	10.1371/journal.ppat.1011811	0	auth_asym_id	H	L	2	protein	N.A.	N.A.	N.A.	N.A.
8gs9	37219999	10.1016/j.celrep.2023.112532	0	auth_asym_id	H	K	A	protein	0.0026	SPR	N.A.	8GS9-RBD has N460+F486;regarded as WT RBD
8gsb	N.A.	N.A.	0	auth_asym_id	H	K	A	protein	N.A.	N.A.	N.A.	N.A.
8gto	37015915	10.1038/s41421-023-00535-1	0	auth_asym_id	H	L	A	protein	N.A.	N.A.	N.A.	interesting paper summarizing Abs
8gto	37015915	10.1038/s41421-023-00535-1	0	auth_asym_id	I	M	B	protein	N.A.	N.A.	N.A.	interesting paper summarizing Abs
8gto	37015915	10.1038/s41421-023-00535-1	0	auth_asym_id	J	N	C	protein	N.A.	N.A.	N.A.	interesting paper summarizing Abs
8gtp	37015915	10.1038/s41421-023-00535-1	0	auth_asym_id	H	L	A	protein	N.A.	N.A.	N.A.	N.A.
8gtp	37015915	10.1038/s41421-023-00535-1	0	auth_asym_id	I	M	B	protein	N.A.	N.A.	N.A.	N.A.
8gtp	37015915	10.1038/s41421-023-00535-1	0	auth_asym_id	J	N	C	protein	N.A.	N.A.	N.A.	N.A.
8gtq	37015915	10.1038/s41421-023-00535-1	0	auth_asym_id	H	L	A	protein	N.A.	N.A.	N.A.	N.A.
8gtq	37015915	10.1038/s41421-023-00535-1	0	auth_asym_id	I	M	B	protein	N.A.	N.A.	N.A.	N.A.
8gtq	37015915	10.1038/s41421-023-00535-1	0	auth_asym_id	J	N	C	protein	N.A.	N.A.	N.A.	N.A.
8gx9	N.A.	N.A.	0	auth_asym_id	I	L	A	protein	N.A.	N.A.	N.A.	N.A.
8gx9	N.A.	N.A.	0	auth_asym_id	H	F	E	protein	N.A.	N.A.	N.A.	N.A.
8gx9	N.A.	N.A.	0	auth_asym_id	P	M	A	protein	N.A.	N.A.	N.A.	N.A.
8gx9	N.A.	N.A.	0	auth_asym_id	O	N	E	protein	N.A.	N.A.	N.A.	N.A.
8gy5	N.A.	N.A.	0	auth_asym_id	H	L	P	protein	N.A.	N.A.	N.A.	N.A.
8gy5	N.A.	N.A.	0	auth_asym_id	A	B	Q	protein	N.A.	N.A.	N.A.	N.A.
8gye	N.A.	N.A.	0	auth_asym_id	E	F	A	protein	N.A.	N.A.	N.A.	N.A.
8gz5	36413757	10.1093/jb/mvac096	0	auth_asym_id	B	N.A.	A	protein	0.37	BLI	303	N.A.
8gzz	37012333	10.1038/s42003-023-04759-5	0	auth_asym_id	E	D	A	protein	0.0901	BLI	N.A.	important KD data paper
8gzz	37012333	10.1038/s42003-023-04759-5	0	auth_asym_id	G	F	B	protein	0.0901	BLI	N.A.	important KD data paper
8h00	37012333	10.1038/s42003-023-04759-5	0	auth_asym_id	E	D	A	protein	0.0376	BLI	N.A.	N.A.
8h00	37012333	10.1038/s42003-023-04759-5	0	auth_asym_id	G	F	B	protein	0.0376	BLI	N.A.	N.A.
8h00	37012333	10.1038/s42003-023-04759-5	0	auth_asym_id	I	H	C	protein	0.0376	BLI	N.A.	N.A.
8h01	37012333	10.1038/s42003-023-04759-5	0	auth_asym_id	E	D	A	protein	0.0376	BLI	N.A.	N.A.
8h01	37012333	10.1038/s42003-023-04759-5	0	auth_asym_id	G	F	B	protein	0.0376	BLI	N.A.	N.A.
8h01	37012333	10.1038/s42003-023-04759-5	0	auth_asym_id	I	H	C	protein	0.0376	BLI	N.A.	N.A.
8h07	37069158	10.1038/s41467-023-37926-7	0	auth_asym_id	M	P	A	protein	20.4	BLI	N.A.	N.A.
8h07	37069158	10.1038/s41467-023-37926-7	0	auth_asym_id	G	H	B	protein	20.4	BLI	N.A.	N.A.
8h07	37069158	10.1038/s41467-023-37926-7	0	auth_asym_id	E	J	C	protein	20.4	BLI	N.A.	N.A.
8h07	37069158	10.1038/s41467-023-37926-7	0	auth_asym_id	Q	R	A	protein	56	BLI	N.A.	N.A.
8h07	37069158	10.1038/s41467-023-37926-7	0	auth_asym_id	I	K	B	protein	56	BLI	N.A.	N.A.
8h07	37069158	10.1038/s41467-023-37926-7	0	auth_asym_id	N	O	C	protein	56	BLI	N.A.	N.A.
8h08	37069158	10.1038/s41467-023-37926-7	0	auth_asym_id	L	P	A	protein	4.31	BLI	N.A.	N.A.
8h08	37069158	10.1038/s41467-023-37926-7	0	auth_asym_id	F	H	B	protein	4.31	BLI	N.A.	N.A.
8h08	37069158	10.1038/s41467-023-37926-7	0	auth_asym_id	D	J	C	protein	4.31	BLI	N.A.	N.A.
8h08	37069158	10.1038/s41467-023-37926-7	0	auth_asym_id	Q	R	A	protein	18.4	BLI	N.A.	N.A.
8h08	37069158	10.1038/s41467-023-37926-7	0	auth_asym_id	I	K	B	protein	18.4	BLI	N.A.	N.A.
8h08	37069158	10.1038/s41467-023-37926-7	0	auth_asym_id	N	O	C	protein	18.4	BLI	N.A.	N.A.
8h3x	36845160	10.3389/fimmu.2023.1065274	0	auth_asym_id	A	N.A.	C	protein	11.5	ITC	298	important KD data paper
8h3y	36845160	10.3389/fimmu.2023.1065274	0	auth_asym_id	F	N.A.	A	protein	0.828	ITC	298	N.A.
8h3y	36845160	10.3389/fimmu.2023.1065274	0	auth_asym_id	D	N.A.	B	protein	0.828	ITC	298	N.A.
8h3y	36845160	10.3389/fimmu.2023.1065274	0	auth_asym_id	E	N.A.	C	protein	0.828	ITC	298	N.A.
8h5t	38033141	10.1371/journal.ppat.1011804	0	auth_asym_id	B	N.A.	A	protein	1.38	SPR	N.A.	N.A.
8h63	37716701	10.1016/j.jbc.2023.105254	0	auth_asym_id	B	N.A.	A	protein	0.696	SPR	N.A.	N.A.
8h64	37716701	10.1016/j.jbc.2023.105254	0	auth_asym_id	B	N.A.	A	protein	0.194	SPR	N.A.	N.A.
8h64	37716701	10.1016/j.jbc.2023.105254	0	auth_asym_id	H	N.A.	A;G	protein;protein	0.194	SPR	N.A.	N.A.
8h64	37716701	10.1016/j.jbc.2023.105254	0	auth_asym_id	D	N.A.	C;E	protein;protein	0.194	SPR	N.A.	N.A.
8h64	37716701	10.1016/j.jbc.2023.105254	0	auth_asym_id	F	N.A.	E	protein	0.194	SPR	N.A.	N.A.
8h7l	38287016	10.1038/s41467-024-45050-3	0	auth_asym_id	F	I	A	protein	N.A.	N.A.	N.A.	N.A.
8h7l	38287016	10.1038/s41467-024-45050-3	0	auth_asym_id	D	G	B	protein	N.A.	N.A.	N.A.	N.A.
8h7l	38287016	10.1038/s41467-024-45050-3	0	auth_asym_id	E	H	C	protein	N.A.	N.A.	N.A.	N.A.
8h7z	38287016	10.1038/s41467-024-45050-3	0	auth_asym_id	F	I	A	protein	N.A.	N.A.	N.A.	N.A.
8h91	N.A.	N.A.	0	auth_asym_id	C	N.A.	A	protein	N.A.	N.A.	N.A.	N.A.
8h91	N.A.	N.A.	0	auth_asym_id	D	N.A.	B	protein	N.A.	N.A.	N.A.	N.A.
8hbg	39389971	10.1038/s41467-024-53027-5	0	auth_asym_id	E	N.A.	C	protein	N.A.	N.A.	N.A.	N.A.
8hbi	39389971	10.1038/s41467-024-53027-5	0	auth_asym_id	E	N.A.	A	protein	N.A.	N.A.	N.A.	N.A.
8hbj	39389971	10.1038/s41467-024-53027-5	0	auth_asym_id	F	N.A.	A	protein	N.A.	N.A.	N.A.	N.A.
8hbj	39389971	10.1038/s41467-024-53027-5	0	auth_asym_id	E	N.A.	C	protein	N.A.	N.A.	N.A.	N.A.
8hbv	37336486	10.1038/s41586-023-06332-w	0	auth_asym_id	B	N.A.	A	protein	N.A.	N.A.	N.A.	N.A.
8hbw	37336486	10.1038/s41586-023-06332-w	0	auth_asym_id	B	N.A.	A	protein	N.A.	N.A.	N.A.	N.A.
8hc2	36828833	10.1038/s41467-023-36761-0	0	auth_asym_id	H	L	B	protein	7.02	BLI	N.A.	important KD data paper
8hc3	36828833	10.1038/s41467-023-36761-0	0	auth_asym_id	D	E	A	protein	7.02	BLI	N.A.	N.A.
8hc3	36828833	10.1038/s41467-023-36761-0	0	auth_asym_id	H	L	B	protein	7.02	BLI	N.A.	N.A.
8hc4	36828833	10.1038/s41467-023-36761-0	0	auth_asym_id	D	E	A	protein	N.A.	N.A.	N.A.	N.A.
8hc4	36828833	10.1038/s41467-023-36761-0	0	auth_asym_id	K	M	B	protein	N.A.	N.A.	N.A.	N.A.
8hc4	36828833	10.1038/s41467-023-36761-0	0	auth_asym_id	N	O	C	protein	N.A.	N.A.	N.A.	N.A.
8hc4	36828833	10.1038/s41467-023-36761-0	0	auth_asym_id	F	J	A	protein	7.02	BLI	N.A.	N.A.
8hc4	36828833	10.1038/s41467-023-36761-0	0	auth_asym_id	H	L	B	protein	7.02	BLI	N.A.	N.A.
8hc4	36828833	10.1038/s41467-023-36761-0	0	auth_asym_id	G	I	C	protein	7.02	BLI	N.A.	N.A.
8hc5	36828833	10.1038/s41467-023-36761-0	0	auth_asym_id	D	E	C	protein	N.A.	N.A.	N.A.	N.A.
8hc5	36828833	10.1038/s41467-023-36761-0	0	auth_asym_id	H	L	C	protein	7.02	BLI	N.A.	N.A.
8hc6	36828833	10.1038/s41467-023-36761-0	0	auth_asym_id	H	L	C	protein	7.02	BLI	N.A.	N.A.
8hc7	36828833	10.1038/s41467-023-36761-0	0	auth_asym_id	H	L	C	protein	7.02	BLI	N.A.	N.A.
8hc8	36828833	10.1038/s41467-023-36761-0	0	auth_asym_id	H	L	C	protein	17.13	BLI	N.A.	N.A.
8hc9	36828833	10.1038/s41467-023-36761-0	0	auth_asym_id	F	G	A	protein	17.13	BLI	N.A.	N.A.
8hc9	36828833	10.1038/s41467-023-36761-0	0	auth_asym_id	D	E	B	protein	17.13	BLI	N.A.	N.A.
8hc9	36828833	10.1038/s41467-023-36761-0	0	auth_asym_id	H	L	C	protein	17.13	BLI	N.A.	N.A.
8hca	36828833	10.1038/s41467-023-36761-0	0	auth_asym_id	F	G	A	protein	13.12	BLI	N.A.	N.A.
8hca	36828833	10.1038/s41467-023-36761-0	0	auth_asym_id	D	E	B	protein	13.12	BLI	N.A.	N.A.
8hca	36828833	10.1038/s41467-023-36761-0	0	auth_asym_id	H	L	C	protein	13.12	BLI	N.A.	N.A.
8hcb	36828833	10.1038/s41467-023-36761-0	0	auth_asym_id	F	G	A	protein	13.12	BLI	N.A.	N.A.
8hcb	36828833	10.1038/s41467-023-36761-0	0	auth_asym_id	D	E	B	protein	13.12	BLI	N.A.	N.A.
8hcb	36828833	10.1038/s41467-023-36761-0	0	auth_asym_id	H	L	C	protein	13.12	BLI	N.A.	N.A.
8heb	37062240	10.1016/j.bbrc.2023.04.002	0	auth_asym_id	E	D	A	protein	N.A.	N.A.	N.A.	N.A.
8heb	37062240	10.1016/j.bbrc.2023.04.002	0	auth_asym_id	G	F	B	protein	N.A.	N.A.	N.A.	N.A.
8heb	37062240	10.1016/j.bbrc.2023.04.002	0	auth_asym_id	I	H	C	protein	N.A.	N.A.	N.A.	N.A.
8hec	37062240	10.1016/j.bbrc.2023.04.002	0	auth_asym_id	E	D	A	protein	N.A.	N.A.	N.A.	N.A.
8hec	37062240	10.1016/j.bbrc.2023.04.002	0	auth_asym_id	G	F	B	protein	N.A.	N.A.	N.A.	N.A.
8hec	37062240	10.1016/j.bbrc.2023.04.002	0	auth_asym_id	I	H	C	protein	N.A.	N.A.	N.A.	N.A.
8hed	37062240	10.1016/j.bbrc.2023.04.002	0	auth_asym_id	G	F	B	protein	N.A.	N.A.	N.A.	N.A.
8hes	37452031	10.1038/s41467-023-39890-8	0	auth_asym_id	H	L	C	protein	0.00542	BLI	N.A.	N.A.
8hgl	37452031	10.1038/s41467-023-39890-8	0	auth_asym_id	H	L	A	protein	0.0208	BLI	N.A.	N.A.
8hgl	37452031	10.1038/s41467-023-39890-8	0	auth_asym_id	C	D	B	protein	0.0208	BLI	N.A.	N.A.
8hgl	37452031	10.1038/s41467-023-39890-8	0	auth_asym_id	F	G	E	protein	0.0208	BLI	N.A.	N.A.
8hgm	37452031	10.1038/s41467-023-39890-8	0	auth_asym_id	C	D	B	protein	0.0208	BLI	N.A.	N.A.
8hhx	36658148	10.1038/s41467-023-35949-8	0	auth_asym_id	F	G	B	protein	N.A.	BLI	N.A.	KD not determined due to avidity effects
8hhx	36658148	10.1038/s41467-023-35949-8	0	auth_asym_id	H	I	C	protein	N.A.	BLI	N.A.	KD not determined due to avidity effects
8hhy	36658148	10.1038/s41467-023-35949-8	0	auth_asym_id	H	L	A	protein	N.A.	BLI	N.A.	KD not determined due to avidity effects
8hhy	36658148	10.1038/s41467-023-35949-8	0	auth_asym_id	F	W	B	protein	N.A.	BLI	N.A.	KD not determined due to avidity effects
8hhy	36658148	10.1038/s41467-023-35949-8	0	auth_asym_id	G	I	C	protein	N.A.	BLI	N.A.	KD not determined due to avidity effects
8hhz	36658148	10.1038/s41467-023-35949-8	0	auth_asym_id	G	H	A	protein	N.A.	BLI	N.A.	KD not determined due to avidity effects
8hhz	36658148	10.1038/s41467-023-35949-8	0	auth_asym_id	E	F	B	protein	N.A.	BLI	N.A.	KD not determined due to avidity effects
8hhz	36658148	10.1038/s41467-023-35949-8	0	auth_asym_id	I	J	C	protein	N.A.	BLI	N.A.	KD not determined due to avidity effects
8hii	36575193	10.1038/s41421-022-00508-w	0	auth_asym_id	H	L	A	protein	N.A.	N.A.	N.A.	N.A.
8hij	36575193	10.1038/s41421-022-00508-w	0	auth_asym_id	H	L	A	protein	N.A.	N.A.	N.A.	N.A.
8hik	36575193	10.1038/s41421-022-00508-w	0	auth_asym_id	H	L	A	protein	N.A.	N.A.	N.A.	N.A.
8hit	36511654	10.1080/19420862.2022.2153409	0	auth_asym_id	A	B	C	protein	0.206	SPR	298	N.A.
8hj5	37347749	10.1371/journal.pbio.3001975	0	auth_asym_id	C	N.A.	A;B	protein;protein	N.A.	N.A.	N.A.	N.A.
8hj5	37347749	10.1371/journal.pbio.3001975	0	auth_asym_id	E	N.A.	A;B	protein;protein	N.A.	N.A.	N.A.	N.A.
8hlb	37758868	10.1038/s42003-023-05326-8	0	auth_asym_id	B	C	A	protein	5.6	SPR	298	KD for TR109;structure for Ab-Bp109-92;important KD data paper
8hlb	37758868	10.1038/s42003-023-05326-8	0	auth_asym_id	D	E	A	protein	4	SPR	298	KD for TR92;structure for Ab-Bp109-92
8hn1	N.A.	N.A.	0	auth_asym_id	D	N.A.	A	protein	N.A.	N.A.	N.A.	N.A.
8hn6	37234155	10.3389/fimmu.2023.1160283	0	auth_asym_id	A	B	E;F	protein;protein	1.37	BLI	N.A.	N.A.
8hn6	37234155	10.3389/fimmu.2023.1160283	0	auth_asym_id	C	D	E;F	protein;protein	1.37	BLI	N.A.	N.A.
8hn7	37234155	10.3389/fimmu.2023.1160283	0	auth_asym_id	B	A	E	protein	5.29	BLI	N.A.	N.A.
8hn7	37234155	10.3389/fimmu.2023.1160283	0	auth_asym_id	D	C	F	protein	5.29	BLI	N.A.	N.A.
8hnn	38177682	10.1038/s41594-023-01175-5	0	auth_asym_id	N	N.A.	R	protein	N.A.	N.A.	N.A.	N.A.
8hp9	37507370	10.1038/s41421-023-00585-5	0	auth_asym_id	H	L	A	protein	<0.001	BLI	N.A.	N.A.
8hp9	37507370	10.1038/s41421-023-00585-5	0	auth_asym_id	P	Q	B	protein	<0.001	BLI	N.A.	N.A.
8hp9	37507370	10.1038/s41421-023-00585-5	0	auth_asym_id	I	J	C	protein	<0.001	BLI	N.A.	N.A.
8hp9	37507370	10.1038/s41421-023-00585-5	0	auth_asym_id	M	N	A	protein	0.167	BLI	N.A.	N.A.
8hp9	37507370	10.1038/s41421-023-00585-5	0	auth_asym_id	E	F	B	protein	0.167	BLI	N.A.	N.A.
8hp9	37507370	10.1038/s41421-023-00585-5	0	auth_asym_id	K	O	C	protein	0.167	BLI	N.A.	N.A.
8hpf	37507370	10.1038/s41421-023-00585-5	0	auth_asym_id	H	L	A	protein	<0.001	BLI	N.A.	N.A.
8hpf	37507370	10.1038/s41421-023-00585-5	0	auth_asym_id	M	N	A	protein	0.167	BLI	N.A.	N.A.
8hpj	37012268	10.1038/s41467-023-36883-5	0	auth_asym_id	B	C	A	protein	N.A.	N.A.	N.A.	N.A.
8hpj	37012268	10.1038/s41467-023-36883-5	0	auth_asym_id	E	F	D	protein	N.A.	N.A.	N.A.	N.A.
8hpk	37012268	10.1038/s41467-023-36883-5	0	auth_asym_id	H	L	A	protein	N.A.	N.A.	N.A.	N.A.
8hpq	37507370	10.1038/s41421-023-00585-5	0	auth_asym_id	H	L	A	protein	0.00547	BLI	N.A.	N.A.
8hpq	37507370	10.1038/s41421-023-00585-5	0	auth_asym_id	P	Q	B	protein	0.00547	BLI	N.A.	N.A.
8hpq	37507370	10.1038/s41421-023-00585-5	0	auth_asym_id	I	J	C	protein	0.00547	BLI	N.A.	N.A.
8hpq	37507370	10.1038/s41421-023-00585-5	0	auth_asym_id	M	N	A	protein	0.407	BLI	N.A.	N.A.
8hpq	37507370	10.1038/s41421-023-00585-5	0	auth_asym_id	E	F	B	protein	0.407	BLI	N.A.	N.A.
8hpq	37507370	10.1038/s41421-023-00585-5	0	auth_asym_id	R	S	C	protein	0.407	BLI	N.A.	N.A.
8hpu	37507370	10.1038/s41421-023-00585-5	0	auth_asym_id	H	L	A	protein	0.00547	BLI	N.A.	N.A.
8hpu	37507370	10.1038/s41421-023-00585-5	0	auth_asym_id	M	N	A	protein	0.407	BLI	N.A.	N.A.
8hpv	37507370	10.1038/s41421-023-00585-5	0	auth_asym_id	H	L	A	protein	0.0435	BLI	N.A.	N.A.
8hpv	37507370	10.1038/s41421-023-00585-5	0	auth_asym_id	P	Q	B	protein	0.0435	BLI	N.A.	N.A.
8hpv	37507370	10.1038/s41421-023-00585-5	0	auth_asym_id	I	J	C	protein	0.0435	BLI	N.A.	N.A.
8hpv	37507370	10.1038/s41421-023-00585-5	0	auth_asym_id	M	N	A	protein	0.00543	BLI	N.A.	N.A.
8hpv	37507370	10.1038/s41421-023-00585-5	0	auth_asym_id	E	F	B	protein	0.00543	BLI	N.A.	N.A.
8hpv	37507370	10.1038/s41421-023-00585-5	0	auth_asym_id	R	S	C	protein	0.00543	BLI	N.A.	N.A.
8hq7	37507370	10.1038/s41421-023-00585-5	0	auth_asym_id	H	L	A	protein	0.0435	BLI	N.A.	N.A.
8hq7	37507370	10.1038/s41421-023-00585-5	0	auth_asym_id	M	N	A	protein	0.00543	BLI	N.A.	N.A.
8hr2	37419228	10.1016/j.jsb.2023.107996	0	auth_asym_id	B	N.A.	A	protein	5.07	BLI	N.A.	important KD data paper
8hr2	37419228	10.1016/j.jsb.2023.107996	0	auth_asym_id	C	N.A.	A	protein	1.76	BLI	N.A.	N.A.
8hrd	38109549	10.1073/pnas.2314193120	0	auth_asym_id	D	F	A	protein	N.A.	N.A.	N.A.	N.A.
8hrd	38109549	10.1073/pnas.2314193120	0	auth_asym_id	G	H	B	protein	N.A.	N.A.	N.A.	N.A.
8hrd	38109549	10.1073/pnas.2314193120	0	auth_asym_id	N	Q	K	protein	N.A.	N.A.	N.A.	N.A.
8hrd	38109549	10.1073/pnas.2314193120	0	auth_asym_id	Y	Z	T	protein	N.A.	N.A.	N.A.	N.A.
8hrd	38109549	10.1073/pnas.2314193120	0	auth_asym_id	O	P	A	protein	N.A.	N.A.	N.A.	N.A.
8hrd	38109549	10.1073/pnas.2314193120	0	auth_asym_id	C	E	B	protein	N.A.	N.A.	N.A.	N.A.
8hrd	38109549	10.1073/pnas.2314193120	0	auth_asym_id	L	M	K	protein	N.A.	N.A.	N.A.	N.A.
8hrd	38109549	10.1073/pnas.2314193120	0	auth_asym_id	W	X	T	protein	N.A.	N.A.	N.A.	N.A.
8hs2	36849514	10.1038/s41421-023-00520-8	0	auth_asym_id	B	C	R	protein	N.A.	N.A.	N.A.	N.A.
8hsc	36849514	10.1038/s41421-023-00520-8	0	auth_asym_id	S	N.A.	A;B	protein;protein	N.A.	N.A.	N.A.	N.A.
8hsc	36849514	10.1038/s41421-023-00520-8	0	auth_asym_id	F	E	R	protein	N.A.	N.A.	N.A.	N.A.
8hws	37019110	10.1016/j.xcrm.2023.100991	0	auth_asym_id	D	E	A	protein	7.4	SPR	298	important KD data paper
8hws	37019110	10.1016/j.xcrm.2023.100991	0	auth_asym_id	H	L	A	protein	195.3	SPR	298	N.A.
8hws	37019110	10.1016/j.xcrm.2023.100991	0	auth_asym_id	I	J	A	protein	13.5	SPR	298	N.A.
8hwt	37019110	10.1016/j.xcrm.2023.100991	0	auth_asym_id	D	E	A	protein	17.9	SPR	298	N.A.
8hwt	37019110	10.1016/j.xcrm.2023.100991	0	auth_asym_id	H	L	A	protein	4.6	SPR	298	N.A.
8i3s	37704615	10.1038/s41392-023-01615-0	0	auth_asym_id	H	L	A	protein	0.0026	BLI	N.A.	N.A.
8i3u	37704615	10.1038/s41392-023-01615-0	0	auth_asym_id	H	L	A	protein	0.0031	BLI	N.A.	N.A.
8i4e	37422451	10.1038/s41392-023-01534-0	0	auth_asym_id	C	N.A.	A	protein	4.09	BLI	N.A.	N.A.
8i4f	37422451	10.1038/s41392-023-01534-0	0	auth_asym_id	C	N.A.	A	protein	4.09	BLI	N.A.	N.A.
8i4g	37422451	10.1038/s41392-023-01534-0	0	auth_asym_id	C	N.A.	A	protein	2.95	BLI	N.A.	N.A.
8i5h	37041231	10.1038/s42003-023-04782-6	0	auth_asym_id	B	C	A	protein	3.5	BLI	N.A.	N.A.
8i5h	37041231	10.1038/s42003-023-04782-6	0	auth_asym_id	E	F	D	protein	3.5	BLI	N.A.	N.A.
8i5h	37041231	10.1038/s42003-023-04782-6	0	auth_asym_id	H	L	R	protein	3.5	BLI	N.A.	N.A.
8i5i	37041231	10.1038/s42003-023-04782-6	0	auth_asym_id	H	L	R	protein	45	BLI	N.A.	N.A.
8i5l	38593321	10.1128/jvi.00197-24	0	auth_asym_id	D	N.A.	A	protein	4.58	ELISA	310	N.A.
8i5l	38593321	10.1128/jvi.00197-24	0	auth_asym_id	E	N.A.	B	protein	4.58	ELISA	310	N.A.
8idi	N.A.	N.A.	0	auth_asym_id	C	N.A.	B	protein	N.A.	N.A.	N.A.	N.A.
8idi	N.A.	N.A.	0	auth_asym_id	A	N.A.	D	protein	N.A.	N.A.	N.A.	N.A.
8idm	N.A.	N.A.	0	auth_asym_id	A	N.A.	D	protein	N.A.	N.A.	N.A.	N.A.
8idm	N.A.	N.A.	0	auth_asym_id	B	N.A.	D	protein	N.A.	N.A.	N.A.	N.A.
8idn	37428848	10.1107/S2059798323005041	0	auth_asym_id	H	L	A	protein	0.107	SPR	N.A.	N.A.
8ido	N.A.	N.A.	0	auth_asym_id	C	N.A.	A	protein	N.A.	N.A.	N.A.	N.A.
8ido	N.A.	N.A.	0	auth_asym_id	D	N.A.	B	protein	N.A.	N.A.	N.A.	N.A.
8iee	N.A.	N.A.	0	auth_asym_id	C	N.A.	A;B	protein;protein	N.A.	N.A.	N.A.	N.A.
8iee	N.A.	N.A.	0	auth_asym_id	D	N.A.	A;B	protein;protein	N.A.	N.A.	N.A.	N.A.
8ifn	N.A.	N.A.	0	auth_asym_id	A	N.A.	B	protein	N.A.	N.A.	N.A.	N.A.
8ifn	N.A.	N.A.	0	auth_asym_id	D	N.A.	C	protein	N.A.	N.A.	N.A.	N.A.
8ifn	N.A.	N.A.	0	auth_asym_id	F	N.A.	E	protein	N.A.	N.A.	N.A.	N.A.
8il3	36581954	10.1186/s13045-022-01395-0	0	auth_asym_id	B	A	C	protein	2.55	SPR	N.A.	N.A.
8ilx	37108116	10.3390/ijms24086952	0	auth_asym_id	C	N.A.	A	protein	13.7	ITC	298	KD = 30.6 nM by BLI
8ilx	37108116	10.3390/ijms24086952	0	auth_asym_id	D	N.A.	B	protein	13.7	ITC	298	KD = 30.6 nM by BLI
8im0	37108116	10.3390/ijms24086952	0	auth_asym_id	B	N.A.	A	protein	199	ITC	298	KD = 36.8 nM by BLI
8im1	37108116	10.3390/ijms24086952	0	auth_asym_id	B	N.A.	A	protein	289	ITC	298	KD = 12.9 nM by BLI
8im1	37108116	10.3390/ijms24086952	0	auth_asym_id	D	N.A.	C	protein	289	ITC	298	KD = 12.9 nM by BLI
8im1	37108116	10.3390/ijms24086952	0	auth_asym_id	H	N.A.	C;G	protein;protein	289	ITC	298	KD = 12.9 nM by BLI
8im1	37108116	10.3390/ijms24086952	0	auth_asym_id	F	N.A.	E	protein	289	ITC	298	KD = 12.9 nM by BLI
8ipc	37160213	10.1016/j.pep.2023.106289	0	auth_asym_id	H	L	A	protein	N.A.	N.A.	N.A.	N.A.
8itf	37225986	10.1038/s41586-023-06106-4	0	auth_asym_id	N	N.A.	A;B	protein;protein	N.A.	N.A.	N.A.	N.A.
8itf	37225986	10.1038/s41586-023-06106-4	0	auth_asym_id	S	N.A.	A;B	protein;protein	N.A.	N.A.	N.A.	N.A.
8itu	37012333	10.1038/s42003-023-04759-5	0	auth_asym_id	E	D	A	protein	0.0376	BLI	N.A.	N.A.
8itu	37012333	10.1038/s42003-023-04759-5	0	auth_asym_id	G	F	B	protein	0.0376	BLI	N.A.	N.A.
8itu	37012333	10.1038/s42003-023-04759-5	0	auth_asym_id	I	H	C	protein	0.0376	BLI	N.A.	N.A.
8iuk	37160891	10.1038/s41467-023-38411-x	0	auth_asym_id	E	N.A.	A;B	protein;protein	N.A.	N.A.	N.A.	N.A.
8iuk	37160891	10.1038/s41467-023-38411-x	0	auth_asym_id	N	N.A.	A;B	protein;protein	N.A.	N.A.	N.A.	N.A.
8ium	37160891	10.1038/s41467-023-38411-x	0	auth_asym_id	E	N.A.	A;B	protein;protein	N.A.	N.A.	N.A.	N.A.
8ium	37160891	10.1038/s41467-023-38411-x	0	auth_asym_id	N	N.A.	A;B	protein;protein	N.A.	N.A.	N.A.	N.A.
8iuy	39704525	10.1128/jvi.01400-24	0	auth_asym_id	B	C	A	protein	N.A.	N.A.	N.A.	N.A.
8iuz	39704525	10.1128/jvi.01400-24	0	auth_asym_id	B	C	A	protein	N.A.	N.A.	N.A.	N.A.
8iv0	39704525	10.1128/jvi.01400-24	0	auth_asym_id	B	C	A	protein	N.A.	N.A.	N.A.	N.A.
8iv4	37470320	10.1093/procel/pwad040	0	auth_asym_id	A	B	G	protein	0.4	SPR	N.A.	N.A.
8iv4	37470320	10.1093/procel/pwad040	0	auth_asym_id	H	L	G	protein	0.004	SPR	N.A.	N.A.
8iv5	37470320	10.1093/procel/pwad040	0	auth_asym_id	A	B	G	protein	N.A.	N.A.	N.A.	N.A.
8iv5	37470320	10.1093/procel/pwad040	0	auth_asym_id	H	L	G	protein	0.4	SPR	N.A.	N.A.
8iv8	37470320	10.1093/procel/pwad040	0	auth_asym_id	C	D	G	protein	N.A.	N.A.	N.A.	N.A.
8iv8	37470320	10.1093/procel/pwad040	0	auth_asym_id	H	L	G	protein	0.004	SPR	N.A.	N.A.
8iva	37470320	10.1093/procel/pwad040	0	auth_asym_id	C	E	G	protein	0.7	SPR	N.A.	KD from DOI: 10.1016/j.celrep.2022.110862
8iva	37470320	10.1093/procel/pwad040	0	auth_asym_id	H	L	G	protein	0.004	SPR	N.A.	N.A.
8iw9	37225986	10.1038/s41586-023-06106-4	0	auth_asym_id	N	N.A.	A;B	protein;protein	N.A.	N.A.	N.A.	N.A.
8iw9	37225986	10.1038/s41586-023-06106-4	0	auth_asym_id	S	N.A.	A;B	protein;protein	N.A.	N.A.	N.A.	N.A.
8ix3	37855619	10.1128/jvi.01137-23	0	auth_asym_id	H	L	G	protein	2.6	SPR	310	N.A.
8j1n	37336486	10.1038/s41586-023-06332-w	0	auth_asym_id	B	N.A.	A	protein	N.A.	N.A.	N.A.	N.A.
8j1q	37375202	10.3390/molecules28124645	0	auth_asym_id	B	A	C	protein	N.A.	N.A.	N.A.	N.A.
8j1t	38052844	10.1038/s41467-023-43798-8	0	auth_asym_id	H	K	F	protein	10.8	BLI	303	N.A.
8j1v	38052844	10.1038/s41467-023-43798-8	0	auth_asym_id	H	K	A	protein	10.8	BLI	303	N.A.
8j1v	38052844	10.1038/s41467-023-43798-8	0	auth_asym_id	C	D	B	protein	10.8	BLI	303	N.A.
8j1v	38052844	10.1038/s41467-023-43798-8	0	auth_asym_id	F	G	E	protein	10.8	BLI	303	N.A.
8j26	37375202	10.3390/molecules28124645	0	auth_asym_id	B	A	C	protein	N.A.	N.A.	N.A.	N.A.
8j5j	37804113	10.24272/j.issn.2095-8137.2023.187	0	auth_asym_id	E	N.A.	A	protein	0.2	SPR	298	N.A.
8j7e	37580554	10.1038/s41589-023-01389-0	0	auth_asym_id	C	D	E	protein	N.A.	N.A.	N.A.	N.A.
8j7e	37580554	10.1038/s41589-023-01389-0	0	auth_asym_id	A	B	F	protein	N.A.	N.A.	N.A.	N.A.
8j7t	37553324	10.1038/s41467-023-40521-5	0	auth_asym_id	E	C	A	protein	N.A.	N.A.	N.A.	N.A.
8j7t	37553324	10.1038/s41467-023-40521-5	0	auth_asym_id	F	D	B	protein	N.A.	N.A.	N.A.	N.A.
8j7u	37553324	10.1038/s41467-023-40521-5	0	auth_asym_id	E	C	A	protein	N.A.	N.A.	N.A.	N.A.
8j7u	37553324	10.1038/s41467-023-40521-5	0	auth_asym_id	F	D	B	protein	N.A.	N.A.	N.A.	N.A.
8j7v	37553324	10.1038/s41467-023-40521-5	0	auth_asym_id	E	C	A	protein	N.A.	N.A.	N.A.	N.A.
8j7v	37553324	10.1038/s41467-023-40521-5	0	auth_asym_id	F	D	B	protein	N.A.	N.A.	N.A.	N.A.
8j7w	37553324	10.1038/s41467-023-40521-5	0	auth_asym_id	E	C	A	protein	N.A.	N.A.	N.A.	N.A.
8j7w	37553324	10.1038/s41467-023-40521-5	0	auth_asym_id	F	D	B	protein	N.A.	N.A.	N.A.	N.A.
8j7x	37553324	10.1038/s41467-023-40521-5	0	auth_asym_id	E	C	A	protein	N.A.	N.A.	N.A.	N.A.
8j7x	37553324	10.1038/s41467-023-40521-5	0	auth_asym_id	F	D	B	protein	N.A.	N.A.	N.A.	N.A.
8j7y	37553324	10.1038/s41467-023-40521-5	0	auth_asym_id	E	C	A;B	protein;protein	N.A.	N.A.	N.A.	N.A.
8j7y	37553324	10.1038/s41467-023-40521-5	0	auth_asym_id	F	D	B	protein	N.A.	N.A.	N.A.	N.A.
8j80	37553324	10.1038/s41467-023-40521-5	0	auth_asym_id	E	C	A	protein	N.A.	N.A.	N.A.	N.A.
8j80	37553324	10.1038/s41467-023-40521-5	0	auth_asym_id	F	D	B	protein	N.A.	N.A.	N.A.	N.A.
8j9k	38175886	10.1126/science.adj3347	0	auth_asym_id	D	B	C	protein	N.A.	N.A.	N.A.	N.A.
8j9o	38182578	10.1038/s41421-023-00627-y	0	auth_asym_id	B	D	A	protein	N.A.	N.A.	N.A.	N.A.
8ja5	N.A.	N.A.	0	auth_asym_id	H	L	A	protein	N.A.	N.A.	N.A.	N.A.
8ja5	N.A.	N.A.	0	auth_asym_id	B	C	D	protein	N.A.	N.A.	N.A.	N.A.
8jel	38460520	10.1016/j.str.2024.02.009	0	auth_asym_id	A	B	E	protein	0.21	SPR	298	N.A.
8jel	38460520	10.1016/j.str.2024.02.009	0	auth_asym_id	F	G	H	protein	0.21	SPR	298	N.A.
8jel	38460520	10.1016/j.str.2024.02.009	0	auth_asym_id	C	D	J	protein	0.21	SPR	298	N.A.
8jel	38460520	10.1016/j.str.2024.02.009	0	auth_asym_id	I	K	L	protein	0.21	SPR	298	N.A.
8jen	38460520	10.1016/j.str.2024.02.009	0	auth_asym_id	A	B	I	protein	0.21	SPR	298	N.A.
8jen	38460520	10.1016/j.str.2024.02.009	0	auth_asym_id	C	D	J	protein	0.21	SPR	298	N.A.
8jen	38460520	10.1016/j.str.2024.02.009	0	auth_asym_id	E	F	M	protein	0.21	SPR	298	N.A.
8jen	38460520	10.1016/j.str.2024.02.009	0	auth_asym_id	G	H	P	protein	0.21	SPR	298	N.A.
8jeo	38460520	10.1016/j.str.2024.02.009	0	auth_asym_id	B	C	A	protein	0.193	SPR	298	N.A.
8jeo	38460520	10.1016/j.str.2024.02.009	0	auth_asym_id	E	F	D	protein	0.193	SPR	298	N.A.
8jg5	38593321	10.1128/jvi.00197-24	0	auth_asym_id	C	D	A;B	protein;protein	3.77	ELISA	310	N.A.
8jg5	38593321	10.1128/jvi.00197-24	0	auth_asym_id	E	F	A;B	protein;protein	3.77	ELISA	310	N.A.
8jh7	38182578	10.1038/s41421-023-00627-y	0	auth_asym_id	H	L	D	protein	N.A.	N.A.	N.A.	N.A.
8jhc	38182578	10.1038/s41421-023-00627-y	0	auth_asym_id	H	L	R	protein	N.A.	N.A.	N.A.	N.A.
8jlw	38300972	10.1371/journal.ppat.1011948	0	auth_asym_id	H	L	A	protein	0.0834	BLI	298	N.A.
8jlx	38300972	10.1371/journal.ppat.1011948	0	auth_asym_id	H	L	A	protein	0.0324	BLI	298	N.A.
8jnk	38158383	10.1002/anie.202313900	0	auth_asym_id	I	M	A	protein	N.A.	N.A.	N.A.	N.A.
8jnk	38158383	10.1002/anie.202313900	0	auth_asym_id	L	P	C	protein	N.A.	N.A.	N.A.	N.A.
8jnk	38158383	10.1002/anie.202313900	0	auth_asym_id	J	N	E	protein	N.A.	N.A.	N.A.	N.A.
8jnk	38158383	10.1002/anie.202313900	0	auth_asym_id	K	O	G	protein	N.A.	N.A.	N.A.	N.A.
8jnr	38158383	10.1002/anie.202313900	0	auth_asym_id	G	K	A	protein	N.A.	N.A.	N.A.	N.A.
8jnr	38158383	10.1002/anie.202313900	0	auth_asym_id	J	N	C	protein	N.A.	N.A.	N.A.	N.A.
8jnr	38158383	10.1002/anie.202313900	0	auth_asym_id	H	L	D	protein	N.A.	N.A.	N.A.	N.A.
8jnr	38158383	10.1002/anie.202313900	0	auth_asym_id	I	M	E	protein	N.A.	N.A.	N.A.	N.A.
8jtw	38485705	10.1038/s41421-024-00664-1	0	auth_asym_id	B	N.A.	A	protein	N.A.	N.A.	N.A.	N.A.
8jtx	38485705	10.1038/s41421-024-00664-1	0	auth_asym_id	B	N.A.	A	protein	N.A.	N.A.	N.A.	N.A.
8jty	38485705	10.1038/s41421-024-00664-1	0	auth_asym_id	B	N.A.	A	protein	N.A.	N.A.	N.A.	N.A.
8jyr	38460519	10.1016/j.str.2024.02.007	0	auth_asym_id	H	L	A	protein	0.3	ELISA	303	N.A.
8k0c	38773072	10.1038/s41467-024-48601-w	0	auth_asym_id	E	F	A	protein	N.A.	N.A.	N.A.	N.A.
8k0c	38773072	10.1038/s41467-024-48601-w	0	auth_asym_id	G	H	B	protein	N.A.	N.A.	N.A.	N.A.
8k0d	38773072	10.1038/s41467-024-48601-w	0	auth_asym_id	E	F	A	protein	N.A.	N.A.	N.A.	N.A.
8k0d	38773072	10.1038/s41467-024-48601-w	0	auth_asym_id	C	D	B	protein	N.A.	N.A.	N.A.	N.A.
8k3c	38582870	10.1038/s41467-024-47213-8	0	auth_asym_id	C	D	B	protein	3.6	BLI	303	N.A.
8k3k	37901798	10.1002/mco2.397	0	auth_asym_id	D	N.A.	E	protein	7.65	BLI	298	N.A.
8k45	37901798	10.1002/mco2.397	0	auth_asym_id	E	N.A.	A	protein	0.68	BLI	N.A.	N.A.
8k45	37901798	10.1002/mco2.397	0	auth_asym_id	D	N.A.	A;B	protein;protein	0.68	BLI	N.A.	N.A.
8k46	37901798	10.1002/mco2.397	0	auth_asym_id	E	N.A.	A	protein	0.001	BLI	N.A.	N.A.
8k46	37901798	10.1002/mco2.397	0	auth_asym_id	G	N.A.	B	protein	0.001	BLI	N.A.	N.A.
8k46	37901798	10.1002/mco2.397	0	auth_asym_id	I	N.A.	C	protein	0.001	BLI	N.A.	N.A.
8k47	37901798	10.1002/mco2.397	0	auth_asym_id	I	N.A.	C	protein	0.001	BLI	N.A.	N.A.
8k5g	38228146	10.1016/j.str.2023.12.013	0	auth_asym_id	H	L	A	protein	N.A.	N.A.	N.A.	N.A.
8kae	38123825	10.1038/s41422-023-00913-0	0	auth_asym_id	N	N.A.	R	protein	N.A.	N.A.	N.A.	N.A.
8khc	38175758	10.1016/j.celrep.2023.113653	0	auth_asym_id	H	J	A	protein	N.A.	N.A.	N.A.	N.A.
8khc	38175758	10.1016/j.celrep.2023.113653	0	auth_asym_id	F	G	B	protein	N.A.	N.A.	N.A.	N.A.
8khd	38175758	10.1016/j.celrep.2023.113653	0	auth_asym_id	H	J	C	protein	N.A.	N.A.	N.A.	N.A.
8odx	38287195	10.1038/s41594-023-01190-6	0	auth_asym_id	H	L	A	protein	N.A.	N.A.	N.A.	N.A.
8oi2	38152025	10.1002/pro.4887	0	auth_asym_id	B	N.A.	A	protein	6.6	yeast surface display	293	N.A.
8ol9	37421602	10.1002/pro.4726	0	auth_asym_id	B	A	H	protein	N.A.	N.A.	N.A.	N.A.
8omu	37482561	10.1038/s41594-023-01039-y	0	auth_asym_id	B	N.A.	A	protein	75	BLI	N.A.	N.A.
8omz	39209842	10.1038/s41467-024-51814-8	0	auth_asym_id	B	N.A.	A	protein	N.A.	N.A.	N.A.	N.A.
8omz	39209842	10.1038/s41467-024-51814-8	0	auth_asym_id	D	N.A.	C	protein	N.A.	N.A.	N.A.	N.A.
8ont	37074929	10.7554/eLife.85641	0	auth_asym_id	B	N.A.	A	protein	N.A.	N.A.	N.A.	N.A.
8oo1	39209842	10.1038/s41467-024-51814-8	0	auth_asym_id	B	N.A.	A	protein	N.A.	N.A.	N.A.	N.A.
8oo1	39209842	10.1038/s41467-024-51814-8	0	auth_asym_id	D	N.A.	C	protein	N.A.	N.A.	N.A.	N.A.
8opr	37923757	10.1038/s41467-023-42826-x	0	auth_asym_id	B	N.A.	A	protein	1.9	BLI	N.A.	N.A.
8opr	37923757	10.1038/s41467-023-42826-x	0	auth_asym_id	C	N.A.	A	protein	2.2	BLI	N.A.	N.A.
8oq3	39849196	10.1038/s41594-024-01467-4	0	auth_asym_id	C	N.A.	A	protein	N.A.	N.A.	N.A.	N.A.
8oq3	39849196	10.1038/s41594-024-01467-4	0	auth_asym_id	F	N.A.	D	protein	N.A.	N.A.	N.A.	N.A.
8oud	38671230	10.1038/s41594-024-01295-6	0	auth_asym_id	D	N.A.	A	protein	360	ITC	298	N.A.
8oud	38671230	10.1038/s41594-024-01295-6	0	auth_asym_id	E	N.A.	B	protein	360	ITC	298	N.A.
8oud	38671230	10.1038/s41594-024-01295-6	0	auth_asym_id	F	N.A.	C	protein	360	ITC	298	N.A.
8oww	38835241	10.1098/rsob.230252	0	auth_asym_id	B	N.A.	A	protein	N.A.	N.A.	N.A.	N.A.
8oxv	37798283	10.1038/s41467-023-42004-z	0	auth_asym_id	B	C	A	protein	N.A.	N.A.	N.A.	N.A.
8oxw	37798283	10.1038/s41467-023-42004-z	0	auth_asym_id	B	C	A	protein	N.A.	N.A.	N.A.	N.A.
8oxx	37798283	10.1038/s41467-023-42004-z	0	auth_asym_id	B	C	A	protein	N.A.	N.A.	N.A.	N.A.
8oxy	37798283	10.1038/s41467-023-42004-z	0	auth_asym_id	B	C	A	protein	N.A.	N.A.	N.A.	N.A.
8oz3	37796298	10.1007/s00262-023-03548-7	0	auth_asym_id	A	B	C	protein	0.1	BLI	293	N.A.
8oz3	37796298	10.1007/s00262-023-03548-7	0	auth_asym_id	H	L	D	protein	0.1	BLI	293	N.A.
8ozb	38649536	10.1038/s44318-024-00081-w	0	auth_asym_id	C	N.A.	E	protein	0.5	BLI	298	N.A.
8p7w	37597690	10.1016/j.jmb.2023.168234	0	auth_asym_id	C	N.A.	A	protein	N.A.	N.A.	N.A.	N.A.
8p7w	37597690	10.1016/j.jmb.2023.168234	0	auth_asym_id	Y	N.A.	B	protein	N.A.	N.A.	N.A.	N.A.
8p7w	37597690	10.1016/j.jmb.2023.168234	0	auth_asym_id	D	G	A;B	protein;protein	N.A.	N.A.	N.A.	N.A.
8p7w	37597690	10.1016/j.jmb.2023.168234	0	auth_asym_id	F	E	A;B	protein;protein	N.A.	N.A.	N.A.	N.A.
8p8a	37597690	10.1016/j.jmb.2023.168234	0	auth_asym_id	D	C	A;B	protein;protein	N.A.	N.A.	N.A.	N.A.
8p8a	37597690	10.1016/j.jmb.2023.168234	0	auth_asym_id	F	E	A;B	protein;protein	N.A.	N.A.	N.A.	N.A.
8p8a	37597690	10.1016/j.jmb.2023.168234	0	auth_asym_id	Z	N.A.	A;B	protein;protein	N.A.	N.A.	N.A.	N.A.
8p8j	37597690	10.1016/j.jmb.2023.168234	0	auth_asym_id	Z	N.A.	A	protein	N.A.	N.A.	N.A.	N.A.
8p8j	37597690	10.1016/j.jmb.2023.168234	0	auth_asym_id	D	C	A;B	protein;protein	N.A.	N.A.	N.A.	N.A.
8p8j	37597690	10.1016/j.jmb.2023.168234	0	auth_asym_id	F	E	A;B	protein;protein	N.A.	N.A.	N.A.	N.A.
8pe9	37328286	10.1136/jitc-2023-006720	0	auth_asym_id	H	L	A	protein	0.39	BLI	N.A.	N.A.
8pg0	37723174	10.1038/s41467-023-41552-8	0	auth_asym_id	H	L	A	protein	N.A.	N.A.	N.A.	N.A.
8phw	37723174	10.1038/s41467-023-41552-8	0	auth_asym_id	H	L	A	protein	N.A.	N.A.	N.A.	N.A.
8pih	N.A.	N.A.	0	auth_asym_id	B	N.A.	A	protein	N.A.	N.A.	N.A.	N.A.
8pih	N.A.	N.A.	0	auth_asym_id	C	N.A.	A	protein	N.A.	N.A.	N.A.	N.A.
8pij	38499587	10.1038/s41467-024-46677-y	0	auth_asym_id	B	N.A.	A	protein	N.A.	N.A.	N.A.	N.A.
8piz	38499587	10.1038/s41467-024-46677-y	0	auth_asym_id	B	N.A.	A	protein	N.A.	N.A.	N.A.	N.A.
8pjp	38499587	10.1038/s41467-024-46677-y	0	auth_asym_id	C	N.A.	A	protein	N.A.	N.A.	N.A.	N.A.
8pkc	N.A.	N.A.	0	auth_asym_id	C	N.A.	A	protein	N.A.	N.A.	N.A.	N.A.
8pkc	N.A.	N.A.	0	auth_asym_id	D	N.A.	B	protein	N.A.	N.A.	N.A.	N.A.
8pnl	37833269	10.1038/s41467-023-42073-0	0	auth_asym_id	B	N.A.	A	protein	N.A.	N.A.	N.A.	N.A.
8pnl	37833269	10.1038/s41467-023-42073-0	0	auth_asym_id	D	N.A.	C	protein	N.A.	N.A.	N.A.	N.A.
8pnu	38744914	10.1038/s41557-024-01523-y	0	auth_asym_id	D	N.A.	A	protein	N.A.	N.A.	N.A.	N.A.
8pnu	38744914	10.1038/s41557-024-01523-y	0	auth_asym_id	E	N.A.	A;B	protein;protein	N.A.	N.A.	N.A.	N.A.
8pnu	38744914	10.1038/s41557-024-01523-y	0	auth_asym_id	F	N.A.	C	protein	N.A.	N.A.	N.A.	N.A.
8pnu	38744914	10.1038/s41557-024-01523-y	0	auth_asym_id	J	N.A.	G	protein	N.A.	N.A.	N.A.	N.A.
8pnu	38744914	10.1038/s41557-024-01523-y	0	auth_asym_id	K	N.A.	G;H	protein;protein	N.A.	N.A.	N.A.	N.A.
8pnu	38744914	10.1038/s41557-024-01523-y	0	auth_asym_id	L	N.A.	I	protein	N.A.	N.A.	N.A.	N.A.
8pnv	38744914	10.1038/s41557-024-01523-y	0	auth_asym_id	D	N.A.	A	protein	N.A.	N.A.	N.A.	N.A.
8pnv	38744914	10.1038/s41557-024-01523-y	0	auth_asym_id	E	N.A.	B	protein	N.A.	N.A.	N.A.	N.A.
8pnv	38744914	10.1038/s41557-024-01523-y	0	auth_asym_id	F	N.A.	C	protein	N.A.	N.A.	N.A.	N.A.
8pnv	38744914	10.1038/s41557-024-01523-y	0	auth_asym_id	J	N.A.	G	protein	N.A.	N.A.	N.A.	N.A.
8pnv	38744914	10.1038/s41557-024-01523-y	0	auth_asym_id	K	N.A.	H	protein	N.A.	N.A.	N.A.	N.A.
8pnv	38744914	10.1038/s41557-024-01523-y	0	auth_asym_id	L	N.A.	I	protein	N.A.	N.A.	N.A.	N.A.
8pq2	37852477	10.1016/j.jinf.2023.10.008	0	auth_asym_id	H	L	C	protein	N.A.	N.A.	N.A.	N.A.
8pvb	38011573	10.1073/pnas.2312905120	0	auth_asym_id	O	N.A.	A	protein	N.A.	N.A.	N.A.	N.A.
8pwh	38723875	10.1016/j.jsb.2024.108095	0	auth_asym_id	B	A	E	protein	0.89	mass photometry	N.A.	N.A.
8pwh	38723875	10.1016/j.jsb.2024.108095	0	auth_asym_id	D	C	E	protein	2.04	mass photometry	N.A.	N.A.
8pyr	39097586	10.1038/s41467-024-50891-z	0	auth_asym_id	D	N.A.	A	protein	N.A.	N.A.	N.A.	N.A.
8pyr	39097586	10.1038/s41467-024-50891-z	0	auth_asym_id	H	N.A.	E	protein	N.A.	N.A.	N.A.	N.A.
8q7s	38065245	10.1016/j.antiviral.2023.105778	0	auth_asym_id	B	N.A.	A	protein	N.A.	N.A.	N.A.	N.A.
8q7s	38065245	10.1016/j.antiviral.2023.105778	0	auth_asym_id	E	N.A.	D	protein	N.A.	N.A.	N.A.	N.A.
8q7s	38065245	10.1016/j.antiviral.2023.105778	0	auth_asym_id	H	N.A.	G	protein	N.A.	N.A.	N.A.	N.A.
8q7s	38065245	10.1016/j.antiviral.2023.105778	0	auth_asym_id	K	N.A.	J	protein	N.A.	N.A.	N.A.	N.A.
8q7s	38065245	10.1016/j.antiviral.2023.105778	0	auth_asym_id	N	N.A.	M	protein	N.A.	N.A.	N.A.	N.A.
8q7s	38065245	10.1016/j.antiviral.2023.105778	0	auth_asym_id	C	N.A.	A	protein	0.01	SPR	293	N.A.
8q7s	38065245	10.1016/j.antiviral.2023.105778	0	auth_asym_id	F	N.A.	D	protein	0.01	SPR	293	N.A.
8q7s	38065245	10.1016/j.antiviral.2023.105778	0	auth_asym_id	I	N.A.	G	protein	0.01	SPR	293	N.A.
8q7s	38065245	10.1016/j.antiviral.2023.105778	0	auth_asym_id	L	N.A.	J	protein	0.01	SPR	293	N.A.
8q7s	38065245	10.1016/j.antiviral.2023.105778	0	auth_asym_id	O	N.A.	M	protein	0.01	SPR	293	N.A.
8q93	38065245	10.1016/j.antiviral.2023.105778	0	auth_asym_id	B	N.A.	A	protein	N.A.	N.A.	N.A.	N.A.
8q93	38065245	10.1016/j.antiviral.2023.105778	0	auth_asym_id	C	N.A.	A	protein	0.02	SPR	293	N.A.
8q94	38065245	10.1016/j.antiviral.2023.105778	0	auth_asym_id	B	N.A.	A	protein	N.A.	N.A.	N.A.	N.A.
8q94	38065245	10.1016/j.antiviral.2023.105778	0	auth_asym_id	C	N.A.	A	protein	0.35	SPR	293	N.A.
8q95	38065245	10.1016/j.antiviral.2023.105778	0	auth_asym_id	B	N.A.	A	protein	N.A.	N.A.	N.A.	N.A.
8q95	38065245	10.1016/j.antiviral.2023.105778	0	auth_asym_id	C	N.A.	A	protein	0.04	SPR	293	N.A.
8qf4	N.A.	N.A.	0	auth_asym_id	E	N.A.	A	protein	N.A.	N.A.	N.A.	N.A.
8qf5	N.A.	N.A.	0	auth_asym_id	A	N.A.	B	protein	N.A.	N.A.	N.A.	N.A.
8qf5	N.A.	N.A.	0	auth_asym_id	G	N.A.	H	protein	N.A.	N.A.	N.A.	N.A.
8qot	39384768	10.1038/s41467-024-52947-6	0	auth_asym_id	B	N.A.	A	protein	56	grating coupled interferometry	N.A.	N.A.
8qpr	38232633	10.1016/j.ebiom.2023.104960	0	auth_asym_id	E	D	A	protein	0.0787	BLI	303	N.A.
8qq0	38232633	10.1016/j.ebiom.2023.104960	0	auth_asym_id	E	D	A	protein	0.316	BLI	303	N.A.
8qrf	38723626	10.1016/j.xcrm.2024.101553	0	auth_asym_id	A	B	E	protein	N.A.	N.A.	N.A.	N.A.
8qrf	38723626	10.1016/j.xcrm.2024.101553	0	auth_asym_id	H	L	E	protein	N.A.	N.A.	N.A.	N.A.
8qrg	38723626	10.1016/j.xcrm.2024.101553	0	auth_asym_id	A	N.A.	E	protein	N.A.	N.A.	N.A.	N.A.
8qrg	38723626	10.1016/j.xcrm.2024.101553	0	auth_asym_id	H	L	E	protein	N.A.	N.A.	N.A.	N.A.
8qtd	38723626	10.1016/j.xcrm.2024.101553	0	auth_asym_id	H	L	A	protein	N.A.	N.A.	N.A.	N.A.
8qzr	38627386	10.1038/s41467-024-47393-3	0	auth_asym_id	H	L	C	protein	N.A.	N.A.	N.A.	N.A.
8qzr	38627386	10.1038/s41467-024-47393-3	0	auth_asym_id	A	B	E	protein	N.A.	N.A.	N.A.	N.A.
8r1c	38548763	10.1038/s41467-024-46982-6	0	auth_asym_id	H	L	A	protein	N.A.	N.A.	N.A.	N.A.
8r1c	38548763	10.1038/s41467-024-46982-6	0	auth_asym_id	D	E	B	protein	N.A.	N.A.	N.A.	N.A.
8r1c	38548763	10.1038/s41467-024-46982-6	0	auth_asym_id	F	G	C	protein	N.A.	N.A.	N.A.	N.A.
8r1d	38548763	10.1038/s41467-024-46982-6	0	auth_asym_id	H	L	A	protein	N.A.	N.A.	N.A.	N.A.
8r1d	38548763	10.1038/s41467-024-46982-6	0	auth_asym_id	F	G	B	protein	N.A.	N.A.	N.A.	N.A.
8r1d	38548763	10.1038/s41467-024-46982-6	0	auth_asym_id	D	E	C	protein	N.A.	N.A.	N.A.	N.A.
8r4b	38666771	10.7554/eLife.94503	0	auth_asym_id	B	N.A.	A	protein	4600	fluorescence anisotropy titration	298	N.A.
8r4b	38666771	10.7554/eLife.94503	0	auth_asym_id	C	N.A.	A	protein	700	fluorescence anisotropy titration	298	N.A.
8r4c	38666771	10.7554/eLife.94503	0	auth_asym_id	C	N.A.	A	protein	700	fluorescence anisotropy titration	298	N.A.
8r4d	38666771	10.7554/eLife.94503	0	auth_asym_id	B	N.A.	A	protein	4600	fluorescence anisotropy titration	298	N.A.
8r4o	38508313	10.1016/j.jbc.2024.107201	0	auth_asym_id	B	N.A.	A	protein	280	SPR	N.A.	N.A.
8r4o	38508313	10.1016/j.jbc.2024.107201	0	auth_asym_id	D	N.A.	C	protein	280	SPR	N.A.	N.A.
8r4o	38508313	10.1016/j.jbc.2024.107201	0	auth_asym_id	F	N.A.	E	protein	280	SPR	N.A.	N.A.
8r4o	38508313	10.1016/j.jbc.2024.107201	0	auth_asym_id	H	N.A.	G	protein	280	SPR	N.A.	N.A.
8r4o	38508313	10.1016/j.jbc.2024.107201	0	auth_asym_id	J	N.A.	I	protein	280	SPR	N.A.	N.A.
8r4o	38508313	10.1016/j.jbc.2024.107201	0	auth_asym_id	L	N.A.	K	protein	280	SPR	N.A.	N.A.
8r4q	38508313	10.1016/j.jbc.2024.107201	0	auth_asym_id	B	N.A.	A	protein	280	SPR	N.A.	N.A.
8r4q	38508313	10.1016/j.jbc.2024.107201	0	auth_asym_id	D	N.A.	C	protein	280	SPR	N.A.	N.A.
8r4q	38508313	10.1016/j.jbc.2024.107201	0	auth_asym_id	F	N.A.	E	protein	280	SPR	N.A.	N.A.
8r4q	38508313	10.1016/j.jbc.2024.107201	0	auth_asym_id	H	N.A.	G	protein	280	SPR	N.A.	N.A.
8r4q	38508313	10.1016/j.jbc.2024.107201	0	auth_asym_id	J	N.A.	I	protein	280	SPR	N.A.	N.A.
8r4q	38508313	10.1016/j.jbc.2024.107201	0	auth_asym_id	L	N.A.	K	protein	280	SPR	N.A.	N.A.
8r4u	38508313	10.1016/j.jbc.2024.107201	0	auth_asym_id	B	N.A.	A;E	protein;protein	280	SPR	N.A.	N.A.
8r4u	38508313	10.1016/j.jbc.2024.107201	0	auth_asym_id	D	N.A.	C	protein	280	SPR	N.A.	N.A.
8r4u	38508313	10.1016/j.jbc.2024.107201	0	auth_asym_id	F	N.A.	E	protein	280	SPR	N.A.	N.A.
8r4u	38508313	10.1016/j.jbc.2024.107201	0	auth_asym_id	H	N.A.	G	protein	280	SPR	N.A.	N.A.
8r80	38723626	10.1016/j.xcrm.2024.101553	0	auth_asym_id	A	B	E	protein	N.A.	N.A.	N.A.	N.A.
8r80	38723626	10.1016/j.xcrm.2024.101553	0	auth_asym_id	H	L	R	protein	N.A.	N.A.	N.A.	N.A.
8r8d	39059382	10.1016/j.str.2024.07.001	0	auth_asym_id	E	I	A;B	protein;protein	N.A.	N.A.	N.A.	N.A.
8r8d	39059382	10.1016/j.str.2024.07.001	0	auth_asym_id	H	L	A;B	protein;protein	N.A.	N.A.	N.A.	N.A.
8r8k	38723626	10.1016/j.xcrm.2024.101553	0	auth_asym_id	H	L	A	protein	N.A.	N.A.	N.A.	N.A.
8rcq	38265877	10.1107/S2059798324000196	0	auth_asym_id	B	N.A.	A	protein	N.A.	N.A.	N.A.	N.A.
8ruu	38631666	10.1016/j.jid.2024.03.037	0	auth_asym_id	B	C	X	protein	N.A.	N.A.	N.A.	N.A.
8ruu	38631666	10.1016/j.jid.2024.03.037	0	auth_asym_id	H	L	Y	protein	N.A.	N.A.	N.A.	N.A.
8s9g	37648855	10.1038/s41586-023-06487-6	0	auth_asym_id	H	L	E	protein	70	SPR	298	N.A.
8san	37188681	10.1038/s41467-023-38108-1	0	auth_asym_id	C	D	A	protein	N.A.	N.A.	N.A.	N.A.
8san	37188681	10.1038/s41467-023-38108-1	0	auth_asym_id	G	H	E	protein	N.A.	N.A.	N.A.	N.A.
8san	37188681	10.1038/s41467-023-38108-1	0	auth_asym_id	K	L	I	protein	N.A.	N.A.	N.A.	N.A.
8saq	37188681	10.1038/s41467-023-38108-1	0	auth_asym_id	C	D	A	protein	N.A.	N.A.	N.A.	N.A.
8saq	37188681	10.1038/s41467-023-38108-1	0	auth_asym_id	H	I	E	protein	N.A.	N.A.	N.A.	N.A.
8saq	37188681	10.1038/s41467-023-38108-1	0	auth_asym_id	M	N	K	protein	N.A.	N.A.	N.A.	N.A.
8sar	37188681	10.1038/s41467-023-38108-1	0	auth_asym_id	C	D	A	protein	N.A.	N.A.	N.A.	N.A.
8sar	37188681	10.1038/s41467-023-38108-1	0	auth_asym_id	H	I	F	protein	N.A.	N.A.	N.A.	N.A.
8sar	37188681	10.1038/s41467-023-38108-1	0	auth_asym_id	M	N	K	protein	N.A.	N.A.	N.A.	N.A.
8sas	37188681	10.1038/s41467-023-38108-1	0	auth_asym_id	C	D	A	protein	N.A.	N.A.	N.A.	N.A.
8sas	37188681	10.1038/s41467-023-38108-1	0	auth_asym_id	H	I	F	protein	N.A.	N.A.	N.A.	N.A.
8sas	37188681	10.1038/s41467-023-38108-1	0	auth_asym_id	M	N	K	protein	N.A.	N.A.	N.A.	N.A.
8sav	37188681	10.1038/s41467-023-38108-1	0	auth_asym_id	C	D	A	protein	N.A.	N.A.	N.A.	N.A.
8sav	37188681	10.1038/s41467-023-38108-1	0	auth_asym_id	G	H	E	protein	N.A.	N.A.	N.A.	N.A.
8sav	37188681	10.1038/s41467-023-38108-1	0	auth_asym_id	K	L	I	protein	N.A.	N.A.	N.A.	N.A.
8saw	37188681	10.1038/s41467-023-38108-1	0	auth_asym_id	C	D	A	protein	N.A.	N.A.	N.A.	N.A.
8saw	37188681	10.1038/s41467-023-38108-1	0	auth_asym_id	H	I	E	protein	N.A.	N.A.	N.A.	N.A.
8saw	37188681	10.1038/s41467-023-38108-1	0	auth_asym_id	M	N	K	protein	N.A.	N.A.	N.A.	N.A.
8sax	37188681	10.1038/s41467-023-38108-1	0	auth_asym_id	C	D	A	protein	N.A.	N.A.	N.A.	N.A.
8sax	37188681	10.1038/s41467-023-38108-1	0	auth_asym_id	G	H	E	protein	N.A.	N.A.	N.A.	N.A.
8sax	37188681	10.1038/s41467-023-38108-1	0	auth_asym_id	K	L	I	protein	N.A.	N.A.	N.A.	N.A.
8say	37188681	10.1038/s41467-023-38108-1	0	auth_asym_id	C	D	A	protein	N.A.	N.A.	N.A.	N.A.
8say	37188681	10.1038/s41467-023-38108-1	0	auth_asym_id	H	I	F	protein	N.A.	N.A.	N.A.	N.A.
8say	37188681	10.1038/s41467-023-38108-1	0	auth_asym_id	M	N	K	protein	N.A.	N.A.	N.A.	N.A.
8sb0	37188681	10.1038/s41467-023-38108-1	0	auth_asym_id	C	D	A	protein	N.A.	N.A.	N.A.	N.A.
8sb0	37188681	10.1038/s41467-023-38108-1	0	auth_asym_id	H	I	F	protein	N.A.	N.A.	N.A.	N.A.
8sb0	37188681	10.1038/s41467-023-38108-1	0	auth_asym_id	M	N	K	protein	N.A.	N.A.	N.A.	N.A.
8sb1	37188681	10.1038/s41467-023-38108-1	0	auth_asym_id	C	D	A	protein	N.A.	N.A.	N.A.	N.A.
8sb1	37188681	10.1038/s41467-023-38108-1	0	auth_asym_id	H	I	F	protein	N.A.	N.A.	N.A.	N.A.
8sb1	37188681	10.1038/s41467-023-38108-1	0	auth_asym_id	M	N	K	protein	N.A.	N.A.	N.A.	N.A.
8sb2	37188681	10.1038/s41467-023-38108-1	0	auth_asym_id	C	D	A	protein	N.A.	N.A.	N.A.	N.A.
8sb2	37188681	10.1038/s41467-023-38108-1	0	auth_asym_id	H	I	F	protein	N.A.	N.A.	N.A.	N.A.
8sb2	37188681	10.1038/s41467-023-38108-1	0	auth_asym_id	M	N	K	protein	N.A.	N.A.	N.A.	N.A.
8sb3	37188681	10.1038/s41467-023-38108-1	0	auth_asym_id	C	D	A	protein	N.A.	N.A.	N.A.	N.A.
8sb3	37188681	10.1038/s41467-023-38108-1	0	auth_asym_id	H	I	F	protein	N.A.	N.A.	N.A.	N.A.
8sb3	37188681	10.1038/s41467-023-38108-1	0	auth_asym_id	M	N	K	protein	N.A.	N.A.	N.A.	N.A.
8sb5	37188681	10.1038/s41467-023-38108-1	0	auth_asym_id	C	D	A	protein	N.A.	N.A.	N.A.	N.A.
8sb5	37188681	10.1038/s41467-023-38108-1	0	auth_asym_id	H	I	F	protein	N.A.	N.A.	N.A.	N.A.
8sb5	37188681	10.1038/s41467-023-38108-1	0	auth_asym_id	M	N	K	protein	N.A.	N.A.	N.A.	N.A.
8sbb	37069165	10.1038/s41467-023-37869-z	0	auth_asym_id	B	N.A.	A	protein	N.A.	N.A.	N.A.	N.A.
8scx	37344598	10.1038/s41586-023-06239-6	0	auth_asym_id	H	L	C	protein	N.A.	N.A.	N.A.	N.A.
8sdf	37162858	10.1101/2023.04.26.538488	0	auth_asym_id	B	C	A	protein	0.48	BLI	N.A.	N.A.
8sdf	37162858	10.1101/2023.04.26.538488	0	auth_asym_id	H	L	Z	protein	0.48	BLI	N.A.	N.A.
8sdg	37162858	10.1101/2023.04.26.538488	0	auth_asym_id	G	I	C	protein	0.42	BLI	N.A.	N.A.
8sdg	37162858	10.1101/2023.04.26.538488	0	auth_asym_id	A	B	D	protein	0.42	BLI	N.A.	N.A.
8sgi	39677781	10.1101/2024.12.05.627058	0	auth_asym_id	H	L	A	protein	N.A.	N.A.	N.A.	N.A.
8sgj	37794011	10.1038/s41467-023-41885-4	0	auth_asym_id	H	L	A	protein	N.A.	N.A.	N.A.	N.A.
8sgn	39909035	10.1016/j.immuni.2025.01.010	0	auth_asym_id	H	L	G	protein	N.A.	N.A.	N.A.	N.A.
8sgo	37607940	10.1038/s41467-023-40800-1	0	auth_asym_id	J	I	B	protein	N.A.	N.A.	N.A.	N.A.
8sgo	37607940	10.1038/s41467-023-40800-1	0	auth_asym_id	K	L	D	protein	N.A.	N.A.	N.A.	N.A.
8sgt	37794011	10.1038/s41467-023-41885-4	0	auth_asym_id	H	L	A	protein	N.A.	N.A.	N.A.	N.A.
8si9	37607940	10.1038/s41467-023-40800-1	0	auth_asym_id	J	I	B	protein	N.A.	N.A.	N.A.	N.A.
8si9	37607940	10.1038/s41467-023-40800-1	0	auth_asym_id	K	L	D	protein	N.A.	N.A.	N.A.	N.A.
8sic	39909035	10.1016/j.immuni.2025.01.010	0	auth_asym_id	A	B	E	protein	N.A.	N.A.	N.A.	N.A.
8sic	39909035	10.1016/j.immuni.2025.01.010	0	auth_asym_id	H	L	G	protein	N.A.	N.A.	N.A.	N.A.
8sid	37607940	10.1038/s41467-023-40800-1	0	auth_asym_id	J	I	B	protein	N.A.	N.A.	N.A.	N.A.
8sid	37607940	10.1038/s41467-023-40800-1	0	auth_asym_id	K	L	D	protein	N.A.	N.A.	N.A.	N.A.
8siq	N.A.	10.1101/2023.04.26.538488	0	auth_asym_id	H	L	A	protein	0.43	BLI	N.A.	N.A.
8siq	N.A.	10.1101/2023.04.26.538488	0	auth_asym_id	M	N	A	protein	N.A.	N.A.	N.A.	N.A.
8sir	N.A.	10.1101/2023.04.26.538488	0	auth_asym_id	H	L	A	protein	0.49	BLI	N.A.	N.A.
8sis	N.A.	10.1101/2023.04.26.538488	0	auth_asym_id	H	L	A	protein	0.43	BLI	N.A.	N.A.
8sit	N.A.	10.1101/2023.04.26.538488	0	auth_asym_id	H	L	A	protein	0.43	BLI	N.A.	N.A.
8sit	N.A.	10.1101/2023.04.26.538488	0	auth_asym_id	M	N	B	protein	0.43	BLI	N.A.	N.A.
8sit	N.A.	10.1101/2023.04.26.538488	0	auth_asym_id	O	P	C	protein	0.43	BLI	N.A.	N.A.
8sit	N.A.	10.1101/2023.04.26.538488	0	auth_asym_id	Q	S	D	protein	0.43	BLI	N.A.	N.A.
8sk5	37608223	10.1038/s41598-023-40919-7	0	auth_asym_id	B	N.A.	A	protein	0.22	SPR	298	N.A.
8slb	37394032	10.1016/j.jmb.2023.168192	0	auth_asym_id	H	L	A	protein	1.5	SPR	N.A.	N.A.
8sm1	39909035	10.1016/j.immuni.2025.01.010	0	auth_asym_id	H	L	G	protein	N.A.	N.A.	N.A.	N.A.
8smi	38157856	10.1016/j.str.2023.11.015	0	auth_asym_id	H	L	A	protein	N.A.	N.A.	N.A.	N.A.
8smk	38308046	10.1038/s41589-023-01535-8	0	auth_asym_id	B	C	A;D	protein;protein	1	BLI	N.A.	N.A.
8smk	38308046	10.1038/s41589-023-01535-8	0	auth_asym_id	E	F	A;D	protein;protein	1	BLI	N.A.	N.A.
8sml	38308046	10.1038/s41589-023-01535-8	0	auth_asym_id	C	B	A	protein	N.A.	BLI	N.A.	N.A.
8sml	38308046	10.1038/s41589-023-01535-8	0	auth_asym_id	F	E	D	protein	N.A.	BLI	N.A.	N.A.
8smm	39322765	10.1038/s41594-024-01389-1	0	auth_asym_id	H	L	A	protein	N.A.	N.A.	N.A.	N.A.
8smn	39322765	10.1038/s41594-024-01389-1	0	auth_asym_id	H	L	A	protein	N.A.	N.A.	N.A.	N.A.
8smp	39322765	10.1038/s41594-024-01389-1	0	auth_asym_id	H	L	A	protein	N.A.	N.A.	N.A.	N.A.
8smt	38157856	10.1016/j.str.2023.11.015	0	auth_asym_id	A	B	C	protein	N.A.	N.A.	N.A.	N.A.
8smt	38157856	10.1016/j.str.2023.11.015	0	auth_asym_id	H	L	E	protein	N.A.	N.A.	N.A.	N.A.
8smt	38157856	10.1016/j.str.2023.11.015	0	auth_asym_id	D	F	G	protein	N.A.	N.A.	N.A.	N.A.
8smt	38157856	10.1016/j.str.2023.11.015	0	auth_asym_id	I	J	K	protein	N.A.	N.A.	N.A.	N.A.
8snc	39322765	10.1038/s41594-024-01389-1	0	auth_asym_id	B	N.A.	A	protein	N.A.	N.A.	N.A.	N.A.
8snc	39322765	10.1038/s41594-024-01389-1	0	auth_asym_id	C	N.A.	A	protein	N.A.	N.A.	N.A.	N.A.
8snd	39322765	10.1038/s41594-024-01389-1	0	auth_asym_id	B	N.A.	A	protein	N.A.	N.A.	N.A.	N.A.
8snd	39322765	10.1038/s41594-024-01389-1	0	auth_asym_id	C	N.A.	A	protein	N.A.	N.A.	N.A.	N.A.
8sne	39322765	10.1038/s41594-024-01389-1	0	auth_asym_id	B	N.A.	A	protein	N.A.	N.A.	N.A.	N.A.
8sne	39322765	10.1038/s41594-024-01389-1	0	auth_asym_id	C	N.A.	A	protein	N.A.	N.A.	N.A.	N.A.
8so3	37619561	10.1016/j.str.2023.07.013	0	auth_asym_id	H	L	D	protein	N.A.	N.A.	N.A.	N.A.
8so3	37619561	10.1016/j.str.2023.07.013	0	auth_asym_id	Y	Z	X	protein	N.A.	N.A.	N.A.	N.A.
8sos	38040419	10.1136/jitc-2023-007631	0	auth_asym_id	D	N.A.	A	protein	N.A.	N.A.	N.A.	N.A.
8sos	38040419	10.1136/jitc-2023-007631	0	auth_asym_id	G	N.A.	E	protein	N.A.	N.A.	N.A.	N.A.
8sr0	37619561	10.1016/j.str.2023.07.013	0	auth_asym_id	H	L	D	protein	N.A.	N.A.	N.A.	N.A.
8sr0	37619561	10.1016/j.str.2023.07.013	0	auth_asym_id	Y	Z	X	protein	N.A.	N.A.	N.A.	N.A.
8ssz	38454578	10.1111/bph.16321	0	auth_asym_id	I	H	B	protein	N.A.	N.A.	N.A.	N.A.
8ssz	38454578	10.1111/bph.16321	0	auth_asym_id	G	F	C	protein	N.A.	N.A.	N.A.	N.A.
8ssz	38454578	10.1111/bph.16321	0	auth_asym_id	K	J	E	protein	N.A.	N.A.	N.A.	N.A.
8st0	38454578	10.1111/bph.16321	0	auth_asym_id	I	H	B	protein	N.A.	N.A.	N.A.	N.A.
8st0	38454578	10.1111/bph.16321	0	auth_asym_id	G	F	C	protein	N.A.	N.A.	N.A.	N.A.
8st0	38454578	10.1111/bph.16321	0	auth_asym_id	K	J	E	protein	N.A.	N.A.	N.A.	N.A.
8st3	38454578	10.1111/bph.16321	0	auth_asym_id	I	H	B	protein	N.A.	N.A.	N.A.	N.A.
8st3	38454578	10.1111/bph.16321	0	auth_asym_id	G	F	C	protein	N.A.	N.A.	N.A.	N.A.
8st3	38454578	10.1111/bph.16321	0	auth_asym_id	K	J	E	protein	N.A.	N.A.	N.A.	N.A.
8st4	38454578	10.1111/bph.16321	0	auth_asym_id	I	H	B	protein	N.A.	N.A.	N.A.	N.A.
8st4	38454578	10.1111/bph.16321	0	auth_asym_id	G	F	C	protein	N.A.	N.A.	N.A.	N.A.
8st4	38454578	10.1111/bph.16321	0	auth_asym_id	K	J	E	protein	N.A.	N.A.	N.A.	N.A.
8suo	38924429	10.1126/scitranslmed.ado2817	0	auth_asym_id	H	L	A	protein	N.A.	N.A.	N.A.	N.A.
8suo	38924429	10.1126/scitranslmed.ado2817	0	auth_asym_id	I	M	A	protein	N.A.	N.A.	N.A.	N.A.
8sxi	38306419	10.1126/sciadv.adj0396	0	auth_asym_id	C	D	A	protein	N.A.	N.A.	N.A.	N.A.
8sxi	38306419	10.1126/sciadv.adj0396	0	auth_asym_id	G	H	E	protein	N.A.	N.A.	N.A.	N.A.
8sxi	38306419	10.1126/sciadv.adj0396	0	auth_asym_id	K	L	I	protein	N.A.	N.A.	N.A.	N.A.
8sxp	38381847	10.1126/scitranslmed.adk1867	0	auth_asym_id	H	L	C	protein	0.61	SPR	298	N.A.
8szy	37675979	10.1080/19420862.2023.2253788	0	auth_asym_id	A	B	T	protein	N.A.	N.A.	N.A.	N.A.
8szy	37675979	10.1080/19420862.2023.2253788	0	auth_asym_id	C	D	U	protein	N.A.	N.A.	N.A.	N.A.
8szy	37675979	10.1080/19420862.2023.2253788	0	auth_asym_id	H	L	T	protein	0.11	SPR	N.A.	N.A.
8szy	37675979	10.1080/19420862.2023.2253788	0	auth_asym_id	I	M	U	protein	0.11	SPR	N.A.	N.A.
8t03	37770716	10.1038/s41594-023-01110-8	0	auth_asym_id	C	D	A	protein	N.A.	N.A.	N.A.	N.A.
8t03	37770716	10.1038/s41594-023-01110-8	0	auth_asym_id	E	F	B	protein	N.A.	N.A.	N.A.	N.A.
8t04	37770716	10.1038/s41594-023-01110-8	0	auth_asym_id	C	D	A	protein	N.A.	N.A.	N.A.	N.A.
8t04	37770716	10.1038/s41594-023-01110-8	0	auth_asym_id	E	F	B	protein	N.A.	N.A.	N.A.	N.A.
8t06	37770716	10.1038/s41594-023-01110-8	0	auth_asym_id	C	D	A	protein	N.A.	N.A.	N.A.	N.A.
8t06	37770716	10.1038/s41594-023-01110-8	0	auth_asym_id	E	F	B	protein	N.A.	N.A.	N.A.	N.A.
8t07	37770716	10.1038/s41594-023-01110-8	0	auth_asym_id	C	D	A	protein	N.A.	N.A.	N.A.	N.A.
8t07	37770716	10.1038/s41594-023-01110-8	0	auth_asym_id	E	F	B	protein	N.A.	N.A.	N.A.	N.A.
8t4a	38753769	10.1126/science.adj8321	0	auth_asym_id	H	L	A	protein	0.038	SPR	N.A.	N.A.
8t4a	38753769	10.1126/science.adj8321	0	auth_asym_id	O	Q	E	protein	0.038	SPR	N.A.	N.A.
8t4a	38753769	10.1126/science.adj8321	0	auth_asym_id	P	R	F	protein	0.038	SPR	N.A.	N.A.
8t4a	38753769	10.1126/science.adj8321	0	auth_asym_id	C	D	A;B;I	protein;protein;protein	N.A.	N.A.	N.A.	N.A.
8t4a	38753769	10.1126/science.adj8321	0	auth_asym_id	J	M	E;B;G	protein;protein;protein	N.A.	N.A.	N.A.	N.A.
8t4a	38753769	10.1126/science.adj8321	0	auth_asym_id	K	N	F;G;I	protein;protein;protein	N.A.	N.A.	N.A.	N.A.
8t5c	38177144	10.1038/s41467-023-44534-y	0	auth_asym_id	E	I	B;b	protein;protein	N.A.	N.A.	N.A.	N.A.
8t5c	38177144	10.1038/s41467-023-44534-y	0	auth_asym_id	H	L	a	protein	N.A.	N.A.	N.A.	N.A.
8t5c	38177144	10.1038/s41467-023-44534-y	0	auth_asym_id	D	N.A.	A;B	protein;protein	N.A.	N.A.	N.A.	N.A.
8t7a	37737588	10.1128/jvi.00929-23	0	auth_asym_id	D	E	a	protein	4.2	SPR	N.A.	N.A.
8t7a	37737588	10.1128/jvi.00929-23	0	auth_asym_id	F	G	b	protein	4.2	SPR	N.A.	N.A.
8t7a	37737588	10.1128/jvi.00929-23	0	auth_asym_id	H	I	c	protein	4.2	SPR	N.A.	N.A.
8t7h	38632403	10.1038/s41586-024-07327-x	0	auth_asym_id	C	N.A.	A	protein	N.A.	N.A.	N.A.	N.A.
8t7h	38632403	10.1038/s41586-024-07327-x	0	auth_asym_id	D	N.A.	B	protein	N.A.	N.A.	N.A.	N.A.
8t8m	38632403	10.1038/s41586-024-07327-x	0	auth_asym_id	D	N.A.	A	protein	N.A.	N.A.	N.A.	N.A.
8t8m	38632403	10.1038/s41586-024-07327-x	0	auth_asym_id	C	N.A.	B	protein	N.A.	N.A.	N.A.	N.A.
8t9b	N.A.	N.A.	0	auth_asym_id	C	G	I;L	protein;protein	N.A.	N.A.	N.A.	N.A.
8t9b	N.A.	N.A.	0	auth_asym_id	D	E	I;L	protein;protein	N.A.	N.A.	N.A.	N.A.
8t9b	N.A.	N.A.	0	auth_asym_id	F	H	J	protein	N.A.	N.A.	N.A.	N.A.
8t9b	N.A.	N.A.	0	auth_asym_id	A	B	J;K	protein;protein	N.A.	N.A.	N.A.	N.A.
8t9z	38032197	10.1128/jvi.01052-23	0	auth_asym_id	H	L	A	protein	1.2	SPR	298	N.A.
8tao	38632403	10.1038/s41586-024-07327-x	0	auth_asym_id	D	N.A.	A	protein	N.A.	N.A.	N.A.	N.A.
8tao	38632403	10.1038/s41586-024-07327-x	0	auth_asym_id	C	N.A.	B	protein	N.A.	N.A.	N.A.	N.A.
8tbq	38575562	10.1038/s41467-024-47256-x	0	auth_asym_id	H	L	P	protein	N.A.	N.A.	N.A.	N.A.
8tbq	38575562	10.1038/s41467-024-47256-x	0	auth_asym_id	A	B	Q	protein	N.A.	N.A.	N.A.	N.A.
8tco	37967532	10.1016/j.immuni.2023.10.009	0	auth_asym_id	E	D	A;B	protein;protein	N.A.	N.A.	N.A.	N.A.
8tco	37967532	10.1016/j.immuni.2023.10.009	0	auth_asym_id	F	G	C	protein	N.A.	N.A.	N.A.	N.A.
8tea	37967532	10.1016/j.immuni.2023.10.009	0	auth_asym_id	H	G	C	protein	N.A.	N.A.	N.A.	N.A.
8tea	37967532	10.1016/j.immuni.2023.10.009	0	auth_asym_id	F	I	C;D	protein;protein	N.A.	N.A.	N.A.	N.A.
8tfh	37903428	10.1021/acs.biochem.3c00480	0	auth_asym_id	H	L	B	protein	0.25	ELISA	N.A.	N.A.
8tfl	37903428	10.1021/acs.biochem.3c00480	0	auth_asym_id	H	L	B	protein	1.1	ELISA	N.A.	N.A.
8tfn	38055824	10.1126/sciadv.adj6174	0	auth_asym_id	H	L	B	protein	1.8	SPR	N.A.	N.A.
8thn	38042487	10.1016/j.jbc.2023.105517	0	auth_asym_id	A	B	C	protein	N.A.	N.A.	N.A.	N.A.
8tlm	38040762	10.1038/s41467-023-43601-8	0	auth_asym_id	A	B	C	protein	0.0284	scatchard analysis	N.A.	N.A.
8tma	38082099	10.1038/s42003-023-05649-6	0	auth_asym_id	H	L	A	protein	36.89	SPR	N.A.	Geometric mean of two replicates
8tng	38704686	10.1002/advs.202309268	0	auth_asym_id	J	N.A.	A	protein	N.A.	N.A.	N.A.	N.A.
8tng	38704686	10.1002/advs.202309268	0	auth_asym_id	I	N.A.	C	protein	N.A.	N.A.	N.A.	N.A.
8tng	38704686	10.1002/advs.202309268	0	auth_asym_id	H	N.A.	E	protein	N.A.	N.A.	N.A.	N.A.
8tnh	38704686	10.1002/advs.202309268	0	auth_asym_id	J	N.A.	A	protein	N.A.	N.A.	N.A.	N.A.
8tnh	38704686	10.1002/advs.202309268	0	auth_asym_id	H	N.A.	C	protein	N.A.	N.A.	N.A.	N.A.
8tnh	38704686	10.1002/advs.202309268	0	auth_asym_id	I	N.A.	E	protein	N.A.	N.A.	N.A.	N.A.
8tnl	38802413	10.1038/s41467-024-48758-4	0	auth_asym_id	A	B	C	protein	N.A.	N.A.	N.A.	N.A.
8tnl	38802413	10.1038/s41467-024-48758-4	0	auth_asym_id	H	L	I	protein	N.A.	N.A.	N.A.	N.A.
8tnl	38802413	10.1038/s41467-024-48758-4	0	auth_asym_id	D	E	K	protein	N.A.	N.A.	N.A.	N.A.
8tnn	38479361	10.1016/j.immuni.2024.02.008	0	auth_asym_id	H	G	C	protein	0.15	BLI	303	Ab-gp42 KD = 0.54 nM
8tnn	38479361	10.1016/j.immuni.2024.02.008	0	auth_asym_id	J	I	F	protein	0.15	BLI	303	Ab-gp42 KD = 0.54 nM
8tnt	38479361	10.1016/j.immuni.2024.02.008	0	auth_asym_id	E	D	A;B	protein;protein	2.05	BLI	303	Ab-gH/gL KD = 1.16 nM
8tnt	38479361	10.1016/j.immuni.2024.02.008	0	auth_asym_id	G	F	C	protein	2.58	BLI	303	Ab-gp42 KD = 3.32 nM
8toa	38802413	10.1038/s41467-024-48758-4	0	auth_asym_id	H	L	C	protein	N.A.	N.A.	N.A.	N.A.
8toa	38802413	10.1038/s41467-024-48758-4	0	auth_asym_id	A	B	I	protein	N.A.	N.A.	N.A.	N.A.
8toa	38802413	10.1038/s41467-024-48758-4	0	auth_asym_id	D	E	K	protein	N.A.	N.A.	N.A.	N.A.
8too	38479361	10.1016/j.immuni.2024.02.008	0	auth_asym_id	B	A	I	protein	10.8	BLI	303	Ab-gH/gL/gp42 KD = 57.9 nM
8too	38479361	10.1016/j.immuni.2024.02.008	0	auth_asym_id	D	C	J	protein	10.8	BLI	303	Ab-gH/gL/gp42 KD = 57.9 nM
8too	38479361	10.1016/j.immuni.2024.02.008	0	auth_asym_id	G	F	K	protein	10.8	BLI	303	Ab-gH/gL/gp42 KD = 57.9 nM
8too	38479361	10.1016/j.immuni.2024.02.008	0	auth_asym_id	H	E	L	protein	10.8	BLI	303	Ab-gH/gL/gp42 KD = 57.9 nM
8tp2	38717904	10.1016/j.celrep.2024.114171	0	auth_asym_id	H	L	C	protein	N.A.	N.A.	N.A.	N.A.
8tp3	38717904	10.1016/j.celrep.2024.114171	0	auth_asym_id	H	L	C	protein	N.A.	N.A.	N.A.	N.A.
8tp4	38717904	10.1016/j.celrep.2024.114171	0	auth_asym_id	H	L	C	protein	N.A.	N.A.	N.A.	N.A.
8tp5	38717904	10.1016/j.celrep.2024.114171	0	auth_asym_id	H	L	A	protein	N.A.	N.A.	N.A.	N.A.
8tp5	38717904	10.1016/j.celrep.2024.114171	0	auth_asym_id	E	F	C	protein	N.A.	N.A.	N.A.	N.A.
8tp5	38717904	10.1016/j.celrep.2024.114171	0	auth_asym_id	J	K	G	protein	N.A.	N.A.	N.A.	N.A.
8tp6	38717904	10.1016/j.celrep.2024.114171	0	auth_asym_id	H	L	A	protein	N.A.	N.A.	N.A.	N.A.
8tp6	38717904	10.1016/j.celrep.2024.114171	0	auth_asym_id	C	D	B	protein	N.A.	N.A.	N.A.	N.A.
8tp6	38717904	10.1016/j.celrep.2024.114171	0	auth_asym_id	F	G	E	protein	N.A.	N.A.	N.A.	N.A.
8tp7	38717904	10.1016/j.celrep.2024.114171	0	auth_asym_id	E	G	A;B	protein;protein	N.A.	N.A.	N.A.	N.A.
8tp7	38717904	10.1016/j.celrep.2024.114171	0	auth_asym_id	D	F	A;C	protein;protein	N.A.	N.A.	N.A.	N.A.
8tp7	38717904	10.1016/j.celrep.2024.114171	0	auth_asym_id	H	L	B;C	protein;protein	N.A.	N.A.	N.A.	N.A.
8tp9	38717904	10.1016/j.celrep.2024.114171	0	auth_asym_id	H	L	A	protein	101	BLI	N.A.	N.A.
8tp9	38717904	10.1016/j.celrep.2024.114171	0	auth_asym_id	D	F	B	protein	101	BLI	N.A.	N.A.
8tp9	38717904	10.1016/j.celrep.2024.114171	0	auth_asym_id	E	G	C	protein	101	BLI	N.A.	N.A.
8tpa	38717904	10.1016/j.celrep.2024.114171	0	auth_asym_id	H	L	A	protein	0.297	BLI	N.A.	N.A.
8tpa	38717904	10.1016/j.celrep.2024.114171	0	auth_asym_id	D	E	C	protein	0.297	BLI	N.A.	N.A.
8tpa	38717904	10.1016/j.celrep.2024.114171	0	auth_asym_id	I	J	G	protein	0.297	BLI	N.A.	N.A.
8tq7	38456672	10.4049/jimmunol.2300839	0	auth_asym_id	H	L	A	protein	N.A.	N.A.	N.A.	N.A.
8tq7	38456672	10.4049/jimmunol.2300839	0	auth_asym_id	F	G	C	protein	N.A.	N.A.	N.A.	N.A.
8tq8	38456672	10.4049/jimmunol.2300839	0	auth_asym_id	H	L	A	protein	N.A.	N.A.	N.A.	N.A.
8tq8	38456672	10.4049/jimmunol.2300839	0	auth_asym_id	F	G	C	protein	N.A.	N.A.	N.A.	N.A.
8tqa	38456672	10.4049/jimmunol.2300839	0	auth_asym_id	H	L	A	protein	N.A.	N.A.	N.A.	N.A.
8tqi	38858594	10.1038/s41564-024-01722-w	0	auth_asym_id	I	J	A	protein	N.A.	N.A.	N.A.	N.A.
8tqi	38858594	10.1038/s41564-024-01722-w	0	auth_asym_id	E	F	B	protein	N.A.	N.A.	N.A.	N.A.
8tqi	38858594	10.1038/s41564-024-01722-w	0	auth_asym_id	C	D	A	protein	N.A.	N.A.	N.A.	N.A.
8tqi	38858594	10.1038/s41564-024-01722-w	0	auth_asym_id	H	L	B	protein	N.A.	N.A.	N.A.	N.A.
8tqk	38858594	10.1038/s41564-024-01722-w	0	auth_asym_id	H	L	A	protein	N.A.	N.A.	N.A.	N.A.
8tqk	38858594	10.1038/s41564-024-01722-w	0	auth_asym_id	D	E	B	protein	N.A.	N.A.	N.A.	N.A.
8tqk	38858594	10.1038/s41564-024-01722-w	0	auth_asym_id	F	G	C	protein	N.A.	N.A.	N.A.	N.A.
8trs	37945533	10.1002/pro.4824	0	auth_asym_id	A	G	D	protein	N.A.	N.A.	N.A.	N.A.
8trt	37945533	10.1002/pro.4824	0	auth_asym_id	B	C	D	protein	N.A.	N.A.	N.A.	N.A.
8trt	37945533	10.1002/pro.4824	0	auth_asym_id	A	G	E	protein	N.A.	N.A.	N.A.	N.A.
8ttw	37872202	10.1038/s41467-023-42500-2	0	auth_asym_id	M	N	A	protein	N.A.	N.A.	N.A.	N.A.
8ttw	37872202	10.1038/s41467-023-42500-2	0	auth_asym_id	O	P	E	protein	N.A.	N.A.	N.A.	N.A.
8ttw	37872202	10.1038/s41467-023-42500-2	0	auth_asym_id	Q	R	I	protein	N.A.	N.A.	N.A.	N.A.
8ttw	37872202	10.1038/s41467-023-42500-2	0	auth_asym_id	C	D	A;B	protein;protein	N.A.	N.A.	N.A.	N.A.
8ttw	37872202	10.1038/s41467-023-42500-2	0	auth_asym_id	G	H	E;F	protein;protein	N.A.	N.A.	N.A.	N.A.
8ttw	37872202	10.1038/s41467-023-42500-2	0	auth_asym_id	K	L	I;J	protein;protein	N.A.	N.A.	N.A.	N.A.
8tui	38185735	10.1038/s41598-023-50262-6	0	auth_asym_id	H	L	A	protein	2.8	BLI	298	KD = 3.5 nM by SPR
8tvh	38593070	10.1073/pnas.2314990121	0	auth_asym_id	F	D	A;B	protein;protein	1.3	BLI	303	N.A.
8tvh	38593070	10.1073/pnas.2314990121	0	auth_asym_id	G	E	B;C	protein;protein	1.3	BLI	303	N.A.
8tvh	38593070	10.1073/pnas.2314990121	0	auth_asym_id	I	H	C	protein	1.3	BLI	303	N.A.
8tw3	38117059	10.1128/mbio.02122-23	0	auth_asym_id	A	N.A.	F	protein	0.032	SPR	N.A.	N.A.
8tw3	38117059	10.1128/mbio.02122-23	0	auth_asym_id	Y	N.A.	X	protein	0.032	SPR	N.A.	N.A.
8tw3	38117059	10.1128/mbio.02122-23	0	auth_asym_id	B	N.A.	F	protein	<0.165	SPR	N.A.	N.A.
8tw3	38117059	10.1128/mbio.02122-23	0	auth_asym_id	Z	N.A.	X	protein	<0.165	SPR	N.A.	N.A.
8ty1	38849084	10.1016/j.jtha.2024.05.024	0	auth_asym_id	C	B	A	protein	N.A.	N.A.	N.A.	N.A.
8tzu	38709106	10.1128/jvi.00531-24	0	auth_asym_id	E	N.A.	A	protein	N.A.	N.A.	N.A.	N.A.
8tzu	38709106	10.1128/jvi.00531-24	0	auth_asym_id	D	N.A.	B	protein	N.A.	N.A.	N.A.	N.A.
8tzu	38709106	10.1128/jvi.00531-24	0	auth_asym_id	G	N.A.	A	protein	N.A.	N.A.	N.A.	N.A.
8tzu	38709106	10.1128/jvi.00531-24	0	auth_asym_id	C	N.A.	B	protein	N.A.	N.A.	N.A.	N.A.
8tzu	38709106	10.1128/jvi.00531-24	0	auth_asym_id	H	N.A.	F	protein	N.A.	N.A.	N.A.	N.A.
8u1c	38823390	10.1016/j.immuni.2024.05.002	0	auth_asym_id	H	L	A	protein	N.A.	N.A.	N.A.	N.A.
8u1d	38181743	10.1016/j.cell.2023.12.002	0	auth_asym_id	I	J	A	protein	N.A.	N.A.	N.A.	N.A.
8u1q	38823390	10.1016/j.immuni.2024.05.002	0	auth_asym_id	H	L	A	protein	N.A.	N.A.	N.A.	N.A.
8u1s	38823390	10.1016/j.immuni.2024.05.002	0	auth_asym_id	H	L	A	protein	N.A.	N.A.	N.A.	N.A.
8u1s	38823390	10.1016/j.immuni.2024.05.002	0	auth_asym_id	E	F	B	protein	N.A.	N.A.	N.A.	N.A.
8u1s	38823390	10.1016/j.immuni.2024.05.002	0	auth_asym_id	G	I	C	protein	N.A.	N.A.	N.A.	N.A.
8u1s	38823390	10.1016/j.immuni.2024.05.002	0	auth_asym_id	J	K	D	protein	N.A.	N.A.	N.A.	N.A.
8u2c	37973972	10.1038/s41592-023-02082-9	0	auth_asym_id	D	C	A;B	protein;protein	N.A.	N.A.	N.A.	N.A.
8u2c	37973972	10.1038/s41592-023-02082-9	0	auth_asym_id	F	E	A;B	protein;protein	N.A.	N.A.	N.A.	N.A.
8u4q	39313635	10.1038/s41594-024-01397-1	0	auth_asym_id	H	L	R	protein	N.A.	N.A.	N.A.	N.A.
8u4r	39313635	10.1038/s41594-024-01397-1	0	auth_asym_id	H	L	R	protein	N.A.	N.A.	N.A.	N.A.
8u4s	39313635	10.1038/s41594-024-01397-1	0	auth_asym_id	B	A	C	protein	N.A.	N.A.	N.A.	N.A.
8u4s	39313635	10.1038/s41594-024-01397-1	0	auth_asym_id	F	E	G	protein	N.A.	N.A.	N.A.	N.A.
8u4s	39313635	10.1038/s41594-024-01397-1	0	auth_asym_id	H	L	R	protein	N.A.	N.A.	N.A.	N.A.
8udg	38147556	10.1073/pnas.2316964120	0	auth_asym_id	H	L	A	protein	N.A.	N.A.	N.A.	N.A.
8udg	38147556	10.1073/pnas.2316964120	0	auth_asym_id	M	N	B	protein	N.A.	N.A.	N.A.	N.A.
8uf7	38437497	10.1182/blood.2023022942	0	auth_asym_id	B	A	C	protein	N.A.	N.A.	N.A.	N.A.
8uky	38582955	10.1038/s41418-024-01289-3	0	auth_asym_id	H	L	C	protein	10	SPR	298	N.A.
8uky	38582955	10.1038/s41418-024-01289-3	0	auth_asym_id	B	A	D	protein	10	SPR	298	N.A.
8uwa	38670113	10.1016/j.immuni.2024.03.022	0	auth_asym_id	H	G	A	protein	19.2	BLI	298	N.A.
8uwa	38670113	10.1016/j.immuni.2024.03.022	0	auth_asym_id	F	E	B	protein	19.2	BLI	298	N.A.
8uwa	38670113	10.1016/j.immuni.2024.03.022	0	auth_asym_id	U	D	C	protein	19.2	BLI	298	N.A.
8v52	38272035	10.1016/j.medj.2023.12.011	0	auth_asym_id	F	E	A	protein	3.2	SPR	298	N.A.
8v52	38272035	10.1016/j.medj.2023.12.011	0	auth_asym_id	D	C	B	protein	3.2	SPR	298	N.A.
8v7o	38810648	10.1016/j.str.2024.05.001	0	auth_asym_id	H	L	A	protein	N.A.	N.A.	N.A.	N.A.
8v7o	38810648	10.1016/j.str.2024.05.001	0	auth_asym_id	I	M	B	protein	N.A.	N.A.	N.A.	N.A.
8v7o	38810648	10.1016/j.str.2024.05.001	0	auth_asym_id	J	N	C	protein	N.A.	N.A.	N.A.	N.A.
8vrs	38374055	10.1186/s13048-024-01373-9	0	auth_asym_id	D	N.A.	A	protein	2	ITC	296	N.A.
8vrs	38374055	10.1186/s13048-024-01373-9	0	auth_asym_id	C	N.A.	B	protein	2	ITC	296	N.A.
8vyg	38467646	10.1038/s41467-024-46536-w	0	auth_asym_id	A	B	R	protein	N.A.	N.A.	N.A.	N.A.
8vzn	38693257	10.1038/s41586-024-07326-y	0	auth_asym_id	B	C	A	protein	N.A.	N.A.	N.A.	N.A.
8vzo	38693257	10.1038/s41586-024-07326-y	0	auth_asym_id	B	D	A	protein	N.A.	N.A.	N.A.	N.A.
8w0v	38518779	10.1016/j.immuni.2024.03.001	0	auth_asym_id	H	L	C	protein	N.A.	N.A.	N.A.	N.A.
8w0w	38518779	10.1016/j.immuni.2024.03.001	0	auth_asym_id	H	L	C	protein	N.A.	N.A.	N.A.	N.A.
8w0x	38518779	10.1016/j.immuni.2024.03.001	0	auth_asym_id	H	L	C	protein	N.A.	N.A.	N.A.	N.A.
8w0y	38518779	10.1016/j.immuni.2024.03.001	0	auth_asym_id	H	L	C	protein	N.A.	N.A.	N.A.	N.A.
8w0y	38518779	10.1016/j.immuni.2024.03.001	0	auth_asym_id	A	B	D	protein	N.A.	N.A.	N.A.	N.A.
8w9j	38386511	10.1093/intimm/dxae006	0	auth_asym_id	H	L	C	protein	70	SPR	298	N.A.
8w9j	38386511	10.1093/intimm/dxae006	0	auth_asym_id	B	A	D	protein	70	SPR	298	N.A.
8wc6	37963465	10.1016/j.cell.2023.10.014	0	auth_asym_id	N	N.A.	A;B	protein;protein	N.A.	N.A.	N.A.	N.A.
8wc6	37963465	10.1016/j.cell.2023.10.014	0	auth_asym_id	S	N.A.	A;B	protein;protein	N.A.	N.A.	N.A.	N.A.
8wdt	38171234	10.1016/j.bbrc.2023.149393	0	auth_asym_id	C	B	A	protein	N.A.	N.A.	N.A.	N.A.
8wej	38355798	10.1038/s41586-024-07056-1	0	auth_asym_id	H	L	B	protein	N.A.	N.A.	N.A.	N.A.
8wnp	40295651	10.1038/s44298-024-00024-6	0	auth_asym_id	B	A	E;F	protein;protein	N.A.	N.A.	N.A.	N.A.
8wnp	40295651	10.1038/s44298-024-00024-6	0	auth_asym_id	D	C	E;F	protein;protein	N.A.	N.A.	N.A.	N.A.
8wnu	40295651	10.1038/s44298-024-00024-6	0	auth_asym_id	B	A	E	protein	N.A.	N.A.	N.A.	N.A.
8wnu	40295651	10.1038/s44298-024-00024-6	0	auth_asym_id	D	C	F	protein	N.A.	N.A.	N.A.	N.A.
8wo4	40295651	10.1038/s44298-024-00024-6	0	auth_asym_id	D	C	E	protein	N.A.	N.A.	N.A.	N.A.
8wo4	40295651	10.1038/s44298-024-00024-6	0	auth_asym_id	B	A	F	protein	N.A.	N.A.	N.A.	N.A.
8wsq	N.A.	N.A.	0	auth_asym_id	A	B	F	protein	N.A.	N.A.	N.A.	N.A.
8x0t	37926311	10.1016/j.ijbiomac.2023.127846	0	auth_asym_id	H	L	A	protein	14.21	SPR	N.A.	N.A.
8x2l	38355798	10.1038/s41586-024-07056-1	0	auth_asym_id	H	L	B	protein	N.A.	N.A.	N.A.	N.A.
8xc4	38773072	10.1038/s41467-024-48601-w	0	auth_asym_id	E	F	A	protein	N.A.	N.A.	N.A.	N.A.
8xc4	38773072	10.1038/s41467-024-48601-w	0	auth_asym_id	C	D	B	protein	N.A.	N.A.	N.A.	N.A.
8xe9	N.A.	N.A.	0	auth_asym_id	A	B	C	protein	N.A.	N.A.	N.A.	N.A.
8xi6	38624232	10.1128/jvi.00416-24	0	auth_asym_id	D	E	A	protein	N.A.	N.A.	N.A.	N.A.
8xi6	38624232	10.1128/jvi.00416-24	0	auth_asym_id	F	G	B	protein	N.A.	N.A.	N.A.	N.A.
8xi6	38624232	10.1128/jvi.00416-24	0	auth_asym_id	H	I	C	protein	N.A.	N.A.	N.A.	N.A.
8y6h	38579618	10.1016/j.bbrc.2024.149855	0	auth_asym_id	C	B	A	protein	N.A.	N.A.	N.A.	N.A.
8y6i	38579618	10.1016/j.bbrc.2024.149855	0	auth_asym_id	C	B	A	protein	N.A.	N.A.	N.A.	N.A.
8yx1	38657446	10.1016/j.bbrc.2024.149969	0	auth_asym_id	A	B	C	protein	0.69	SPR	N.A.	N.A.
8yx1	38657446	10.1016/j.bbrc.2024.149969	0	auth_asym_id	H	L	R	protein	0.69	SPR	N.A.	N.A.
8yx9	38657446	10.1016/j.bbrc.2024.149969	0	auth_asym_id	H	L	A	protein	3.4	SPR	N.A.	N.A.
8yx9	38657446	10.1016/j.bbrc.2024.149969	0	auth_asym_id	E	F	D	protein	3.4	SPR	N.A.	N.A.
8yx9	38657446	10.1016/j.bbrc.2024.149969	0	auth_asym_id	B	C	J	protein	3.4	SPR	N.A.	N.A.
8yx9	38657446	10.1016/j.bbrc.2024.149969	0	auth_asym_id	G	I	K	protein	3.4	SPR	N.A.	N.A.
8zby	38805396	10.1016/j.celrep.2024.114265	0	auth_asym_id	H	D	A	protein	0.22	BLI	N.A.	N.A.
8zby	38805396	10.1016/j.celrep.2024.114265	0	auth_asym_id	G	E	B	protein	0.22	BLI	N.A.	N.A.
8zby	38805396	10.1016/j.celrep.2024.114265	0	auth_asym_id	I	F	C	protein	0.22	BLI	N.A.	N.A.
8zbz	38805396	10.1016/j.celrep.2024.114265	0	auth_asym_id	E	D	A	protein	0.059	BLI	N.A.	N.A.
8zbz	38805396	10.1016/j.celrep.2024.114265	0	auth_asym_id	Q	M	B	protein	0.059	BLI	N.A.	N.A.
8zbz	38805396	10.1016/j.celrep.2024.114265	0	auth_asym_id	R	N	B;C	protein;protein	0.059	BLI	N.A.	N.A.
8zc0	38805396	10.1016/j.celrep.2024.114265	0	auth_asym_id	H	G	A	protein	0.059	BLI	N.A.	N.A.
8zc0	38805396	10.1016/j.celrep.2024.114265	0	auth_asym_id	Q	M	B	protein	0.059	BLI	N.A.	N.A.
8zc0	38805396	10.1016/j.celrep.2024.114265	0	auth_asym_id	R	N	C	protein	0.059	BLI	N.A.	N.A.
8zc1	38805396	10.1016/j.celrep.2024.114265	0	auth_asym_id	E	C	B	protein	0.059	BLI	N.A.	N.A.
8zc4	38805396	10.1016/j.celrep.2024.114265	0	auth_asym_id	H	G	A	protein	2.96	BLI	N.A.	N.A.
8zc4	38805396	10.1016/j.celrep.2024.114265	0	auth_asym_id	Q	M	B	protein	2.96	BLI	N.A.	N.A.
8zc4	38805396	10.1016/j.celrep.2024.114265	0	auth_asym_id	R	N	C	protein	2.96	BLI	N.A.	N.A.
8zc5	38805396	10.1016/j.celrep.2024.114265	0	auth_asym_id	F	D	A	protein	2.96	BLI	N.A.	N.A.
8zc5	38805396	10.1016/j.celrep.2024.114265	0	auth_asym_id	E	C	B	protein	2.96	BLI	N.A.	N.A.
9axf	38632411	10.1038/s41586-024-07331-1	0	auth_asym_id	H	N.A.	A;B	protein;protein	N.A.	N.A.	N.A.	N.A.
9axf	38632411	10.1038/s41586-024-07331-1	0	auth_asym_id	N	N.A.	A;B	protein;protein	N.A.	N.A.	N.A.	N.A.
